timestamp,service_name,metric_name,metric_value,scenario
2026-10-01T08:00:00Z,api_gateway,api_latency_ms,66.61,normal
2026-10-01T08:00:00Z,api_gateway,error_rate_percent,0.13,normal
2026-10-01T08:00:00Z,api_gateway,request_count,258.1,normal
2026-10-01T08:00:00Z,api_gateway,cpu_percent,30.13,normal
2026-10-01T08:00:00Z,api_gateway,memory_percent,41.51,normal
2026-10-01T08:00:00Z,api_gateway,database_connections_percent,0.0,normal
2026-10-01T08:00:00Z,order_service,api_latency_ms,48.55,normal
2026-10-01T08:00:00Z,order_service,error_rate_percent,0.48,normal
2026-10-01T08:00:00Z,order_service,request_count,175.77,normal
2026-10-01T08:00:00Z,order_service,cpu_percent,35.95,normal
2026-10-01T08:00:00Z,order_service,memory_percent,48.84,normal
2026-10-01T08:00:00Z,order_service,database_connections_percent,34.18,normal
2026-10-01T08:00:00Z,payment_service,api_latency_ms,80.97,normal
2026-10-01T08:00:00Z,payment_service,error_rate_percent,0.0,normal
2026-10-01T08:00:00Z,payment_service,request_count,109.65,normal
2026-10-01T08:00:00Z,payment_service,cpu_percent,31.1,normal
2026-10-01T08:00:00Z,payment_service,memory_percent,45.57,normal
2026-10-01T08:00:00Z,payment_service,database_connections_percent,40.63,normal
2026-10-01T08:00:00Z,database,api_latency_ms,14.32,normal
2026-10-01T08:00:00Z,database,error_rate_percent,0.0,normal
2026-10-01T08:00:00Z,database,request_count,375.65,normal
2026-10-01T08:00:00Z,database,cpu_percent,39.55,normal
2026-10-01T08:00:00Z,database,memory_percent,60.2,normal
2026-10-01T08:00:00Z,database,database_connections_percent,35.29,normal
2026-10-01T08:01:00Z,api_gateway,api_latency_ms,63.23,normal
2026-10-01T08:01:00Z,api_gateway,error_rate_percent,0.26,normal
2026-10-01T08:01:00Z,api_gateway,request_count,235.61,normal
2026-10-01T08:01:00Z,api_gateway,cpu_percent,28.53,normal
2026-10-01T08:01:00Z,api_gateway,memory_percent,40.74,normal
2026-10-01T08:01:00Z,api_gateway,database_connections_percent,0.0,normal
2026-10-01T08:01:00Z,order_service,api_latency_ms,43.65,normal
2026-10-01T08:01:00Z,order_service,error_rate_percent,1.03,normal
2026-10-01T08:01:00Z,order_service,request_count,179.88,normal
2026-10-01T08:01:00Z,order_service,cpu_percent,33.15,normal
2026-10-01T08:01:00Z,order_service,memory_percent,52.06,normal
2026-10-01T08:01:00Z,order_service,database_connections_percent,32.86,normal
2026-10-01T08:01:00Z,payment_service,api_latency_ms,80.84,normal
2026-10-01T08:01:00Z,payment_service,error_rate_percent,0.0,normal
2026-10-01T08:01:00Z,payment_service,request_count,112.03,normal
2026-10-01T08:01:00Z,payment_service,cpu_percent,32.31,normal
2026-10-01T08:01:00Z,payment_service,memory_percent,49.77,normal
2026-10-01T08:01:00Z,payment_service,database_connections_percent,40.34,normal
2026-10-01T08:01:00Z,database,api_latency_ms,14.91,normal
2026-10-01T08:01:00Z,database,error_rate_percent,0.0,normal
2026-10-01T08:01:00Z,database,request_count,324.13,normal
2026-10-01T08:01:00Z,database,cpu_percent,38.56,normal
2026-10-01T08:01:00Z,database,memory_percent,58.62,normal
2026-10-01T08:01:00Z,database,database_connections_percent,40.01,normal
2026-10-01T08:02:00Z,api_gateway,api_latency_ms,66.12,normal
2026-10-01T08:02:00Z,api_gateway,error_rate_percent,0.0,normal
2026-10-01T08:02:00Z,api_gateway,request_count,254.05,normal
2026-10-01T08:02:00Z,api_gateway,cpu_percent,27.46,normal
2026-10-01T08:02:00Z,api_gateway,memory_percent,40.58,normal
2026-10-01T08:02:00Z,api_gateway,database_connections_percent,0.31,normal
2026-10-01T08:02:00Z,order_service,api_latency_ms,47.32,normal
2026-10-01T08:02:00Z,order_service,error_rate_percent,0.57,normal
2026-10-01T08:02:00Z,order_service,request_count,172.45,normal
2026-10-01T08:02:00Z,order_service,cpu_percent,34.46,normal
2026-10-01T08:02:00Z,order_service,memory_percent,50.83,normal
2026-10-01T08:02:00Z,order_service,database_connections_percent,36.71,normal
2026-10-01T08:02:00Z,payment_service,api_latency_ms,78.08,normal
2026-10-01T08:02:00Z,payment_service,error_rate_percent,0.21,normal
2026-10-01T08:02:00Z,payment_service,request_count,113.36,normal
2026-10-01T08:02:00Z,payment_service,cpu_percent,30.09,normal
2026-10-01T08:02:00Z,payment_service,memory_percent,49.95,normal
2026-10-01T08:02:00Z,payment_service,database_connections_percent,42.71,normal
2026-10-01T08:02:00Z,database,api_latency_ms,14.95,normal
2026-10-01T08:02:00Z,database,error_rate_percent,0.55,normal
2026-10-01T08:02:00Z,database,request_count,356.33,normal
2026-10-01T08:02:00Z,database,cpu_percent,38.71,normal
2026-10-01T08:02:00Z,database,memory_percent,61.08,normal
2026-10-01T08:02:00Z,database,database_connections_percent,40.92,normal
2026-10-01T08:03:00Z,api_gateway,api_latency_ms,64.88,normal
2026-10-01T08:03:00Z,api_gateway,error_rate_percent,0.98,normal
2026-10-01T08:03:00Z,api_gateway,request_count,217.25,normal
2026-10-01T08:03:00Z,api_gateway,cpu_percent,29.15,normal
2026-10-01T08:03:00Z,api_gateway,memory_percent,42.18,normal
2026-10-01T08:03:00Z,api_gateway,database_connections_percent,0.0,normal
2026-10-01T08:03:00Z,order_service,api_latency_ms,45.21,normal
2026-10-01T08:03:00Z,order_service,error_rate_percent,0.0,normal
2026-10-01T08:03:00Z,order_service,request_count,178.02,normal
2026-10-01T08:03:00Z,order_service,cpu_percent,35.62,normal
2026-10-01T08:03:00Z,order_service,memory_percent,53.69,normal
2026-10-01T08:03:00Z,order_service,database_connections_percent,34.09,normal
2026-10-01T08:03:00Z,payment_service,api_latency_ms,76.77,normal
2026-10-01T08:03:00Z,payment_service,error_rate_percent,0.05,normal
2026-10-01T08:03:00Z,payment_service,request_count,125.49,normal
2026-10-01T08:03:00Z,payment_service,cpu_percent,32.53,normal
2026-10-01T08:03:00Z,payment_service,memory_percent,46.73,normal
2026-10-01T08:03:00Z,payment_service,database_connections_percent,41.03,normal
2026-10-01T08:03:00Z,database,api_latency_ms,15.07,normal
2026-10-01T08:03:00Z,database,error_rate_percent,0.53,normal
2026-10-01T08:03:00Z,database,request_count,337.71,normal
2026-10-01T08:03:00Z,database,cpu_percent,39.34,normal
2026-10-01T08:03:00Z,database,memory_percent,58.82,normal
2026-10-01T08:03:00Z,database,database_connections_percent,35.22,normal
2026-10-01T08:04:00Z,api_gateway,api_latency_ms,65.96,normal
2026-10-01T08:04:00Z,api_gateway,error_rate_percent,0.33,normal
2026-10-01T08:04:00Z,api_gateway,request_count,250.06,normal
2026-10-01T08:04:00Z,api_gateway,cpu_percent,27.67,normal
2026-10-01T08:04:00Z,api_gateway,memory_percent,39.03,normal
2026-10-01T08:04:00Z,api_gateway,database_connections_percent,0.0,normal
2026-10-01T08:04:00Z,order_service,api_latency_ms,44.23,normal
2026-10-01T08:04:00Z,order_service,error_rate_percent,0.0,normal
2026-10-01T08:04:00Z,order_service,request_count,178.55,normal
2026-10-01T08:04:00Z,order_service,cpu_percent,35.71,normal
2026-10-01T08:04:00Z,order_service,memory_percent,54.72,normal
2026-10-01T08:04:00Z,order_service,database_connections_percent,35.31,normal
2026-10-01T08:04:00Z,payment_service,api_latency_ms,81.03,normal
2026-10-01T08:04:00Z,payment_service,error_rate_percent,0.26,normal
2026-10-01T08:04:00Z,payment_service,request_count,108.49,normal
2026-10-01T08:04:00Z,payment_service,cpu_percent,31.96,normal
2026-10-01T08:04:00Z,payment_service,memory_percent,48.14,normal
2026-10-01T08:04:00Z,payment_service,database_connections_percent,44.93,normal
2026-10-01T08:04:00Z,database,api_latency_ms,14.86,normal
2026-10-01T08:04:00Z,database,error_rate_percent,0.2,normal
2026-10-01T08:04:00Z,database,request_count,349.39,normal
2026-10-01T08:04:00Z,database,cpu_percent,37.66,normal
2026-10-01T08:04:00Z,database,memory_percent,63.43,normal
2026-10-01T08:04:00Z,database,database_connections_percent,39.43,normal
2026-10-01T08:05:00Z,api_gateway,api_latency_ms,67.57,normal
2026-10-01T08:05:00Z,api_gateway,error_rate_percent,0.0,normal
2026-10-01T08:05:00Z,api_gateway,request_count,267.53,normal
2026-10-01T08:05:00Z,api_gateway,cpu_percent,26.04,normal
2026-10-01T08:05:00Z,api_gateway,memory_percent,43.23,normal
2026-10-01T08:05:00Z,api_gateway,database_connections_percent,1.1,normal
2026-10-01T08:05:00Z,order_service,api_latency_ms,42.77,normal
2026-10-01T08:05:00Z,order_service,error_rate_percent,0.0,normal
2026-10-01T08:05:00Z,order_service,request_count,180.9,normal
2026-10-01T08:05:00Z,order_service,cpu_percent,34.12,normal
2026-10-01T08:05:00Z,order_service,memory_percent,46.12,normal
2026-10-01T08:05:00Z,order_service,database_connections_percent,35.12,normal
2026-10-01T08:05:00Z,payment_service,api_latency_ms,75.75,normal
2026-10-01T08:05:00Z,payment_service,error_rate_percent,0.54,normal
2026-10-01T08:05:00Z,payment_service,request_count,114.48,normal
2026-10-01T08:05:00Z,payment_service,cpu_percent,34.48,normal
2026-10-01T08:05:00Z,payment_service,memory_percent,46.12,normal
2026-10-01T08:05:00Z,payment_service,database_connections_percent,39.36,normal
2026-10-01T08:05:00Z,database,api_latency_ms,15.61,normal
2026-10-01T08:05:00Z,database,error_rate_percent,0.0,normal
2026-10-01T08:05:00Z,database,request_count,353.98,normal
2026-10-01T08:05:00Z,database,cpu_percent,42.61,normal
2026-10-01T08:05:00Z,database,memory_percent,55.18,normal
2026-10-01T08:05:00Z,database,database_connections_percent,38.35,normal
2026-10-01T08:06:00Z,api_gateway,api_latency_ms,65.84,normal
2026-10-01T08:06:00Z,api_gateway,error_rate_percent,0.59,normal
2026-10-01T08:06:00Z,api_gateway,request_count,234.54,normal
2026-10-01T08:06:00Z,api_gateway,cpu_percent,26.15,normal
2026-10-01T08:06:00Z,api_gateway,memory_percent,43.1,normal
2026-10-01T08:06:00Z,api_gateway,database_connections_percent,0.15,normal
2026-10-01T08:06:00Z,order_service,api_latency_ms,45.56,normal
2026-10-01T08:06:00Z,order_service,error_rate_percent,0.27,normal
2026-10-01T08:06:00Z,order_service,request_count,173.88,normal
2026-10-01T08:06:00Z,order_service,cpu_percent,35.41,normal
2026-10-01T08:06:00Z,order_service,memory_percent,50.73,normal
2026-10-01T08:06:00Z,order_service,database_connections_percent,33.75,normal
2026-10-01T08:06:00Z,payment_service,api_latency_ms,87.46,normal
2026-10-01T08:06:00Z,payment_service,error_rate_percent,0.54,normal
2026-10-01T08:06:00Z,payment_service,request_count,112.85,normal
2026-10-01T08:06:00Z,payment_service,cpu_percent,33.05,normal
2026-10-01T08:06:00Z,payment_service,memory_percent,45.66,normal
2026-10-01T08:06:00Z,payment_service,database_connections_percent,41.57,normal
2026-10-01T08:06:00Z,database,api_latency_ms,15.87,normal
2026-10-01T08:06:00Z,database,error_rate_percent,0.0,normal
2026-10-01T08:06:00Z,database,request_count,366.86,normal
2026-10-01T08:06:00Z,database,cpu_percent,40.83,normal
2026-10-01T08:06:00Z,database,memory_percent,62.47,normal
2026-10-01T08:06:00Z,database,database_connections_percent,41.6,normal
2026-10-01T08:07:00Z,api_gateway,api_latency_ms,64.2,normal
2026-10-01T08:07:00Z,api_gateway,error_rate_percent,0.0,normal
2026-10-01T08:07:00Z,api_gateway,request_count,238.88,normal
2026-10-01T08:07:00Z,api_gateway,cpu_percent,26.86,normal
2026-10-01T08:07:00Z,api_gateway,memory_percent,41.84,normal
2026-10-01T08:07:00Z,api_gateway,database_connections_percent,0.17,normal
2026-10-01T08:07:00Z,order_service,api_latency_ms,45.62,normal
2026-10-01T08:07:00Z,order_service,error_rate_percent,0.51,normal
2026-10-01T08:07:00Z,order_service,request_count,180.12,normal
2026-10-01T08:07:00Z,order_service,cpu_percent,37.54,normal
2026-10-01T08:07:00Z,order_service,memory_percent,49.34,normal
2026-10-01T08:07:00Z,order_service,database_connections_percent,39.76,normal
2026-10-01T08:07:00Z,payment_service,api_latency_ms,82.5,normal
2026-10-01T08:07:00Z,payment_service,error_rate_percent,0.0,normal
2026-10-01T08:07:00Z,payment_service,request_count,113.57,normal
2026-10-01T08:07:00Z,payment_service,cpu_percent,32.77,normal
2026-10-01T08:07:00Z,payment_service,memory_percent,47.46,normal
2026-10-01T08:07:00Z,payment_service,database_connections_percent,41.43,normal
2026-10-01T08:07:00Z,database,api_latency_ms,15.35,normal
2026-10-01T08:07:00Z,database,error_rate_percent,0.01,normal
2026-10-01T08:07:00Z,database,request_count,335.18,normal
2026-10-01T08:07:00Z,database,cpu_percent,36.97,normal
2026-10-01T08:07:00Z,database,memory_percent,58.66,normal
2026-10-01T08:07:00Z,database,database_connections_percent,39.63,normal
2026-10-01T08:08:00Z,api_gateway,api_latency_ms,65.7,normal
2026-10-01T08:08:00Z,api_gateway,error_rate_percent,0.0,normal
2026-10-01T08:08:00Z,api_gateway,request_count,252.16,normal
2026-10-01T08:08:00Z,api_gateway,cpu_percent,28.54,normal
2026-10-01T08:08:00Z,api_gateway,memory_percent,40.14,normal
2026-10-01T08:08:00Z,api_gateway,database_connections_percent,0.08,normal
2026-10-01T08:08:00Z,order_service,api_latency_ms,45.13,normal
2026-10-01T08:08:00Z,order_service,error_rate_percent,0.0,normal
2026-10-01T08:08:00Z,order_service,request_count,183.22,normal
2026-10-01T08:08:00Z,order_service,cpu_percent,35.98,normal
2026-10-01T08:08:00Z,order_service,memory_percent,52.71,normal
2026-10-01T08:08:00Z,order_service,database_connections_percent,36.84,normal
2026-10-01T08:08:00Z,payment_service,api_latency_ms,74.49,normal
2026-10-01T08:08:00Z,payment_service,error_rate_percent,0.0,normal
2026-10-01T08:08:00Z,payment_service,request_count,123.09,normal
2026-10-01T08:08:00Z,payment_service,cpu_percent,32.82,normal
2026-10-01T08:08:00Z,payment_service,memory_percent,49.24,normal
2026-10-01T08:08:00Z,payment_service,database_connections_percent,47.71,normal
2026-10-01T08:08:00Z,database,api_latency_ms,15.43,normal
2026-10-01T08:08:00Z,database,error_rate_percent,0.62,normal
2026-10-01T08:08:00Z,database,request_count,366.7,normal
2026-10-01T08:08:00Z,database,cpu_percent,41.3,normal
2026-10-01T08:08:00Z,database,memory_percent,59.05,normal
2026-10-01T08:08:00Z,database,database_connections_percent,39.44,normal
2026-10-01T08:09:00Z,api_gateway,api_latency_ms,62.49,normal
2026-10-01T08:09:00Z,api_gateway,error_rate_percent,0.08,normal
2026-10-01T08:09:00Z,api_gateway,request_count,243.93,normal
2026-10-01T08:09:00Z,api_gateway,cpu_percent,28.11,normal
2026-10-01T08:09:00Z,api_gateway,memory_percent,46.86,normal
2026-10-01T08:09:00Z,api_gateway,database_connections_percent,0.0,normal
2026-10-01T08:09:00Z,order_service,api_latency_ms,46.54,normal
2026-10-01T08:09:00Z,order_service,error_rate_percent,0.0,normal
2026-10-01T08:09:00Z,order_service,request_count,175.75,normal
2026-10-01T08:09:00Z,order_service,cpu_percent,36.91,normal
2026-10-01T08:09:00Z,order_service,memory_percent,50.16,normal
2026-10-01T08:09:00Z,order_service,database_connections_percent,33.11,normal
2026-10-01T08:09:00Z,payment_service,api_latency_ms,77.14,normal
2026-10-01T08:09:00Z,payment_service,error_rate_percent,0.64,normal
2026-10-01T08:09:00Z,payment_service,request_count,115.62,normal
2026-10-01T08:09:00Z,payment_service,cpu_percent,32.35,normal
2026-10-01T08:09:00Z,payment_service,memory_percent,48.11,normal
2026-10-01T08:09:00Z,payment_service,database_connections_percent,38.7,normal
2026-10-01T08:09:00Z,database,api_latency_ms,16.61,normal
2026-10-01T08:09:00Z,database,error_rate_percent,0.37,normal
2026-10-01T08:09:00Z,database,request_count,314.56,normal
2026-10-01T08:09:00Z,database,cpu_percent,40.37,normal
2026-10-01T08:09:00Z,database,memory_percent,58.01,normal
2026-10-01T08:09:00Z,database,database_connections_percent,39.62,normal
2026-10-01T08:10:00Z,api_gateway,api_latency_ms,62.42,normal
2026-10-01T08:10:00Z,api_gateway,error_rate_percent,0.14,normal
2026-10-01T08:10:00Z,api_gateway,request_count,256.31,normal
2026-10-01T08:10:00Z,api_gateway,cpu_percent,29.21,normal
2026-10-01T08:10:00Z,api_gateway,memory_percent,39.48,normal
2026-10-01T08:10:00Z,api_gateway,database_connections_percent,0.0,normal
2026-10-01T08:10:00Z,order_service,api_latency_ms,43.93,normal
2026-10-01T08:10:00Z,order_service,error_rate_percent,0.0,normal
2026-10-01T08:10:00Z,order_service,request_count,195.89,normal
2026-10-01T08:10:00Z,order_service,cpu_percent,35.71,normal
2026-10-01T08:10:00Z,order_service,memory_percent,46.85,normal
2026-10-01T08:10:00Z,order_service,database_connections_percent,36.61,normal
2026-10-01T08:10:00Z,payment_service,api_latency_ms,88.49,normal
2026-10-01T08:10:00Z,payment_service,error_rate_percent,0.82,normal
2026-10-01T08:10:00Z,payment_service,request_count,110.88,normal
2026-10-01T08:10:00Z,payment_service,cpu_percent,31.23,normal
2026-10-01T08:10:00Z,payment_service,memory_percent,51.04,normal
2026-10-01T08:10:00Z,payment_service,database_connections_percent,38.58,normal
2026-10-01T08:10:00Z,database,api_latency_ms,15.33,normal
2026-10-01T08:10:00Z,database,error_rate_percent,0.44,normal
2026-10-01T08:10:00Z,database,request_count,333.78,normal
2026-10-01T08:10:00Z,database,cpu_percent,39.88,normal
2026-10-01T08:10:00Z,database,memory_percent,50.28,normal
2026-10-01T08:10:00Z,database,database_connections_percent,36.05,normal
2026-10-01T08:11:00Z,api_gateway,api_latency_ms,64.18,normal
2026-10-01T08:11:00Z,api_gateway,error_rate_percent,0.0,normal
2026-10-01T08:11:00Z,api_gateway,request_count,270.41,normal
2026-10-01T08:11:00Z,api_gateway,cpu_percent,26.0,normal
2026-10-01T08:11:00Z,api_gateway,memory_percent,41.08,normal
2026-10-01T08:11:00Z,api_gateway,database_connections_percent,0.07,normal
2026-10-01T08:11:00Z,order_service,api_latency_ms,48.24,normal
2026-10-01T08:11:00Z,order_service,error_rate_percent,0.0,normal
2026-10-01T08:11:00Z,order_service,request_count,190.47,normal
2026-10-01T08:11:00Z,order_service,cpu_percent,35.02,normal
2026-10-01T08:11:00Z,order_service,memory_percent,47.55,normal
2026-10-01T08:11:00Z,order_service,database_connections_percent,35.81,normal
2026-10-01T08:11:00Z,payment_service,api_latency_ms,80.8,normal
2026-10-01T08:11:00Z,payment_service,error_rate_percent,0.0,normal
2026-10-01T08:11:00Z,payment_service,request_count,120.42,normal
2026-10-01T08:11:00Z,payment_service,cpu_percent,31.38,normal
2026-10-01T08:11:00Z,payment_service,memory_percent,48.27,normal
2026-10-01T08:11:00Z,payment_service,database_connections_percent,41.32,normal
2026-10-01T08:11:00Z,database,api_latency_ms,16.19,normal
2026-10-01T08:11:00Z,database,error_rate_percent,0.0,normal
2026-10-01T08:11:00Z,database,request_count,387.33,normal
2026-10-01T08:11:00Z,database,cpu_percent,36.1,normal
2026-10-01T08:11:00Z,database,memory_percent,59.54,normal
2026-10-01T08:11:00Z,database,database_connections_percent,39.12,normal
2026-10-01T08:12:00Z,api_gateway,api_latency_ms,65.91,normal
2026-10-01T08:12:00Z,api_gateway,error_rate_percent,0.0,normal
2026-10-01T08:12:00Z,api_gateway,request_count,247.4,normal
2026-10-01T08:12:00Z,api_gateway,cpu_percent,27.31,normal
2026-10-01T08:12:00Z,api_gateway,memory_percent,40.76,normal
2026-10-01T08:12:00Z,api_gateway,database_connections_percent,0.42,normal
2026-10-01T08:12:00Z,order_service,api_latency_ms,45.8,normal
2026-10-01T08:12:00Z,order_service,error_rate_percent,0.0,normal
2026-10-01T08:12:00Z,order_service,request_count,188.1,normal
2026-10-01T08:12:00Z,order_service,cpu_percent,35.54,normal
2026-10-01T08:12:00Z,order_service,memory_percent,52.03,normal
2026-10-01T08:12:00Z,order_service,database_connections_percent,36.1,normal
2026-10-01T08:12:00Z,payment_service,api_latency_ms,76.68,normal
2026-10-01T08:12:00Z,payment_service,error_rate_percent,0.02,normal
2026-10-01T08:12:00Z,payment_service,request_count,124.48,normal
2026-10-01T08:12:00Z,payment_service,cpu_percent,32.98,normal
2026-10-01T08:12:00Z,payment_service,memory_percent,47.95,normal
2026-10-01T08:12:00Z,payment_service,database_connections_percent,40.23,normal
2026-10-01T08:12:00Z,database,api_latency_ms,15.96,normal
2026-10-01T08:12:00Z,database,error_rate_percent,0.0,normal
2026-10-01T08:12:00Z,database,request_count,359.57,normal
2026-10-01T08:12:00Z,database,cpu_percent,39.6,normal
2026-10-01T08:12:00Z,database,memory_percent,59.35,normal
2026-10-01T08:12:00Z,database,database_connections_percent,40.09,normal
2026-10-01T08:13:00Z,api_gateway,api_latency_ms,67.68,normal
2026-10-01T08:13:00Z,api_gateway,error_rate_percent,0.61,normal
2026-10-01T08:13:00Z,api_gateway,request_count,266.32,normal
2026-10-01T08:13:00Z,api_gateway,cpu_percent,28.03,normal
2026-10-01T08:13:00Z,api_gateway,memory_percent,43.43,normal
2026-10-01T08:13:00Z,api_gateway,database_connections_percent,0.0,normal
2026-10-01T08:13:00Z,order_service,api_latency_ms,45.73,normal
2026-10-01T08:13:00Z,order_service,error_rate_percent,0.03,normal
2026-10-01T08:13:00Z,order_service,request_count,180.87,normal
2026-10-01T08:13:00Z,order_service,cpu_percent,36.04,normal
2026-10-01T08:13:00Z,order_service,memory_percent,47.95,normal
2026-10-01T08:13:00Z,order_service,database_connections_percent,38.66,normal
2026-10-01T08:13:00Z,payment_service,api_latency_ms,75.98,normal
2026-10-01T08:13:00Z,payment_service,error_rate_percent,0.0,normal
2026-10-01T08:13:00Z,payment_service,request_count,126.95,normal
2026-10-01T08:13:00Z,payment_service,cpu_percent,33.27,normal
2026-10-01T08:13:00Z,payment_service,memory_percent,49.5,normal
2026-10-01T08:13:00Z,payment_service,database_connections_percent,41.26,normal
2026-10-01T08:13:00Z,database,api_latency_ms,14.99,normal
2026-10-01T08:13:00Z,database,error_rate_percent,0.0,normal
2026-10-01T08:13:00Z,database,request_count,351.33,normal
2026-10-01T08:13:00Z,database,cpu_percent,38.65,normal
2026-10-01T08:13:00Z,database,memory_percent,62.93,normal
2026-10-01T08:13:00Z,database,database_connections_percent,37.72,normal
2026-10-01T08:14:00Z,api_gateway,api_latency_ms,62.32,normal
2026-10-01T08:14:00Z,api_gateway,error_rate_percent,0.04,normal
2026-10-01T08:14:00Z,api_gateway,request_count,255.16,normal
2026-10-01T08:14:00Z,api_gateway,cpu_percent,27.21,normal
2026-10-01T08:14:00Z,api_gateway,memory_percent,40.27,normal
2026-10-01T08:14:00Z,api_gateway,database_connections_percent,0.12,normal
2026-10-01T08:14:00Z,order_service,api_latency_ms,45.55,normal
2026-10-01T08:14:00Z,order_service,error_rate_percent,0.0,normal
2026-10-01T08:14:00Z,order_service,request_count,175.76,normal
2026-10-01T08:14:00Z,order_service,cpu_percent,35.41,normal
2026-10-01T08:14:00Z,order_service,memory_percent,46.38,normal
2026-10-01T08:14:00Z,order_service,database_connections_percent,32.54,normal
2026-10-01T08:14:00Z,payment_service,api_latency_ms,77.13,normal
2026-10-01T08:14:00Z,payment_service,error_rate_percent,0.19,normal
2026-10-01T08:14:00Z,payment_service,request_count,121.87,normal
2026-10-01T08:14:00Z,payment_service,cpu_percent,34.36,normal
2026-10-01T08:14:00Z,payment_service,memory_percent,50.06,normal
2026-10-01T08:14:00Z,payment_service,database_connections_percent,39.68,normal
2026-10-01T08:14:00Z,database,api_latency_ms,14.99,normal
2026-10-01T08:14:00Z,database,error_rate_percent,0.0,normal
2026-10-01T08:14:00Z,database,request_count,349.68,normal
2026-10-01T08:14:00Z,database,cpu_percent,39.42,normal
2026-10-01T08:14:00Z,database,memory_percent,60.97,normal
2026-10-01T08:14:00Z,database,database_connections_percent,36.43,normal
2026-10-01T08:15:00Z,api_gateway,api_latency_ms,66.69,normal
2026-10-01T08:15:00Z,api_gateway,error_rate_percent,0.97,normal
2026-10-01T08:15:00Z,api_gateway,request_count,248.64,normal
2026-10-01T08:15:00Z,api_gateway,cpu_percent,28.56,normal
2026-10-01T08:15:00Z,api_gateway,memory_percent,43.45,normal
2026-10-01T08:15:00Z,api_gateway,database_connections_percent,0.0,normal
2026-10-01T08:15:00Z,order_service,api_latency_ms,45.5,normal
2026-10-01T08:15:00Z,order_service,error_rate_percent,0.11,normal
2026-10-01T08:15:00Z,order_service,request_count,180.88,normal
2026-10-01T08:15:00Z,order_service,cpu_percent,33.65,normal
2026-10-01T08:15:00Z,order_service,memory_percent,50.06,normal
2026-10-01T08:15:00Z,order_service,database_connections_percent,35.87,normal
2026-10-01T08:15:00Z,payment_service,api_latency_ms,85.8,normal
2026-10-01T08:15:00Z,payment_service,error_rate_percent,0.78,normal
2026-10-01T08:15:00Z,payment_service,request_count,132.92,normal
2026-10-01T08:15:00Z,payment_service,cpu_percent,30.77,normal
2026-10-01T08:15:00Z,payment_service,memory_percent,50.09,normal
2026-10-01T08:15:00Z,payment_service,database_connections_percent,40.37,normal
2026-10-01T08:15:00Z,database,api_latency_ms,16.64,normal
2026-10-01T08:15:00Z,database,error_rate_percent,0.0,normal
2026-10-01T08:15:00Z,database,request_count,335.3,normal
2026-10-01T08:15:00Z,database,cpu_percent,38.8,normal
2026-10-01T08:15:00Z,database,memory_percent,53.63,normal
2026-10-01T08:15:00Z,database,database_connections_percent,37.0,normal
2026-10-01T08:16:00Z,api_gateway,api_latency_ms,62.53,normal
2026-10-01T08:16:00Z,api_gateway,error_rate_percent,0.28,normal
2026-10-01T08:16:00Z,api_gateway,request_count,254.27,normal
2026-10-01T08:16:00Z,api_gateway,cpu_percent,30.63,normal
2026-10-01T08:16:00Z,api_gateway,memory_percent,44.0,normal
2026-10-01T08:16:00Z,api_gateway,database_connections_percent,0.0,normal
2026-10-01T08:16:00Z,order_service,api_latency_ms,42.98,normal
2026-10-01T08:16:00Z,order_service,error_rate_percent,0.35,normal
2026-10-01T08:16:00Z,order_service,request_count,168.12,normal
2026-10-01T08:16:00Z,order_service,cpu_percent,38.21,normal
2026-10-01T08:16:00Z,order_service,memory_percent,52.95,normal
2026-10-01T08:16:00Z,order_service,database_connections_percent,34.18,normal
2026-10-01T08:16:00Z,payment_service,api_latency_ms,73.15,normal
2026-10-01T08:16:00Z,payment_service,error_rate_percent,0.98,normal
2026-10-01T08:16:00Z,payment_service,request_count,119.31,normal
2026-10-01T08:16:00Z,payment_service,cpu_percent,33.98,normal
2026-10-01T08:16:00Z,payment_service,memory_percent,44.17,normal
2026-10-01T08:16:00Z,payment_service,database_connections_percent,38.8,normal
2026-10-01T08:16:00Z,database,api_latency_ms,15.0,normal
2026-10-01T08:16:00Z,database,error_rate_percent,0.07,normal
2026-10-01T08:16:00Z,database,request_count,342.12,normal
2026-10-01T08:16:00Z,database,cpu_percent,41.25,normal
2026-10-01T08:16:00Z,database,memory_percent,56.8,normal
2026-10-01T08:16:00Z,database,database_connections_percent,37.73,normal
2026-10-01T08:17:00Z,api_gateway,api_latency_ms,65.39,normal
2026-10-01T08:17:00Z,api_gateway,error_rate_percent,0.46,normal
2026-10-01T08:17:00Z,api_gateway,request_count,258.9,normal
2026-10-01T08:17:00Z,api_gateway,cpu_percent,26.43,normal
2026-10-01T08:17:00Z,api_gateway,memory_percent,38.78,normal
2026-10-01T08:17:00Z,api_gateway,database_connections_percent,0.64,normal
2026-10-01T08:17:00Z,order_service,api_latency_ms,45.75,normal
2026-10-01T08:17:00Z,order_service,error_rate_percent,0.0,normal
2026-10-01T08:17:00Z,order_service,request_count,193.96,normal
2026-10-01T08:17:00Z,order_service,cpu_percent,35.2,normal
2026-10-01T08:17:00Z,order_service,memory_percent,52.95,normal
2026-10-01T08:17:00Z,order_service,database_connections_percent,35.12,normal
2026-10-01T08:17:00Z,payment_service,api_latency_ms,88.24,normal
2026-10-01T08:17:00Z,payment_service,error_rate_percent,1.18,normal
2026-10-01T08:17:00Z,payment_service,request_count,118.51,normal
2026-10-01T08:17:00Z,payment_service,cpu_percent,33.55,normal
2026-10-01T08:17:00Z,payment_service,memory_percent,49.55,normal
2026-10-01T08:17:00Z,payment_service,database_connections_percent,42.74,normal
2026-10-01T08:17:00Z,database,api_latency_ms,14.28,normal
2026-10-01T08:17:00Z,database,error_rate_percent,0.39,normal
2026-10-01T08:17:00Z,database,request_count,368.52,normal
2026-10-01T08:17:00Z,database,cpu_percent,36.48,normal
2026-10-01T08:17:00Z,database,memory_percent,56.45,normal
2026-10-01T08:17:00Z,database,database_connections_percent,34.13,normal
2026-10-01T08:18:00Z,api_gateway,api_latency_ms,64.12,normal
2026-10-01T08:18:00Z,api_gateway,error_rate_percent,0.56,normal
2026-10-01T08:18:00Z,api_gateway,request_count,268.78,normal
2026-10-01T08:18:00Z,api_gateway,cpu_percent,28.1,normal
2026-10-01T08:18:00Z,api_gateway,memory_percent,45.42,normal
2026-10-01T08:18:00Z,api_gateway,database_connections_percent,0.0,normal
2026-10-01T08:18:00Z,order_service,api_latency_ms,41.17,normal
2026-10-01T08:18:00Z,order_service,error_rate_percent,0.07,normal
2026-10-01T08:18:00Z,order_service,request_count,183.46,normal
2026-10-01T08:18:00Z,order_service,cpu_percent,34.94,normal
2026-10-01T08:18:00Z,order_service,memory_percent,44.83,normal
2026-10-01T08:18:00Z,order_service,database_connections_percent,34.84,normal
2026-10-01T08:18:00Z,payment_service,api_latency_ms,74.78,normal
2026-10-01T08:18:00Z,payment_service,error_rate_percent,0.63,normal
2026-10-01T08:18:00Z,payment_service,request_count,122.2,normal
2026-10-01T08:18:00Z,payment_service,cpu_percent,30.5,normal
2026-10-01T08:18:00Z,payment_service,memory_percent,46.77,normal
2026-10-01T08:18:00Z,payment_service,database_connections_percent,37.88,normal
2026-10-01T08:18:00Z,database,api_latency_ms,14.95,normal
2026-10-01T08:18:00Z,database,error_rate_percent,0.53,normal
2026-10-01T08:18:00Z,database,request_count,332.75,normal
2026-10-01T08:18:00Z,database,cpu_percent,41.01,normal
2026-10-01T08:18:00Z,database,memory_percent,58.41,normal
2026-10-01T08:18:00Z,database,database_connections_percent,36.49,normal
2026-10-01T08:19:00Z,api_gateway,api_latency_ms,64.65,normal
2026-10-01T08:19:00Z,api_gateway,error_rate_percent,0.0,normal
2026-10-01T08:19:00Z,api_gateway,request_count,243.08,normal
2026-10-01T08:19:00Z,api_gateway,cpu_percent,26.32,normal
2026-10-01T08:19:00Z,api_gateway,memory_percent,46.13,normal
2026-10-01T08:19:00Z,api_gateway,database_connections_percent,0.02,normal
2026-10-01T08:19:00Z,order_service,api_latency_ms,43.43,normal
2026-10-01T08:19:00Z,order_service,error_rate_percent,0.21,normal
2026-10-01T08:19:00Z,order_service,request_count,178.99,normal
2026-10-01T08:19:00Z,order_service,cpu_percent,34.61,normal
2026-10-01T08:19:00Z,order_service,memory_percent,51.54,normal
2026-10-01T08:19:00Z,order_service,database_connections_percent,36.33,normal
2026-10-01T08:19:00Z,payment_service,api_latency_ms,77.88,normal
2026-10-01T08:19:00Z,payment_service,error_rate_percent,0.01,normal
2026-10-01T08:19:00Z,payment_service,request_count,118.35,normal
2026-10-01T08:19:00Z,payment_service,cpu_percent,28.32,normal
2026-10-01T08:19:00Z,payment_service,memory_percent,44.36,normal
2026-10-01T08:19:00Z,payment_service,database_connections_percent,42.73,normal
2026-10-01T08:19:00Z,database,api_latency_ms,16.23,normal
2026-10-01T08:19:00Z,database,error_rate_percent,0.0,normal
2026-10-01T08:19:00Z,database,request_count,360.09,normal
2026-10-01T08:19:00Z,database,cpu_percent,40.62,normal
2026-10-01T08:19:00Z,database,memory_percent,69.24,normal
2026-10-01T08:19:00Z,database,database_connections_percent,40.13,normal
2026-10-01T08:20:00Z,api_gateway,api_latency_ms,64.58,normal
2026-10-01T08:20:00Z,api_gateway,error_rate_percent,0.0,normal
2026-10-01T08:20:00Z,api_gateway,request_count,229.92,normal
2026-10-01T08:20:00Z,api_gateway,cpu_percent,28.28,normal
2026-10-01T08:20:00Z,api_gateway,memory_percent,40.41,normal
2026-10-01T08:20:00Z,api_gateway,database_connections_percent,0.0,normal
2026-10-01T08:20:00Z,order_service,api_latency_ms,43.55,normal
2026-10-01T08:20:00Z,order_service,error_rate_percent,0.0,normal
2026-10-01T08:20:00Z,order_service,request_count,195.18,normal
2026-10-01T08:20:00Z,order_service,cpu_percent,36.54,normal
2026-10-01T08:20:00Z,order_service,memory_percent,49.98,normal
2026-10-01T08:20:00Z,order_service,database_connections_percent,37.59,normal
2026-10-01T08:20:00Z,payment_service,api_latency_ms,80.31,normal
2026-10-01T08:20:00Z,payment_service,error_rate_percent,0.0,normal
2026-10-01T08:20:00Z,payment_service,request_count,129.14,normal
2026-10-01T08:20:00Z,payment_service,cpu_percent,32.86,normal
2026-10-01T08:20:00Z,payment_service,memory_percent,45.51,normal
2026-10-01T08:20:00Z,payment_service,database_connections_percent,39.62,normal
2026-10-01T08:20:00Z,database,api_latency_ms,14.34,normal
2026-10-01T08:20:00Z,database,error_rate_percent,0.0,normal
2026-10-01T08:20:00Z,database,request_count,366.21,normal
2026-10-01T08:20:00Z,database,cpu_percent,43.82,normal
2026-10-01T08:20:00Z,database,memory_percent,55.8,normal
2026-10-01T08:20:00Z,database,database_connections_percent,39.07,normal
2026-10-01T08:21:00Z,api_gateway,api_latency_ms,62.89,normal
2026-10-01T08:21:00Z,api_gateway,error_rate_percent,0.0,normal
2026-10-01T08:21:00Z,api_gateway,request_count,242.6,normal
2026-10-01T08:21:00Z,api_gateway,cpu_percent,26.79,normal
2026-10-01T08:21:00Z,api_gateway,memory_percent,42.1,normal
2026-10-01T08:21:00Z,api_gateway,database_connections_percent,0.0,normal
2026-10-01T08:21:00Z,order_service,api_latency_ms,45.61,normal
2026-10-01T08:21:00Z,order_service,error_rate_percent,0.07,normal
2026-10-01T08:21:00Z,order_service,request_count,177.85,normal
2026-10-01T08:21:00Z,order_service,cpu_percent,33.41,normal
2026-10-01T08:21:00Z,order_service,memory_percent,48.56,normal
2026-10-01T08:21:00Z,order_service,database_connections_percent,36.32,normal
2026-10-01T08:21:00Z,payment_service,api_latency_ms,82.0,normal
2026-10-01T08:21:00Z,payment_service,error_rate_percent,0.0,normal
2026-10-01T08:21:00Z,payment_service,request_count,120.6,normal
2026-10-01T08:21:00Z,payment_service,cpu_percent,33.2,normal
2026-10-01T08:21:00Z,payment_service,memory_percent,43.99,normal
2026-10-01T08:21:00Z,payment_service,database_connections_percent,41.09,normal
2026-10-01T08:21:00Z,database,api_latency_ms,14.5,normal
2026-10-01T08:21:00Z,database,error_rate_percent,0.34,normal
2026-10-01T08:21:00Z,database,request_count,336.64,normal
2026-10-01T08:21:00Z,database,cpu_percent,36.39,normal
2026-10-01T08:21:00Z,database,memory_percent,55.12,normal
2026-10-01T08:21:00Z,database,database_connections_percent,38.09,normal
2026-10-01T08:22:00Z,api_gateway,api_latency_ms,65.84,normal
2026-10-01T08:22:00Z,api_gateway,error_rate_percent,0.0,normal
2026-10-01T08:22:00Z,api_gateway,request_count,257.98,normal
2026-10-01T08:22:00Z,api_gateway,cpu_percent,25.67,normal
2026-10-01T08:22:00Z,api_gateway,memory_percent,41.86,normal
2026-10-01T08:22:00Z,api_gateway,database_connections_percent,0.0,normal
2026-10-01T08:22:00Z,order_service,api_latency_ms,43.53,normal
2026-10-01T08:22:00Z,order_service,error_rate_percent,0.12,normal
2026-10-01T08:22:00Z,order_service,request_count,172.26,normal
2026-10-01T08:22:00Z,order_service,cpu_percent,34.33,normal
2026-10-01T08:22:00Z,order_service,memory_percent,52.52,normal
2026-10-01T08:22:00Z,order_service,database_connections_percent,33.99,normal
2026-10-01T08:22:00Z,payment_service,api_latency_ms,83.34,normal
2026-10-01T08:22:00Z,payment_service,error_rate_percent,0.0,normal
2026-10-01T08:22:00Z,payment_service,request_count,123.18,normal
2026-10-01T08:22:00Z,payment_service,cpu_percent,34.31,normal
2026-10-01T08:22:00Z,payment_service,memory_percent,42.07,normal
2026-10-01T08:22:00Z,payment_service,database_connections_percent,38.41,normal
2026-10-01T08:22:00Z,database,api_latency_ms,15.43,normal
2026-10-01T08:22:00Z,database,error_rate_percent,0.0,normal
2026-10-01T08:22:00Z,database,request_count,356.5,normal
2026-10-01T08:22:00Z,database,cpu_percent,38.79,normal
2026-10-01T08:22:00Z,database,memory_percent,60.26,normal
2026-10-01T08:22:00Z,database,database_connections_percent,37.7,normal
2026-10-01T08:23:00Z,api_gateway,api_latency_ms,68.8,normal
2026-10-01T08:23:00Z,api_gateway,error_rate_percent,0.33,normal
2026-10-01T08:23:00Z,api_gateway,request_count,254.22,normal
2026-10-01T08:23:00Z,api_gateway,cpu_percent,27.42,normal
2026-10-01T08:23:00Z,api_gateway,memory_percent,40.98,normal
2026-10-01T08:23:00Z,api_gateway,database_connections_percent,0.0,normal
2026-10-01T08:23:00Z,order_service,api_latency_ms,45.89,normal
2026-10-01T08:23:00Z,order_service,error_rate_percent,0.0,normal
2026-10-01T08:23:00Z,order_service,request_count,182.61,normal
2026-10-01T08:23:00Z,order_service,cpu_percent,38.63,normal
2026-10-01T08:23:00Z,order_service,memory_percent,52.18,normal
2026-10-01T08:23:00Z,order_service,database_connections_percent,34.43,normal
2026-10-01T08:23:00Z,payment_service,api_latency_ms,84.8,normal
2026-10-01T08:23:00Z,payment_service,error_rate_percent,0.1,normal
2026-10-01T08:23:00Z,payment_service,request_count,107.77,normal
2026-10-01T08:23:00Z,payment_service,cpu_percent,30.39,normal
2026-10-01T08:23:00Z,payment_service,memory_percent,43.51,normal
2026-10-01T08:23:00Z,payment_service,database_connections_percent,39.3,normal
2026-10-01T08:23:00Z,database,api_latency_ms,15.01,normal
2026-10-01T08:23:00Z,database,error_rate_percent,0.89,normal
2026-10-01T08:23:00Z,database,request_count,355.72,normal
2026-10-01T08:23:00Z,database,cpu_percent,39.56,normal
2026-10-01T08:23:00Z,database,memory_percent,62.49,normal
2026-10-01T08:23:00Z,database,database_connections_percent,33.8,normal
2026-10-01T08:24:00Z,api_gateway,api_latency_ms,65.77,normal
2026-10-01T08:24:00Z,api_gateway,error_rate_percent,0.59,normal
2026-10-01T08:24:00Z,api_gateway,request_count,231.52,normal
2026-10-01T08:24:00Z,api_gateway,cpu_percent,29.6,normal
2026-10-01T08:24:00Z,api_gateway,memory_percent,42.71,normal
2026-10-01T08:24:00Z,api_gateway,database_connections_percent,0.0,normal
2026-10-01T08:24:00Z,order_service,api_latency_ms,46.42,normal
2026-10-01T08:24:00Z,order_service,error_rate_percent,1.24,normal
2026-10-01T08:24:00Z,order_service,request_count,181.64,normal
2026-10-01T08:24:00Z,order_service,cpu_percent,35.43,normal
2026-10-01T08:24:00Z,order_service,memory_percent,48.85,normal
2026-10-01T08:24:00Z,order_service,database_connections_percent,33.51,normal
2026-10-01T08:24:00Z,payment_service,api_latency_ms,83.32,normal
2026-10-01T08:24:00Z,payment_service,error_rate_percent,0.0,normal
2026-10-01T08:24:00Z,payment_service,request_count,120.43,normal
2026-10-01T08:24:00Z,payment_service,cpu_percent,31.24,normal
2026-10-01T08:24:00Z,payment_service,memory_percent,49.15,normal
2026-10-01T08:24:00Z,payment_service,database_connections_percent,40.67,normal
2026-10-01T08:24:00Z,database,api_latency_ms,15.78,normal
2026-10-01T08:24:00Z,database,error_rate_percent,0.0,normal
2026-10-01T08:24:00Z,database,request_count,345.28,normal
2026-10-01T08:24:00Z,database,cpu_percent,38.04,normal
2026-10-01T08:24:00Z,database,memory_percent,58.67,normal
2026-10-01T08:24:00Z,database,database_connections_percent,38.72,normal
2026-10-01T08:25:00Z,api_gateway,api_latency_ms,67.46,normal
2026-10-01T08:25:00Z,api_gateway,error_rate_percent,0.0,normal
2026-10-01T08:25:00Z,api_gateway,request_count,260.87,normal
2026-10-01T08:25:00Z,api_gateway,cpu_percent,29.9,normal
2026-10-01T08:25:00Z,api_gateway,memory_percent,42.87,normal
2026-10-01T08:25:00Z,api_gateway,database_connections_percent,0.94,normal
2026-10-01T08:25:00Z,order_service,api_latency_ms,43.26,normal
2026-10-01T08:25:00Z,order_service,error_rate_percent,0.0,normal
2026-10-01T08:25:00Z,order_service,request_count,163.99,normal
2026-10-01T08:25:00Z,order_service,cpu_percent,37.62,normal
2026-10-01T08:25:00Z,order_service,memory_percent,51.64,normal
2026-10-01T08:25:00Z,order_service,database_connections_percent,34.9,normal
2026-10-01T08:25:00Z,payment_service,api_latency_ms,81.12,normal
2026-10-01T08:25:00Z,payment_service,error_rate_percent,0.0,normal
2026-10-01T08:25:00Z,payment_service,request_count,134.67,normal
2026-10-01T08:25:00Z,payment_service,cpu_percent,32.21,normal
2026-10-01T08:25:00Z,payment_service,memory_percent,48.26,normal
2026-10-01T08:25:00Z,payment_service,database_connections_percent,41.45,normal
2026-10-01T08:25:00Z,database,api_latency_ms,15.36,normal
2026-10-01T08:25:00Z,database,error_rate_percent,0.16,normal
2026-10-01T08:25:00Z,database,request_count,336.17,normal
2026-10-01T08:25:00Z,database,cpu_percent,40.94,normal
2026-10-01T08:25:00Z,database,memory_percent,65.65,normal
2026-10-01T08:25:00Z,database,database_connections_percent,40.56,normal
2026-10-01T08:26:00Z,api_gateway,api_latency_ms,70.18,normal
2026-10-01T08:26:00Z,api_gateway,error_rate_percent,0.0,normal
2026-10-01T08:26:00Z,api_gateway,request_count,237.63,normal
2026-10-01T08:26:00Z,api_gateway,cpu_percent,27.82,normal
2026-10-01T08:26:00Z,api_gateway,memory_percent,42.12,normal
2026-10-01T08:26:00Z,api_gateway,database_connections_percent,0.55,normal
2026-10-01T08:26:00Z,order_service,api_latency_ms,41.19,normal
2026-10-01T08:26:00Z,order_service,error_rate_percent,0.86,normal
2026-10-01T08:26:00Z,order_service,request_count,178.58,normal
2026-10-01T08:26:00Z,order_service,cpu_percent,34.25,normal
2026-10-01T08:26:00Z,order_service,memory_percent,47.47,normal
2026-10-01T08:26:00Z,order_service,database_connections_percent,32.1,normal
2026-10-01T08:26:00Z,payment_service,api_latency_ms,83.29,normal
2026-10-01T08:26:00Z,payment_service,error_rate_percent,0.34,normal
2026-10-01T08:26:00Z,payment_service,request_count,112.26,normal
2026-10-01T08:26:00Z,payment_service,cpu_percent,29.93,normal
2026-10-01T08:26:00Z,payment_service,memory_percent,47.19,normal
2026-10-01T08:26:00Z,payment_service,database_connections_percent,43.34,normal
2026-10-01T08:26:00Z,database,api_latency_ms,14.81,normal
2026-10-01T08:26:00Z,database,error_rate_percent,0.0,normal
2026-10-01T08:26:00Z,database,request_count,345.7,normal
2026-10-01T08:26:00Z,database,cpu_percent,39.45,normal
2026-10-01T08:26:00Z,database,memory_percent,51.91,normal
2026-10-01T08:26:00Z,database,database_connections_percent,37.9,normal
2026-10-01T08:27:00Z,api_gateway,api_latency_ms,64.25,normal
2026-10-01T08:27:00Z,api_gateway,error_rate_percent,0.55,normal
2026-10-01T08:27:00Z,api_gateway,request_count,273.11,normal
2026-10-01T08:27:00Z,api_gateway,cpu_percent,29.58,normal
2026-10-01T08:27:00Z,api_gateway,memory_percent,41.44,normal
2026-10-01T08:27:00Z,api_gateway,database_connections_percent,0.0,normal
2026-10-01T08:27:00Z,order_service,api_latency_ms,50.79,normal
2026-10-01T08:27:00Z,order_service,error_rate_percent,0.13,normal
2026-10-01T08:27:00Z,order_service,request_count,180.13,normal
2026-10-01T08:27:00Z,order_service,cpu_percent,34.96,normal
2026-10-01T08:27:00Z,order_service,memory_percent,50.5,normal
2026-10-01T08:27:00Z,order_service,database_connections_percent,34.75,normal
2026-10-01T08:27:00Z,payment_service,api_latency_ms,77.71,normal
2026-10-01T08:27:00Z,payment_service,error_rate_percent,0.03,normal
2026-10-01T08:27:00Z,payment_service,request_count,119.8,normal
2026-10-01T08:27:00Z,payment_service,cpu_percent,31.13,normal
2026-10-01T08:27:00Z,payment_service,memory_percent,46.29,normal
2026-10-01T08:27:00Z,payment_service,database_connections_percent,40.21,normal
2026-10-01T08:27:00Z,database,api_latency_ms,14.81,normal
2026-10-01T08:27:00Z,database,error_rate_percent,0.8,normal
2026-10-01T08:27:00Z,database,request_count,303.61,normal
2026-10-01T08:27:00Z,database,cpu_percent,42.18,normal
2026-10-01T08:27:00Z,database,memory_percent,63.74,normal
2026-10-01T08:27:00Z,database,database_connections_percent,34.06,normal
2026-10-01T08:28:00Z,api_gateway,api_latency_ms,63.89,normal
2026-10-01T08:28:00Z,api_gateway,error_rate_percent,0.01,normal
2026-10-01T08:28:00Z,api_gateway,request_count,232.41,normal
2026-10-01T08:28:00Z,api_gateway,cpu_percent,26.91,normal
2026-10-01T08:28:00Z,api_gateway,memory_percent,39.67,normal
2026-10-01T08:28:00Z,api_gateway,database_connections_percent,0.88,normal
2026-10-01T08:28:00Z,order_service,api_latency_ms,47.11,normal
2026-10-01T08:28:00Z,order_service,error_rate_percent,0.74,normal
2026-10-01T08:28:00Z,order_service,request_count,186.5,normal
2026-10-01T08:28:00Z,order_service,cpu_percent,33.02,normal
2026-10-01T08:28:00Z,order_service,memory_percent,48.69,normal
2026-10-01T08:28:00Z,order_service,database_connections_percent,35.86,normal
2026-10-01T08:28:00Z,payment_service,api_latency_ms,75.11,normal
2026-10-01T08:28:00Z,payment_service,error_rate_percent,0.66,normal
2026-10-01T08:28:00Z,payment_service,request_count,118.56,normal
2026-10-01T08:28:00Z,payment_service,cpu_percent,31.4,normal
2026-10-01T08:28:00Z,payment_service,memory_percent,49.71,normal
2026-10-01T08:28:00Z,payment_service,database_connections_percent,40.89,normal
2026-10-01T08:28:00Z,database,api_latency_ms,14.73,normal
2026-10-01T08:28:00Z,database,error_rate_percent,0.63,normal
2026-10-01T08:28:00Z,database,request_count,331.08,normal
2026-10-01T08:28:00Z,database,cpu_percent,41.23,normal
2026-10-01T08:28:00Z,database,memory_percent,61.78,normal
2026-10-01T08:28:00Z,database,database_connections_percent,37.41,normal
2026-10-01T08:29:00Z,api_gateway,api_latency_ms,66.06,normal
2026-10-01T08:29:00Z,api_gateway,error_rate_percent,0.0,normal
2026-10-01T08:29:00Z,api_gateway,request_count,261.55,normal
2026-10-01T08:29:00Z,api_gateway,cpu_percent,27.74,normal
2026-10-01T08:29:00Z,api_gateway,memory_percent,40.9,normal
2026-10-01T08:29:00Z,api_gateway,database_connections_percent,0.52,normal
2026-10-01T08:29:00Z,order_service,api_latency_ms,43.42,normal
2026-10-01T08:29:00Z,order_service,error_rate_percent,0.0,normal
2026-10-01T08:29:00Z,order_service,request_count,165.99,normal
2026-10-01T08:29:00Z,order_service,cpu_percent,36.06,normal
2026-10-01T08:29:00Z,order_service,memory_percent,46.8,normal
2026-10-01T08:29:00Z,order_service,database_connections_percent,38.07,normal
2026-10-01T08:29:00Z,payment_service,api_latency_ms,71.67,normal
2026-10-01T08:29:00Z,payment_service,error_rate_percent,1.15,normal
2026-10-01T08:29:00Z,payment_service,request_count,121.27,normal
2026-10-01T08:29:00Z,payment_service,cpu_percent,31.85,normal
2026-10-01T08:29:00Z,payment_service,memory_percent,46.69,normal
2026-10-01T08:29:00Z,payment_service,database_connections_percent,40.8,normal
2026-10-01T08:29:00Z,database,api_latency_ms,14.97,normal
2026-10-01T08:29:00Z,database,error_rate_percent,0.6,normal
2026-10-01T08:29:00Z,database,request_count,352.0,normal
2026-10-01T08:29:00Z,database,cpu_percent,40.3,normal
2026-10-01T08:29:00Z,database,memory_percent,58.91,normal
2026-10-01T08:29:00Z,database,database_connections_percent,37.89,normal
2026-10-01T08:30:00Z,api_gateway,api_latency_ms,66.0,normal
2026-10-01T08:30:00Z,api_gateway,error_rate_percent,0.0,normal
2026-10-01T08:30:00Z,api_gateway,request_count,233.15,normal
2026-10-01T08:30:00Z,api_gateway,cpu_percent,29.04,normal
2026-10-01T08:30:00Z,api_gateway,memory_percent,42.36,normal
2026-10-01T08:30:00Z,api_gateway,database_connections_percent,0.0,normal
2026-10-01T08:30:00Z,order_service,api_latency_ms,45.04,normal
2026-10-01T08:30:00Z,order_service,error_rate_percent,0.27,normal
2026-10-01T08:30:00Z,order_service,request_count,175.14,normal
2026-10-01T08:30:00Z,order_service,cpu_percent,33.64,normal
2026-10-01T08:30:00Z,order_service,memory_percent,50.49,normal
2026-10-01T08:30:00Z,order_service,database_connections_percent,33.29,normal
2026-10-01T08:30:00Z,payment_service,api_latency_ms,81.63,normal
2026-10-01T08:30:00Z,payment_service,error_rate_percent,0.0,normal
2026-10-01T08:30:00Z,payment_service,request_count,126.17,normal
2026-10-01T08:30:00Z,payment_service,cpu_percent,32.76,normal
2026-10-01T08:30:00Z,payment_service,memory_percent,48.61,normal
2026-10-01T08:30:00Z,payment_service,database_connections_percent,41.97,normal
2026-10-01T08:30:00Z,database,api_latency_ms,16.25,normal
2026-10-01T08:30:00Z,database,error_rate_percent,0.56,normal
2026-10-01T08:30:00Z,database,request_count,317.78,normal
2026-10-01T08:30:00Z,database,cpu_percent,37.44,normal
2026-10-01T08:30:00Z,database,memory_percent,58.13,normal
2026-10-01T08:30:00Z,database,database_connections_percent,38.05,normal
2026-10-01T08:31:00Z,api_gateway,api_latency_ms,66.68,normal
2026-10-01T08:31:00Z,api_gateway,error_rate_percent,0.0,normal
2026-10-01T08:31:00Z,api_gateway,request_count,252.33,normal
2026-10-01T08:31:00Z,api_gateway,cpu_percent,26.94,normal
2026-10-01T08:31:00Z,api_gateway,memory_percent,40.72,normal
2026-10-01T08:31:00Z,api_gateway,database_connections_percent,0.0,normal
2026-10-01T08:31:00Z,order_service,api_latency_ms,42.92,normal
2026-10-01T08:31:00Z,order_service,error_rate_percent,0.0,normal
2026-10-01T08:31:00Z,order_service,request_count,171.22,normal
2026-10-01T08:31:00Z,order_service,cpu_percent,36.84,normal
2026-10-01T08:31:00Z,order_service,memory_percent,47.63,normal
2026-10-01T08:31:00Z,order_service,database_connections_percent,39.61,normal
2026-10-01T08:31:00Z,payment_service,api_latency_ms,81.97,normal
2026-10-01T08:31:00Z,payment_service,error_rate_percent,0.39,normal
2026-10-01T08:31:00Z,payment_service,request_count,114.85,normal
2026-10-01T08:31:00Z,payment_service,cpu_percent,33.12,normal
2026-10-01T08:31:00Z,payment_service,memory_percent,46.62,normal
2026-10-01T08:31:00Z,payment_service,database_connections_percent,40.24,normal
2026-10-01T08:31:00Z,database,api_latency_ms,16.92,normal
2026-10-01T08:31:00Z,database,error_rate_percent,0.0,normal
2026-10-01T08:31:00Z,database,request_count,370.11,normal
2026-10-01T08:31:00Z,database,cpu_percent,38.59,normal
2026-10-01T08:31:00Z,database,memory_percent,59.9,normal
2026-10-01T08:31:00Z,database,database_connections_percent,41.36,normal
2026-10-01T08:32:00Z,api_gateway,api_latency_ms,62.96,normal
2026-10-01T08:32:00Z,api_gateway,error_rate_percent,1.11,normal
2026-10-01T08:32:00Z,api_gateway,request_count,258.85,normal
2026-10-01T08:32:00Z,api_gateway,cpu_percent,27.21,normal
2026-10-01T08:32:00Z,api_gateway,memory_percent,43.33,normal
2026-10-01T08:32:00Z,api_gateway,database_connections_percent,0.49,normal
2026-10-01T08:32:00Z,order_service,api_latency_ms,46.4,normal
2026-10-01T08:32:00Z,order_service,error_rate_percent,0.0,normal
2026-10-01T08:32:00Z,order_service,request_count,173.46,normal
2026-10-01T08:32:00Z,order_service,cpu_percent,34.57,normal
2026-10-01T08:32:00Z,order_service,memory_percent,49.81,normal
2026-10-01T08:32:00Z,order_service,database_connections_percent,36.09,normal
2026-10-01T08:32:00Z,payment_service,api_latency_ms,80.71,normal
2026-10-01T08:32:00Z,payment_service,error_rate_percent,0.0,normal
2026-10-01T08:32:00Z,payment_service,request_count,122.28,normal
2026-10-01T08:32:00Z,payment_service,cpu_percent,32.98,normal
2026-10-01T08:32:00Z,payment_service,memory_percent,49.34,normal
2026-10-01T08:32:00Z,payment_service,database_connections_percent,42.16,normal
2026-10-01T08:32:00Z,database,api_latency_ms,15.63,normal
2026-10-01T08:32:00Z,database,error_rate_percent,0.28,normal
2026-10-01T08:32:00Z,database,request_count,348.77,normal
2026-10-01T08:32:00Z,database,cpu_percent,36.68,normal
2026-10-01T08:32:00Z,database,memory_percent,61.29,normal
2026-10-01T08:32:00Z,database,database_connections_percent,38.39,normal
2026-10-01T08:33:00Z,api_gateway,api_latency_ms,65.88,normal
2026-10-01T08:33:00Z,api_gateway,error_rate_percent,0.0,normal
2026-10-01T08:33:00Z,api_gateway,request_count,236.49,normal
2026-10-01T08:33:00Z,api_gateway,cpu_percent,29.47,normal
2026-10-01T08:33:00Z,api_gateway,memory_percent,41.92,normal
2026-10-01T08:33:00Z,api_gateway,database_connections_percent,0.34,normal
2026-10-01T08:33:00Z,order_service,api_latency_ms,45.06,normal
2026-10-01T08:33:00Z,order_service,error_rate_percent,0.11,normal
2026-10-01T08:33:00Z,order_service,request_count,188.44,normal
2026-10-01T08:33:00Z,order_service,cpu_percent,34.1,normal
2026-10-01T08:33:00Z,order_service,memory_percent,50.24,normal
2026-10-01T08:33:00Z,order_service,database_connections_percent,34.19,normal
2026-10-01T08:33:00Z,payment_service,api_latency_ms,78.26,normal
2026-10-01T08:33:00Z,payment_service,error_rate_percent,0.15,normal
2026-10-01T08:33:00Z,payment_service,request_count,121.33,normal
2026-10-01T08:33:00Z,payment_service,cpu_percent,31.23,normal
2026-10-01T08:33:00Z,payment_service,memory_percent,51.01,normal
2026-10-01T08:33:00Z,payment_service,database_connections_percent,38.21,normal
2026-10-01T08:33:00Z,database,api_latency_ms,14.86,normal
2026-10-01T08:33:00Z,database,error_rate_percent,0.0,normal
2026-10-01T08:33:00Z,database,request_count,375.32,normal
2026-10-01T08:33:00Z,database,cpu_percent,40.39,normal
2026-10-01T08:33:00Z,database,memory_percent,63.1,normal
2026-10-01T08:33:00Z,database,database_connections_percent,35.18,normal
2026-10-01T08:34:00Z,api_gateway,api_latency_ms,65.87,normal
2026-10-01T08:34:00Z,api_gateway,error_rate_percent,0.64,normal
2026-10-01T08:34:00Z,api_gateway,request_count,251.03,normal
2026-10-01T08:34:00Z,api_gateway,cpu_percent,29.49,normal
2026-10-01T08:34:00Z,api_gateway,memory_percent,40.91,normal
2026-10-01T08:34:00Z,api_gateway,database_connections_percent,0.7,normal
2026-10-01T08:34:00Z,order_service,api_latency_ms,50.17,normal
2026-10-01T08:34:00Z,order_service,error_rate_percent,0.0,normal
2026-10-01T08:34:00Z,order_service,request_count,175.99,normal
2026-10-01T08:34:00Z,order_service,cpu_percent,37.54,normal
2026-10-01T08:34:00Z,order_service,memory_percent,53.95,normal
2026-10-01T08:34:00Z,order_service,database_connections_percent,34.08,normal
2026-10-01T08:34:00Z,payment_service,api_latency_ms,78.32,normal
2026-10-01T08:34:00Z,payment_service,error_rate_percent,0.16,normal
2026-10-01T08:34:00Z,payment_service,request_count,111.93,normal
2026-10-01T08:34:00Z,payment_service,cpu_percent,30.53,normal
2026-10-01T08:34:00Z,payment_service,memory_percent,45.59,normal
2026-10-01T08:34:00Z,payment_service,database_connections_percent,38.46,normal
2026-10-01T08:34:00Z,database,api_latency_ms,14.97,normal
2026-10-01T08:34:00Z,database,error_rate_percent,0.17,normal
2026-10-01T08:34:00Z,database,request_count,377.13,normal
2026-10-01T08:34:00Z,database,cpu_percent,38.0,normal
2026-10-01T08:34:00Z,database,memory_percent,62.95,normal
2026-10-01T08:34:00Z,database,database_connections_percent,37.59,normal
2026-10-01T08:35:00Z,api_gateway,api_latency_ms,64.84,normal
2026-10-01T08:35:00Z,api_gateway,error_rate_percent,0.54,normal
2026-10-01T08:35:00Z,api_gateway,request_count,235.97,normal
2026-10-01T08:35:00Z,api_gateway,cpu_percent,28.54,normal
2026-10-01T08:35:00Z,api_gateway,memory_percent,42.35,normal
2026-10-01T08:35:00Z,api_gateway,database_connections_percent,0.25,normal
2026-10-01T08:35:00Z,order_service,api_latency_ms,45.65,normal
2026-10-01T08:35:00Z,order_service,error_rate_percent,1.33,normal
2026-10-01T08:35:00Z,order_service,request_count,174.26,normal
2026-10-01T08:35:00Z,order_service,cpu_percent,34.07,normal
2026-10-01T08:35:00Z,order_service,memory_percent,48.44,normal
2026-10-01T08:35:00Z,order_service,database_connections_percent,34.03,normal
2026-10-01T08:35:00Z,payment_service,api_latency_ms,77.45,normal
2026-10-01T08:35:00Z,payment_service,error_rate_percent,0.89,normal
2026-10-01T08:35:00Z,payment_service,request_count,128.52,normal
2026-10-01T08:35:00Z,payment_service,cpu_percent,31.09,normal
2026-10-01T08:35:00Z,payment_service,memory_percent,46.0,normal
2026-10-01T08:35:00Z,payment_service,database_connections_percent,40.94,normal
2026-10-01T08:35:00Z,database,api_latency_ms,14.59,normal
2026-10-01T08:35:00Z,database,error_rate_percent,0.37,normal
2026-10-01T08:35:00Z,database,request_count,353.55,normal
2026-10-01T08:35:00Z,database,cpu_percent,36.97,normal
2026-10-01T08:35:00Z,database,memory_percent,64.64,normal
2026-10-01T08:35:00Z,database,database_connections_percent,41.41,normal
2026-10-01T08:36:00Z,api_gateway,api_latency_ms,63.01,normal
2026-10-01T08:36:00Z,api_gateway,error_rate_percent,0.01,normal
2026-10-01T08:36:00Z,api_gateway,request_count,253.57,normal
2026-10-01T08:36:00Z,api_gateway,cpu_percent,28.47,normal
2026-10-01T08:36:00Z,api_gateway,memory_percent,43.38,normal
2026-10-01T08:36:00Z,api_gateway,database_connections_percent,1.01,normal
2026-10-01T08:36:00Z,order_service,api_latency_ms,44.6,normal
2026-10-01T08:36:00Z,order_service,error_rate_percent,0.0,normal
2026-10-01T08:36:00Z,order_service,request_count,167.59,normal
2026-10-01T08:36:00Z,order_service,cpu_percent,33.72,normal
2026-10-01T08:36:00Z,order_service,memory_percent,49.92,normal
2026-10-01T08:36:00Z,order_service,database_connections_percent,38.14,normal
2026-10-01T08:36:00Z,payment_service,api_latency_ms,77.93,normal
2026-10-01T08:36:00Z,payment_service,error_rate_percent,0.41,normal
2026-10-01T08:36:00Z,payment_service,request_count,119.9,normal
2026-10-01T08:36:00Z,payment_service,cpu_percent,33.9,normal
2026-10-01T08:36:00Z,payment_service,memory_percent,54.06,normal
2026-10-01T08:36:00Z,payment_service,database_connections_percent,38.94,normal
2026-10-01T08:36:00Z,database,api_latency_ms,14.63,normal
2026-10-01T08:36:00Z,database,error_rate_percent,0.57,normal
2026-10-01T08:36:00Z,database,request_count,361.93,normal
2026-10-01T08:36:00Z,database,cpu_percent,43.69,normal
2026-10-01T08:36:00Z,database,memory_percent,61.75,normal
2026-10-01T08:36:00Z,database,database_connections_percent,37.32,normal
2026-10-01T08:37:00Z,api_gateway,api_latency_ms,66.92,normal
2026-10-01T08:37:00Z,api_gateway,error_rate_percent,0.75,normal
2026-10-01T08:37:00Z,api_gateway,request_count,260.26,normal
2026-10-01T08:37:00Z,api_gateway,cpu_percent,28.71,normal
2026-10-01T08:37:00Z,api_gateway,memory_percent,44.24,normal
2026-10-01T08:37:00Z,api_gateway,database_connections_percent,0.58,normal
2026-10-01T08:37:00Z,order_service,api_latency_ms,48.11,normal
2026-10-01T08:37:00Z,order_service,error_rate_percent,0.42,normal
2026-10-01T08:37:00Z,order_service,request_count,178.5,normal
2026-10-01T08:37:00Z,order_service,cpu_percent,35.26,normal
2026-10-01T08:37:00Z,order_service,memory_percent,53.02,normal
2026-10-01T08:37:00Z,order_service,database_connections_percent,33.57,normal
2026-10-01T08:37:00Z,payment_service,api_latency_ms,81.47,normal
2026-10-01T08:37:00Z,payment_service,error_rate_percent,0.1,normal
2026-10-01T08:37:00Z,payment_service,request_count,120.17,normal
2026-10-01T08:37:00Z,payment_service,cpu_percent,34.05,normal
2026-10-01T08:37:00Z,payment_service,memory_percent,48.46,normal
2026-10-01T08:37:00Z,payment_service,database_connections_percent,40.09,normal
2026-10-01T08:37:00Z,database,api_latency_ms,13.98,normal
2026-10-01T08:37:00Z,database,error_rate_percent,0.42,normal
2026-10-01T08:37:00Z,database,request_count,361.3,normal
2026-10-01T08:37:00Z,database,cpu_percent,44.33,normal
2026-10-01T08:37:00Z,database,memory_percent,59.08,normal
2026-10-01T08:37:00Z,database,database_connections_percent,38.42,normal
2026-10-01T08:38:00Z,api_gateway,api_latency_ms,65.81,normal
2026-10-01T08:38:00Z,api_gateway,error_rate_percent,0.99,normal
2026-10-01T08:38:00Z,api_gateway,request_count,248.81,normal
2026-10-01T08:38:00Z,api_gateway,cpu_percent,28.39,normal
2026-10-01T08:38:00Z,api_gateway,memory_percent,43.28,normal
2026-10-01T08:38:00Z,api_gateway,database_connections_percent,0.09,normal
2026-10-01T08:38:00Z,order_service,api_latency_ms,44.0,normal
2026-10-01T08:38:00Z,order_service,error_rate_percent,0.2,normal
2026-10-01T08:38:00Z,order_service,request_count,189.66,normal
2026-10-01T08:38:00Z,order_service,cpu_percent,33.2,normal
2026-10-01T08:38:00Z,order_service,memory_percent,50.33,normal
2026-10-01T08:38:00Z,order_service,database_connections_percent,33.77,normal
2026-10-01T08:38:00Z,payment_service,api_latency_ms,84.78,normal
2026-10-01T08:38:00Z,payment_service,error_rate_percent,0.0,normal
2026-10-01T08:38:00Z,payment_service,request_count,116.65,normal
2026-10-01T08:38:00Z,payment_service,cpu_percent,32.6,normal
2026-10-01T08:38:00Z,payment_service,memory_percent,51.76,normal
2026-10-01T08:38:00Z,payment_service,database_connections_percent,39.87,normal
2026-10-01T08:38:00Z,database,api_latency_ms,14.58,normal
2026-10-01T08:38:00Z,database,error_rate_percent,0.99,normal
2026-10-01T08:38:00Z,database,request_count,324.66,normal
2026-10-01T08:38:00Z,database,cpu_percent,35.6,normal
2026-10-01T08:38:00Z,database,memory_percent,61.32,normal
2026-10-01T08:38:00Z,database,database_connections_percent,37.05,normal
2026-10-01T08:39:00Z,api_gateway,api_latency_ms,61.68,normal
2026-10-01T08:39:00Z,api_gateway,error_rate_percent,0.55,normal
2026-10-01T08:39:00Z,api_gateway,request_count,253.05,normal
2026-10-01T08:39:00Z,api_gateway,cpu_percent,27.21,normal
2026-10-01T08:39:00Z,api_gateway,memory_percent,39.31,normal
2026-10-01T08:39:00Z,api_gateway,database_connections_percent,0.44,normal
2026-10-01T08:39:00Z,order_service,api_latency_ms,46.46,normal
2026-10-01T08:39:00Z,order_service,error_rate_percent,0.05,normal
2026-10-01T08:39:00Z,order_service,request_count,196.62,normal
2026-10-01T08:39:00Z,order_service,cpu_percent,33.13,normal
2026-10-01T08:39:00Z,order_service,memory_percent,46.19,normal
2026-10-01T08:39:00Z,order_service,database_connections_percent,33.79,normal
2026-10-01T08:39:00Z,payment_service,api_latency_ms,79.82,normal
2026-10-01T08:39:00Z,payment_service,error_rate_percent,0.42,normal
2026-10-01T08:39:00Z,payment_service,request_count,118.55,normal
2026-10-01T08:39:00Z,payment_service,cpu_percent,32.56,normal
2026-10-01T08:39:00Z,payment_service,memory_percent,45.0,normal
2026-10-01T08:39:00Z,payment_service,database_connections_percent,42.89,normal
2026-10-01T08:39:00Z,database,api_latency_ms,14.94,normal
2026-10-01T08:39:00Z,database,error_rate_percent,0.61,normal
2026-10-01T08:39:00Z,database,request_count,356.0,normal
2026-10-01T08:39:00Z,database,cpu_percent,40.91,normal
2026-10-01T08:39:00Z,database,memory_percent,61.71,normal
2026-10-01T08:39:00Z,database,database_connections_percent,38.85,normal
2026-10-01T08:40:00Z,api_gateway,api_latency_ms,67.09,normal
2026-10-01T08:40:00Z,api_gateway,error_rate_percent,0.86,normal
2026-10-01T08:40:00Z,api_gateway,request_count,252.46,normal
2026-10-01T08:40:00Z,api_gateway,cpu_percent,28.99,normal
2026-10-01T08:40:00Z,api_gateway,memory_percent,41.81,normal
2026-10-01T08:40:00Z,api_gateway,database_connections_percent,0.72,normal
2026-10-01T08:40:00Z,order_service,api_latency_ms,43.48,normal
2026-10-01T08:40:00Z,order_service,error_rate_percent,1.0,normal
2026-10-01T08:40:00Z,order_service,request_count,179.64,normal
2026-10-01T08:40:00Z,order_service,cpu_percent,32.5,normal
2026-10-01T08:40:00Z,order_service,memory_percent,50.32,normal
2026-10-01T08:40:00Z,order_service,database_connections_percent,33.81,normal
2026-10-01T08:40:00Z,payment_service,api_latency_ms,83.36,normal
2026-10-01T08:40:00Z,payment_service,error_rate_percent,0.0,normal
2026-10-01T08:40:00Z,payment_service,request_count,117.32,normal
2026-10-01T08:40:00Z,payment_service,cpu_percent,28.98,normal
2026-10-01T08:40:00Z,payment_service,memory_percent,46.91,normal
2026-10-01T08:40:00Z,payment_service,database_connections_percent,35.15,normal
2026-10-01T08:40:00Z,database,api_latency_ms,13.81,normal
2026-10-01T08:40:00Z,database,error_rate_percent,0.43,normal
2026-10-01T08:40:00Z,database,request_count,363.75,normal
2026-10-01T08:40:00Z,database,cpu_percent,40.85,normal
2026-10-01T08:40:00Z,database,memory_percent,57.1,normal
2026-10-01T08:40:00Z,database,database_connections_percent,37.91,normal
2026-10-01T08:41:00Z,api_gateway,api_latency_ms,64.99,normal
2026-10-01T08:41:00Z,api_gateway,error_rate_percent,0.0,normal
2026-10-01T08:41:00Z,api_gateway,request_count,268.79,normal
2026-10-01T08:41:00Z,api_gateway,cpu_percent,29.23,normal
2026-10-01T08:41:00Z,api_gateway,memory_percent,41.54,normal
2026-10-01T08:41:00Z,api_gateway,database_connections_percent,0.01,normal
2026-10-01T08:41:00Z,order_service,api_latency_ms,45.47,normal
2026-10-01T08:41:00Z,order_service,error_rate_percent,0.0,normal
2026-10-01T08:41:00Z,order_service,request_count,177.78,normal
2026-10-01T08:41:00Z,order_service,cpu_percent,33.81,normal
2026-10-01T08:41:00Z,order_service,memory_percent,47.5,normal
2026-10-01T08:41:00Z,order_service,database_connections_percent,34.51,normal
2026-10-01T08:41:00Z,payment_service,api_latency_ms,87.19,normal
2026-10-01T08:41:00Z,payment_service,error_rate_percent,0.62,normal
2026-10-01T08:41:00Z,payment_service,request_count,116.57,normal
2026-10-01T08:41:00Z,payment_service,cpu_percent,32.92,normal
2026-10-01T08:41:00Z,payment_service,memory_percent,51.36,normal
2026-10-01T08:41:00Z,payment_service,database_connections_percent,41.85,normal
2026-10-01T08:41:00Z,database,api_latency_ms,15.04,normal
2026-10-01T08:41:00Z,database,error_rate_percent,0.0,normal
2026-10-01T08:41:00Z,database,request_count,362.22,normal
2026-10-01T08:41:00Z,database,cpu_percent,40.79,normal
2026-10-01T08:41:00Z,database,memory_percent,62.69,normal
2026-10-01T08:41:00Z,database,database_connections_percent,39.21,normal
2026-10-01T08:42:00Z,api_gateway,api_latency_ms,68.41,normal
2026-10-01T08:42:00Z,api_gateway,error_rate_percent,0.0,normal
2026-10-01T08:42:00Z,api_gateway,request_count,266.47,normal
2026-10-01T08:42:00Z,api_gateway,cpu_percent,28.28,normal
2026-10-01T08:42:00Z,api_gateway,memory_percent,46.36,normal
2026-10-01T08:42:00Z,api_gateway,database_connections_percent,0.0,normal
2026-10-01T08:42:00Z,order_service,api_latency_ms,48.91,normal
2026-10-01T08:42:00Z,order_service,error_rate_percent,0.2,normal
2026-10-01T08:42:00Z,order_service,request_count,174.14,normal
2026-10-01T08:42:00Z,order_service,cpu_percent,34.15,normal
2026-10-01T08:42:00Z,order_service,memory_percent,49.2,normal
2026-10-01T08:42:00Z,order_service,database_connections_percent,35.74,normal
2026-10-01T08:42:00Z,payment_service,api_latency_ms,82.09,normal
2026-10-01T08:42:00Z,payment_service,error_rate_percent,0.01,normal
2026-10-01T08:42:00Z,payment_service,request_count,119.85,normal
2026-10-01T08:42:00Z,payment_service,cpu_percent,35.43,normal
2026-10-01T08:42:00Z,payment_service,memory_percent,52.15,normal
2026-10-01T08:42:00Z,payment_service,database_connections_percent,40.87,normal
2026-10-01T08:42:00Z,database,api_latency_ms,15.03,normal
2026-10-01T08:42:00Z,database,error_rate_percent,0.11,normal
2026-10-01T08:42:00Z,database,request_count,360.74,normal
2026-10-01T08:42:00Z,database,cpu_percent,37.95,normal
2026-10-01T08:42:00Z,database,memory_percent,59.23,normal
2026-10-01T08:42:00Z,database,database_connections_percent,34.83,normal
2026-10-01T08:43:00Z,api_gateway,api_latency_ms,66.3,normal
2026-10-01T08:43:00Z,api_gateway,error_rate_percent,0.52,normal
2026-10-01T08:43:00Z,api_gateway,request_count,243.96,normal
2026-10-01T08:43:00Z,api_gateway,cpu_percent,30.2,normal
2026-10-01T08:43:00Z,api_gateway,memory_percent,39.43,normal
2026-10-01T08:43:00Z,api_gateway,database_connections_percent,0.0,normal
2026-10-01T08:43:00Z,order_service,api_latency_ms,45.51,normal
2026-10-01T08:43:00Z,order_service,error_rate_percent,0.62,normal
2026-10-01T08:43:00Z,order_service,request_count,195.16,normal
2026-10-01T08:43:00Z,order_service,cpu_percent,34.2,normal
2026-10-01T08:43:00Z,order_service,memory_percent,52.7,normal
2026-10-01T08:43:00Z,order_service,database_connections_percent,34.93,normal
2026-10-01T08:43:00Z,payment_service,api_latency_ms,79.31,normal
2026-10-01T08:43:00Z,payment_service,error_rate_percent,0.74,normal
2026-10-01T08:43:00Z,payment_service,request_count,123.91,normal
2026-10-01T08:43:00Z,payment_service,cpu_percent,29.48,normal
2026-10-01T08:43:00Z,payment_service,memory_percent,51.54,normal
2026-10-01T08:43:00Z,payment_service,database_connections_percent,42.76,normal
2026-10-01T08:43:00Z,database,api_latency_ms,14.53,normal
2026-10-01T08:43:00Z,database,error_rate_percent,0.25,normal
2026-10-01T08:43:00Z,database,request_count,358.65,normal
2026-10-01T08:43:00Z,database,cpu_percent,40.52,normal
2026-10-01T08:43:00Z,database,memory_percent,58.35,normal
2026-10-01T08:43:00Z,database,database_connections_percent,36.72,normal
2026-10-01T08:44:00Z,api_gateway,api_latency_ms,64.92,normal
2026-10-01T08:44:00Z,api_gateway,error_rate_percent,0.79,normal
2026-10-01T08:44:00Z,api_gateway,request_count,256.8,normal
2026-10-01T08:44:00Z,api_gateway,cpu_percent,27.48,normal
2026-10-01T08:44:00Z,api_gateway,memory_percent,43.62,normal
2026-10-01T08:44:00Z,api_gateway,database_connections_percent,0.0,normal
2026-10-01T08:44:00Z,order_service,api_latency_ms,47.58,normal
2026-10-01T08:44:00Z,order_service,error_rate_percent,0.0,normal
2026-10-01T08:44:00Z,order_service,request_count,176.74,normal
2026-10-01T08:44:00Z,order_service,cpu_percent,33.04,normal
2026-10-01T08:44:00Z,order_service,memory_percent,46.76,normal
2026-10-01T08:44:00Z,order_service,database_connections_percent,37.03,normal
2026-10-01T08:44:00Z,payment_service,api_latency_ms,78.13,normal
2026-10-01T08:44:00Z,payment_service,error_rate_percent,0.47,normal
2026-10-01T08:44:00Z,payment_service,request_count,119.72,normal
2026-10-01T08:44:00Z,payment_service,cpu_percent,32.76,normal
2026-10-01T08:44:00Z,payment_service,memory_percent,48.18,normal
2026-10-01T08:44:00Z,payment_service,database_connections_percent,37.43,normal
2026-10-01T08:44:00Z,database,api_latency_ms,15.75,normal
2026-10-01T08:44:00Z,database,error_rate_percent,0.0,normal
2026-10-01T08:44:00Z,database,request_count,322.76,normal
2026-10-01T08:44:00Z,database,cpu_percent,39.14,normal
2026-10-01T08:44:00Z,database,memory_percent,64.5,normal
2026-10-01T08:44:00Z,database,database_connections_percent,39.62,normal
2026-10-01T08:45:00Z,api_gateway,api_latency_ms,63.87,normal
2026-10-01T08:45:00Z,api_gateway,error_rate_percent,0.03,normal
2026-10-01T08:45:00Z,api_gateway,request_count,245.98,normal
2026-10-01T08:45:00Z,api_gateway,cpu_percent,30.91,normal
2026-10-01T08:45:00Z,api_gateway,memory_percent,42.8,normal
2026-10-01T08:45:00Z,api_gateway,database_connections_percent,0.22,normal
2026-10-01T08:45:00Z,order_service,api_latency_ms,47.32,normal
2026-10-01T08:45:00Z,order_service,error_rate_percent,0.22,normal
2026-10-01T08:45:00Z,order_service,request_count,177.67,normal
2026-10-01T08:45:00Z,order_service,cpu_percent,34.66,normal
2026-10-01T08:45:00Z,order_service,memory_percent,49.82,normal
2026-10-01T08:45:00Z,order_service,database_connections_percent,34.93,normal
2026-10-01T08:45:00Z,payment_service,api_latency_ms,82.91,normal
2026-10-01T08:45:00Z,payment_service,error_rate_percent,0.33,normal
2026-10-01T08:45:00Z,payment_service,request_count,124.4,normal
2026-10-01T08:45:00Z,payment_service,cpu_percent,31.87,normal
2026-10-01T08:45:00Z,payment_service,memory_percent,48.19,normal
2026-10-01T08:45:00Z,payment_service,database_connections_percent,36.0,normal
2026-10-01T08:45:00Z,database,api_latency_ms,15.69,normal
2026-10-01T08:45:00Z,database,error_rate_percent,0.22,normal
2026-10-01T08:45:00Z,database,request_count,367.47,normal
2026-10-01T08:45:00Z,database,cpu_percent,34.21,normal
2026-10-01T08:45:00Z,database,memory_percent,66.27,normal
2026-10-01T08:45:00Z,database,database_connections_percent,37.73,normal
2026-10-01T08:46:00Z,api_gateway,api_latency_ms,68.6,normal
2026-10-01T08:46:00Z,api_gateway,error_rate_percent,0.0,normal
2026-10-01T08:46:00Z,api_gateway,request_count,257.66,normal
2026-10-01T08:46:00Z,api_gateway,cpu_percent,26.53,normal
2026-10-01T08:46:00Z,api_gateway,memory_percent,40.69,normal
2026-10-01T08:46:00Z,api_gateway,database_connections_percent,0.96,normal
2026-10-01T08:46:00Z,order_service,api_latency_ms,44.57,normal
2026-10-01T08:46:00Z,order_service,error_rate_percent,0.21,normal
2026-10-01T08:46:00Z,order_service,request_count,187.83,normal
2026-10-01T08:46:00Z,order_service,cpu_percent,35.87,normal
2026-10-01T08:46:00Z,order_service,memory_percent,50.38,normal
2026-10-01T08:46:00Z,order_service,database_connections_percent,35.64,normal
2026-10-01T08:46:00Z,payment_service,api_latency_ms,89.61,normal
2026-10-01T08:46:00Z,payment_service,error_rate_percent,0.27,normal
2026-10-01T08:46:00Z,payment_service,request_count,121.21,normal
2026-10-01T08:46:00Z,payment_service,cpu_percent,33.68,normal
2026-10-01T08:46:00Z,payment_service,memory_percent,50.65,normal
2026-10-01T08:46:00Z,payment_service,database_connections_percent,42.37,normal
2026-10-01T08:46:00Z,database,api_latency_ms,15.48,normal
2026-10-01T08:46:00Z,database,error_rate_percent,0.0,normal
2026-10-01T08:46:00Z,database,request_count,378.59,normal
2026-10-01T08:46:00Z,database,cpu_percent,37.71,normal
2026-10-01T08:46:00Z,database,memory_percent,60.91,normal
2026-10-01T08:46:00Z,database,database_connections_percent,36.57,normal
2026-10-01T08:47:00Z,api_gateway,api_latency_ms,64.79,normal
2026-10-01T08:47:00Z,api_gateway,error_rate_percent,0.36,normal
2026-10-01T08:47:00Z,api_gateway,request_count,254.02,normal
2026-10-01T08:47:00Z,api_gateway,cpu_percent,28.59,normal
2026-10-01T08:47:00Z,api_gateway,memory_percent,45.39,normal
2026-10-01T08:47:00Z,api_gateway,database_connections_percent,0.23,normal
2026-10-01T08:47:00Z,order_service,api_latency_ms,44.45,normal
2026-10-01T08:47:00Z,order_service,error_rate_percent,0.58,normal
2026-10-01T08:47:00Z,order_service,request_count,190.71,normal
2026-10-01T08:47:00Z,order_service,cpu_percent,32.85,normal
2026-10-01T08:47:00Z,order_service,memory_percent,51.49,normal
2026-10-01T08:47:00Z,order_service,database_connections_percent,36.23,normal
2026-10-01T08:47:00Z,payment_service,api_latency_ms,78.81,normal
2026-10-01T08:47:00Z,payment_service,error_rate_percent,0.99,normal
2026-10-01T08:47:00Z,payment_service,request_count,119.1,normal
2026-10-01T08:47:00Z,payment_service,cpu_percent,32.2,normal
2026-10-01T08:47:00Z,payment_service,memory_percent,47.58,normal
2026-10-01T08:47:00Z,payment_service,database_connections_percent,40.03,normal
2026-10-01T08:47:00Z,database,api_latency_ms,14.18,normal
2026-10-01T08:47:00Z,database,error_rate_percent,0.0,normal
2026-10-01T08:47:00Z,database,request_count,377.9,normal
2026-10-01T08:47:00Z,database,cpu_percent,38.31,normal
2026-10-01T08:47:00Z,database,memory_percent,57.03,normal
2026-10-01T08:47:00Z,database,database_connections_percent,33.91,normal
2026-10-01T08:48:00Z,api_gateway,api_latency_ms,62.92,normal
2026-10-01T08:48:00Z,api_gateway,error_rate_percent,0.0,normal
2026-10-01T08:48:00Z,api_gateway,request_count,270.53,normal
2026-10-01T08:48:00Z,api_gateway,cpu_percent,29.41,normal
2026-10-01T08:48:00Z,api_gateway,memory_percent,40.55,normal
2026-10-01T08:48:00Z,api_gateway,database_connections_percent,1.13,normal
2026-10-01T08:48:00Z,order_service,api_latency_ms,47.21,normal
2026-10-01T08:48:00Z,order_service,error_rate_percent,0.0,normal
2026-10-01T08:48:00Z,order_service,request_count,157.51,normal
2026-10-01T08:48:00Z,order_service,cpu_percent,39.01,normal
2026-10-01T08:48:00Z,order_service,memory_percent,46.53,normal
2026-10-01T08:48:00Z,order_service,database_connections_percent,32.12,normal
2026-10-01T08:48:00Z,payment_service,api_latency_ms,84.09,normal
2026-10-01T08:48:00Z,payment_service,error_rate_percent,1.52,normal
2026-10-01T08:48:00Z,payment_service,request_count,128.31,normal
2026-10-01T08:48:00Z,payment_service,cpu_percent,32.9,normal
2026-10-01T08:48:00Z,payment_service,memory_percent,49.43,normal
2026-10-01T08:48:00Z,payment_service,database_connections_percent,41.71,normal
2026-10-01T08:48:00Z,database,api_latency_ms,15.57,normal
2026-10-01T08:48:00Z,database,error_rate_percent,0.19,normal
2026-10-01T08:48:00Z,database,request_count,351.82,normal
2026-10-01T08:48:00Z,database,cpu_percent,39.87,normal
2026-10-01T08:48:00Z,database,memory_percent,57.74,normal
2026-10-01T08:48:00Z,database,database_connections_percent,37.47,normal
2026-10-01T08:49:00Z,api_gateway,api_latency_ms,59.5,normal
2026-10-01T08:49:00Z,api_gateway,error_rate_percent,0.15,normal
2026-10-01T08:49:00Z,api_gateway,request_count,237.64,normal
2026-10-01T08:49:00Z,api_gateway,cpu_percent,26.45,normal
2026-10-01T08:49:00Z,api_gateway,memory_percent,42.38,normal
2026-10-01T08:49:00Z,api_gateway,database_connections_percent,0.7,normal
2026-10-01T08:49:00Z,order_service,api_latency_ms,47.07,normal
2026-10-01T08:49:00Z,order_service,error_rate_percent,0.0,normal
2026-10-01T08:49:00Z,order_service,request_count,171.09,normal
2026-10-01T08:49:00Z,order_service,cpu_percent,36.65,normal
2026-10-01T08:49:00Z,order_service,memory_percent,47.54,normal
2026-10-01T08:49:00Z,order_service,database_connections_percent,34.61,normal
2026-10-01T08:49:00Z,payment_service,api_latency_ms,82.2,normal
2026-10-01T08:49:00Z,payment_service,error_rate_percent,0.0,normal
2026-10-01T08:49:00Z,payment_service,request_count,120.63,normal
2026-10-01T08:49:00Z,payment_service,cpu_percent,29.87,normal
2026-10-01T08:49:00Z,payment_service,memory_percent,46.56,normal
2026-10-01T08:49:00Z,payment_service,database_connections_percent,40.64,normal
2026-10-01T08:49:00Z,database,api_latency_ms,13.81,normal
2026-10-01T08:49:00Z,database,error_rate_percent,0.27,normal
2026-10-01T08:49:00Z,database,request_count,349.66,normal
2026-10-01T08:49:00Z,database,cpu_percent,41.1,normal
2026-10-01T08:49:00Z,database,memory_percent,60.67,normal
2026-10-01T08:49:00Z,database,database_connections_percent,40.59,normal
2026-10-01T08:50:00Z,api_gateway,api_latency_ms,65.41,normal
2026-10-01T08:50:00Z,api_gateway,error_rate_percent,0.0,normal
2026-10-01T08:50:00Z,api_gateway,request_count,251.53,normal
2026-10-01T08:50:00Z,api_gateway,cpu_percent,28.76,normal
2026-10-01T08:50:00Z,api_gateway,memory_percent,42.1,normal
2026-10-01T08:50:00Z,api_gateway,database_connections_percent,0.02,normal
2026-10-01T08:50:00Z,order_service,api_latency_ms,43.42,normal
2026-10-01T08:50:00Z,order_service,error_rate_percent,0.0,normal
2026-10-01T08:50:00Z,order_service,request_count,167.38,normal
2026-10-01T08:50:00Z,order_service,cpu_percent,38.06,normal
2026-10-01T08:50:00Z,order_service,memory_percent,46.89,normal
2026-10-01T08:50:00Z,order_service,database_connections_percent,33.79,normal
2026-10-01T08:50:00Z,payment_service,api_latency_ms,77.13,normal
2026-10-01T08:50:00Z,payment_service,error_rate_percent,0.75,normal
2026-10-01T08:50:00Z,payment_service,request_count,118.23,normal
2026-10-01T08:50:00Z,payment_service,cpu_percent,34.0,normal
2026-10-01T08:50:00Z,payment_service,memory_percent,46.38,normal
2026-10-01T08:50:00Z,payment_service,database_connections_percent,40.56,normal
2026-10-01T08:50:00Z,database,api_latency_ms,14.37,normal
2026-10-01T08:50:00Z,database,error_rate_percent,1.12,normal
2026-10-01T08:50:00Z,database,request_count,329.22,normal
2026-10-01T08:50:00Z,database,cpu_percent,40.62,normal
2026-10-01T08:50:00Z,database,memory_percent,61.9,normal
2026-10-01T08:50:00Z,database,database_connections_percent,38.79,normal
2026-10-01T08:51:00Z,api_gateway,api_latency_ms,64.4,normal
2026-10-01T08:51:00Z,api_gateway,error_rate_percent,0.14,normal
2026-10-01T08:51:00Z,api_gateway,request_count,250.55,normal
2026-10-01T08:51:00Z,api_gateway,cpu_percent,27.79,normal
2026-10-01T08:51:00Z,api_gateway,memory_percent,44.02,normal
2026-10-01T08:51:00Z,api_gateway,database_connections_percent,1.11,normal
2026-10-01T08:51:00Z,order_service,api_latency_ms,43.75,normal
2026-10-01T08:51:00Z,order_service,error_rate_percent,0.0,normal
2026-10-01T08:51:00Z,order_service,request_count,179.21,normal
2026-10-01T08:51:00Z,order_service,cpu_percent,39.51,normal
2026-10-01T08:51:00Z,order_service,memory_percent,47.99,normal
2026-10-01T08:51:00Z,order_service,database_connections_percent,37.87,normal
2026-10-01T08:51:00Z,payment_service,api_latency_ms,86.71,normal
2026-10-01T08:51:00Z,payment_service,error_rate_percent,0.02,normal
2026-10-01T08:51:00Z,payment_service,request_count,123.41,normal
2026-10-01T08:51:00Z,payment_service,cpu_percent,34.61,normal
2026-10-01T08:51:00Z,payment_service,memory_percent,47.09,normal
2026-10-01T08:51:00Z,payment_service,database_connections_percent,39.59,normal
2026-10-01T08:51:00Z,database,api_latency_ms,14.56,normal
2026-10-01T08:51:00Z,database,error_rate_percent,0.0,normal
2026-10-01T08:51:00Z,database,request_count,338.64,normal
2026-10-01T08:51:00Z,database,cpu_percent,37.55,normal
2026-10-01T08:51:00Z,database,memory_percent,60.1,normal
2026-10-01T08:51:00Z,database,database_connections_percent,36.54,normal
2026-10-01T08:52:00Z,api_gateway,api_latency_ms,65.76,normal
2026-10-01T08:52:00Z,api_gateway,error_rate_percent,0.0,normal
2026-10-01T08:52:00Z,api_gateway,request_count,254.14,normal
2026-10-01T08:52:00Z,api_gateway,cpu_percent,29.17,normal
2026-10-01T08:52:00Z,api_gateway,memory_percent,37.81,normal
2026-10-01T08:52:00Z,api_gateway,database_connections_percent,0.19,normal
2026-10-01T08:52:00Z,order_service,api_latency_ms,47.76,normal
2026-10-01T08:52:00Z,order_service,error_rate_percent,0.0,normal
2026-10-01T08:52:00Z,order_service,request_count,195.05,normal
2026-10-01T08:52:00Z,order_service,cpu_percent,35.73,normal
2026-10-01T08:52:00Z,order_service,memory_percent,48.24,normal
2026-10-01T08:52:00Z,order_service,database_connections_percent,34.9,normal
2026-10-01T08:52:00Z,payment_service,api_latency_ms,82.23,normal
2026-10-01T08:52:00Z,payment_service,error_rate_percent,0.34,normal
2026-10-01T08:52:00Z,payment_service,request_count,123.23,normal
2026-10-01T08:52:00Z,payment_service,cpu_percent,30.53,normal
2026-10-01T08:52:00Z,payment_service,memory_percent,48.41,normal
2026-10-01T08:52:00Z,payment_service,database_connections_percent,37.17,normal
2026-10-01T08:52:00Z,database,api_latency_ms,14.92,normal
2026-10-01T08:52:00Z,database,error_rate_percent,0.0,normal
2026-10-01T08:52:00Z,database,request_count,337.13,normal
2026-10-01T08:52:00Z,database,cpu_percent,42.47,normal
2026-10-01T08:52:00Z,database,memory_percent,63.27,normal
2026-10-01T08:52:00Z,database,database_connections_percent,39.16,normal
2026-10-01T08:53:00Z,api_gateway,api_latency_ms,61.45,normal
2026-10-01T08:53:00Z,api_gateway,error_rate_percent,0.04,normal
2026-10-01T08:53:00Z,api_gateway,request_count,265.16,normal
2026-10-01T08:53:00Z,api_gateway,cpu_percent,28.2,normal
2026-10-01T08:53:00Z,api_gateway,memory_percent,46.87,normal
2026-10-01T08:53:00Z,api_gateway,database_connections_percent,0.2,normal
2026-10-01T08:53:00Z,order_service,api_latency_ms,45.43,normal
2026-10-01T08:53:00Z,order_service,error_rate_percent,0.0,normal
2026-10-01T08:53:00Z,order_service,request_count,181.2,normal
2026-10-01T08:53:00Z,order_service,cpu_percent,34.73,normal
2026-10-01T08:53:00Z,order_service,memory_percent,51.77,normal
2026-10-01T08:53:00Z,order_service,database_connections_percent,36.67,normal
2026-10-01T08:53:00Z,payment_service,api_latency_ms,76.86,normal
2026-10-01T08:53:00Z,payment_service,error_rate_percent,0.0,normal
2026-10-01T08:53:00Z,payment_service,request_count,108.98,normal
2026-10-01T08:53:00Z,payment_service,cpu_percent,32.81,normal
2026-10-01T08:53:00Z,payment_service,memory_percent,45.35,normal
2026-10-01T08:53:00Z,payment_service,database_connections_percent,35.69,normal
2026-10-01T08:53:00Z,database,api_latency_ms,15.29,normal
2026-10-01T08:53:00Z,database,error_rate_percent,1.3,normal
2026-10-01T08:53:00Z,database,request_count,349.89,normal
2026-10-01T08:53:00Z,database,cpu_percent,41.68,normal
2026-10-01T08:53:00Z,database,memory_percent,60.25,normal
2026-10-01T08:53:00Z,database,database_connections_percent,37.81,normal
2026-10-01T08:54:00Z,api_gateway,api_latency_ms,67.99,normal
2026-10-01T08:54:00Z,api_gateway,error_rate_percent,0.05,normal
2026-10-01T08:54:00Z,api_gateway,request_count,253.34,normal
2026-10-01T08:54:00Z,api_gateway,cpu_percent,28.45,normal
2026-10-01T08:54:00Z,api_gateway,memory_percent,40.6,normal
2026-10-01T08:54:00Z,api_gateway,database_connections_percent,0.5,normal
2026-10-01T08:54:00Z,order_service,api_latency_ms,44.61,normal
2026-10-01T08:54:00Z,order_service,error_rate_percent,0.0,normal
2026-10-01T08:54:00Z,order_service,request_count,184.83,normal
2026-10-01T08:54:00Z,order_service,cpu_percent,33.43,normal
2026-10-01T08:54:00Z,order_service,memory_percent,50.07,normal
2026-10-01T08:54:00Z,order_service,database_connections_percent,34.98,normal
2026-10-01T08:54:00Z,payment_service,api_latency_ms,84.34,normal
2026-10-01T08:54:00Z,payment_service,error_rate_percent,0.54,normal
2026-10-01T08:54:00Z,payment_service,request_count,119.85,normal
2026-10-01T08:54:00Z,payment_service,cpu_percent,33.31,normal
2026-10-01T08:54:00Z,payment_service,memory_percent,51.34,normal
2026-10-01T08:54:00Z,payment_service,database_connections_percent,41.12,normal
2026-10-01T08:54:00Z,database,api_latency_ms,15.01,normal
2026-10-01T08:54:00Z,database,error_rate_percent,0.0,normal
2026-10-01T08:54:00Z,database,request_count,331.36,normal
2026-10-01T08:54:00Z,database,cpu_percent,39.39,normal
2026-10-01T08:54:00Z,database,memory_percent,58.17,normal
2026-10-01T08:54:00Z,database,database_connections_percent,37.64,normal
2026-10-01T08:55:00Z,api_gateway,api_latency_ms,65.18,normal
2026-10-01T08:55:00Z,api_gateway,error_rate_percent,0.46,normal
2026-10-01T08:55:00Z,api_gateway,request_count,249.12,normal
2026-10-01T08:55:00Z,api_gateway,cpu_percent,28.68,normal
2026-10-01T08:55:00Z,api_gateway,memory_percent,42.14,normal
2026-10-01T08:55:00Z,api_gateway,database_connections_percent,0.0,normal
2026-10-01T08:55:00Z,order_service,api_latency_ms,42.89,normal
2026-10-01T08:55:00Z,order_service,error_rate_percent,0.03,normal
2026-10-01T08:55:00Z,order_service,request_count,169.11,normal
2026-10-01T08:55:00Z,order_service,cpu_percent,36.05,normal
2026-10-01T08:55:00Z,order_service,memory_percent,53.83,normal
2026-10-01T08:55:00Z,order_service,database_connections_percent,37.13,normal
2026-10-01T08:55:00Z,payment_service,api_latency_ms,79.15,normal
2026-10-01T08:55:00Z,payment_service,error_rate_percent,1.05,normal
2026-10-01T08:55:00Z,payment_service,request_count,120.89,normal
2026-10-01T08:55:00Z,payment_service,cpu_percent,31.46,normal
2026-10-01T08:55:00Z,payment_service,memory_percent,46.53,normal
2026-10-01T08:55:00Z,payment_service,database_connections_percent,39.4,normal
2026-10-01T08:55:00Z,database,api_latency_ms,14.71,normal
2026-10-01T08:55:00Z,database,error_rate_percent,0.14,normal
2026-10-01T08:55:00Z,database,request_count,352.81,normal
2026-10-01T08:55:00Z,database,cpu_percent,40.01,normal
2026-10-01T08:55:00Z,database,memory_percent,61.31,normal
2026-10-01T08:55:00Z,database,database_connections_percent,40.26,normal
2026-10-01T08:56:00Z,api_gateway,api_latency_ms,68.09,normal
2026-10-01T08:56:00Z,api_gateway,error_rate_percent,0.0,normal
2026-10-01T08:56:00Z,api_gateway,request_count,218.08,normal
2026-10-01T08:56:00Z,api_gateway,cpu_percent,29.31,normal
2026-10-01T08:56:00Z,api_gateway,memory_percent,39.13,normal
2026-10-01T08:56:00Z,api_gateway,database_connections_percent,0.0,normal
2026-10-01T08:56:00Z,order_service,api_latency_ms,42.37,normal
2026-10-01T08:56:00Z,order_service,error_rate_percent,0.0,normal
2026-10-01T08:56:00Z,order_service,request_count,184.87,normal
2026-10-01T08:56:00Z,order_service,cpu_percent,36.33,normal
2026-10-01T08:56:00Z,order_service,memory_percent,48.56,normal
2026-10-01T08:56:00Z,order_service,database_connections_percent,30.47,normal
2026-10-01T08:56:00Z,payment_service,api_latency_ms,77.82,normal
2026-10-01T08:56:00Z,payment_service,error_rate_percent,0.5,normal
2026-10-01T08:56:00Z,payment_service,request_count,111.13,normal
2026-10-01T08:56:00Z,payment_service,cpu_percent,32.29,normal
2026-10-01T08:56:00Z,payment_service,memory_percent,47.96,normal
2026-10-01T08:56:00Z,payment_service,database_connections_percent,41.16,normal
2026-10-01T08:56:00Z,database,api_latency_ms,15.09,normal
2026-10-01T08:56:00Z,database,error_rate_percent,0.0,normal
2026-10-01T08:56:00Z,database,request_count,370.94,normal
2026-10-01T08:56:00Z,database,cpu_percent,39.68,normal
2026-10-01T08:56:00Z,database,memory_percent,59.92,normal
2026-10-01T08:56:00Z,database,database_connections_percent,36.23,normal
2026-10-01T08:57:00Z,api_gateway,api_latency_ms,63.56,normal
2026-10-01T08:57:00Z,api_gateway,error_rate_percent,0.0,normal
2026-10-01T08:57:00Z,api_gateway,request_count,247.84,normal
2026-10-01T08:57:00Z,api_gateway,cpu_percent,30.4,normal
2026-10-01T08:57:00Z,api_gateway,memory_percent,39.12,normal
2026-10-01T08:57:00Z,api_gateway,database_connections_percent,0.0,normal
2026-10-01T08:57:00Z,order_service,api_latency_ms,48.31,normal
2026-10-01T08:57:00Z,order_service,error_rate_percent,0.0,normal
2026-10-01T08:57:00Z,order_service,request_count,173.98,normal
2026-10-01T08:57:00Z,order_service,cpu_percent,36.82,normal
2026-10-01T08:57:00Z,order_service,memory_percent,48.49,normal
2026-10-01T08:57:00Z,order_service,database_connections_percent,38.2,normal
2026-10-01T08:57:00Z,payment_service,api_latency_ms,82.71,normal
2026-10-01T08:57:00Z,payment_service,error_rate_percent,0.06,normal
2026-10-01T08:57:00Z,payment_service,request_count,132.94,normal
2026-10-01T08:57:00Z,payment_service,cpu_percent,31.03,normal
2026-10-01T08:57:00Z,payment_service,memory_percent,49.78,normal
2026-10-01T08:57:00Z,payment_service,database_connections_percent,40.6,normal
2026-10-01T08:57:00Z,database,api_latency_ms,15.98,normal
2026-10-01T08:57:00Z,database,error_rate_percent,0.83,normal
2026-10-01T08:57:00Z,database,request_count,350.56,normal
2026-10-01T08:57:00Z,database,cpu_percent,38.49,normal
2026-10-01T08:57:00Z,database,memory_percent,61.38,normal
2026-10-01T08:57:00Z,database,database_connections_percent,36.71,normal
2026-10-01T08:58:00Z,api_gateway,api_latency_ms,71.54,normal
2026-10-01T08:58:00Z,api_gateway,error_rate_percent,0.27,normal
2026-10-01T08:58:00Z,api_gateway,request_count,245.43,normal
2026-10-01T08:58:00Z,api_gateway,cpu_percent,28.26,normal
2026-10-01T08:58:00Z,api_gateway,memory_percent,39.17,normal
2026-10-01T08:58:00Z,api_gateway,database_connections_percent,0.0,normal
2026-10-01T08:58:00Z,order_service,api_latency_ms,47.7,normal
2026-10-01T08:58:00Z,order_service,error_rate_percent,0.0,normal
2026-10-01T08:58:00Z,order_service,request_count,170.58,normal
2026-10-01T08:58:00Z,order_service,cpu_percent,35.94,normal
2026-10-01T08:58:00Z,order_service,memory_percent,52.96,normal
2026-10-01T08:58:00Z,order_service,database_connections_percent,36.26,normal
2026-10-01T08:58:00Z,payment_service,api_latency_ms,83.98,normal
2026-10-01T08:58:00Z,payment_service,error_rate_percent,0.0,normal
2026-10-01T08:58:00Z,payment_service,request_count,111.47,normal
2026-10-01T08:58:00Z,payment_service,cpu_percent,34.4,normal
2026-10-01T08:58:00Z,payment_service,memory_percent,47.23,normal
2026-10-01T08:58:00Z,payment_service,database_connections_percent,39.5,normal
2026-10-01T08:58:00Z,database,api_latency_ms,16.0,normal
2026-10-01T08:58:00Z,database,error_rate_percent,0.33,normal
2026-10-01T08:58:00Z,database,request_count,357.98,normal
2026-10-01T08:58:00Z,database,cpu_percent,44.33,normal
2026-10-01T08:58:00Z,database,memory_percent,58.07,normal
2026-10-01T08:58:00Z,database,database_connections_percent,39.76,normal
2026-10-01T08:59:00Z,api_gateway,api_latency_ms,65.19,normal
2026-10-01T08:59:00Z,api_gateway,error_rate_percent,0.33,normal
2026-10-01T08:59:00Z,api_gateway,request_count,269.11,normal
2026-10-01T08:59:00Z,api_gateway,cpu_percent,28.71,normal
2026-10-01T08:59:00Z,api_gateway,memory_percent,43.13,normal
2026-10-01T08:59:00Z,api_gateway,database_connections_percent,0.54,normal
2026-10-01T08:59:00Z,order_service,api_latency_ms,44.18,normal
2026-10-01T08:59:00Z,order_service,error_rate_percent,0.0,normal
2026-10-01T08:59:00Z,order_service,request_count,170.6,normal
2026-10-01T08:59:00Z,order_service,cpu_percent,31.56,normal
2026-10-01T08:59:00Z,order_service,memory_percent,55.14,normal
2026-10-01T08:59:00Z,order_service,database_connections_percent,33.07,normal
2026-10-01T08:59:00Z,payment_service,api_latency_ms,79.11,normal
2026-10-01T08:59:00Z,payment_service,error_rate_percent,0.16,normal
2026-10-01T08:59:00Z,payment_service,request_count,121.84,normal
2026-10-01T08:59:00Z,payment_service,cpu_percent,33.31,normal
2026-10-01T08:59:00Z,payment_service,memory_percent,50.07,normal
2026-10-01T08:59:00Z,payment_service,database_connections_percent,38.83,normal
2026-10-01T08:59:00Z,database,api_latency_ms,14.87,normal
2026-10-01T08:59:00Z,database,error_rate_percent,0.19,normal
2026-10-01T08:59:00Z,database,request_count,345.65,normal
2026-10-01T08:59:00Z,database,cpu_percent,43.21,normal
2026-10-01T08:59:00Z,database,memory_percent,61.47,normal
2026-10-01T08:59:00Z,database,database_connections_percent,39.4,normal
2026-10-01T09:00:00Z,api_gateway,api_latency_ms,67.15,normal
2026-10-01T09:00:00Z,api_gateway,error_rate_percent,0.79,normal
2026-10-01T09:00:00Z,api_gateway,request_count,252.26,normal
2026-10-01T09:00:00Z,api_gateway,cpu_percent,26.18,normal
2026-10-01T09:00:00Z,api_gateway,memory_percent,42.84,normal
2026-10-01T09:00:00Z,api_gateway,database_connections_percent,0.0,normal
2026-10-01T09:00:00Z,order_service,api_latency_ms,43.81,normal
2026-10-01T09:00:00Z,order_service,error_rate_percent,0.39,normal
2026-10-01T09:00:00Z,order_service,request_count,191.14,normal
2026-10-01T09:00:00Z,order_service,cpu_percent,35.04,normal
2026-10-01T09:00:00Z,order_service,memory_percent,50.77,normal
2026-10-01T09:00:00Z,order_service,database_connections_percent,37.98,normal
2026-10-01T09:00:00Z,payment_service,api_latency_ms,80.96,normal
2026-10-01T09:00:00Z,payment_service,error_rate_percent,1.6,normal
2026-10-01T09:00:00Z,payment_service,request_count,123.39,normal
2026-10-01T09:00:00Z,payment_service,cpu_percent,29.18,normal
2026-10-01T09:00:00Z,payment_service,memory_percent,49.81,normal
2026-10-01T09:00:00Z,payment_service,database_connections_percent,40.76,normal
2026-10-01T09:00:00Z,database,api_latency_ms,15.97,normal
2026-10-01T09:00:00Z,database,error_rate_percent,0.39,normal
2026-10-01T09:00:00Z,database,request_count,347.58,normal
2026-10-01T09:00:00Z,database,cpu_percent,37.55,normal
2026-10-01T09:00:00Z,database,memory_percent,59.37,normal
2026-10-01T09:00:00Z,database,database_connections_percent,36.38,normal
2026-10-01T09:01:00Z,api_gateway,api_latency_ms,63.11,normal
2026-10-01T09:01:00Z,api_gateway,error_rate_percent,0.49,normal
2026-10-01T09:01:00Z,api_gateway,request_count,270.87,normal
2026-10-01T09:01:00Z,api_gateway,cpu_percent,28.55,normal
2026-10-01T09:01:00Z,api_gateway,memory_percent,39.49,normal
2026-10-01T09:01:00Z,api_gateway,database_connections_percent,0.22,normal
2026-10-01T09:01:00Z,order_service,api_latency_ms,47.69,normal
2026-10-01T09:01:00Z,order_service,error_rate_percent,0.0,normal
2026-10-01T09:01:00Z,order_service,request_count,178.79,normal
2026-10-01T09:01:00Z,order_service,cpu_percent,35.03,normal
2026-10-01T09:01:00Z,order_service,memory_percent,48.04,normal
2026-10-01T09:01:00Z,order_service,database_connections_percent,36.13,normal
2026-10-01T09:01:00Z,payment_service,api_latency_ms,79.52,normal
2026-10-01T09:01:00Z,payment_service,error_rate_percent,0.51,normal
2026-10-01T09:01:00Z,payment_service,request_count,114.68,normal
2026-10-01T09:01:00Z,payment_service,cpu_percent,31.3,normal
2026-10-01T09:01:00Z,payment_service,memory_percent,49.73,normal
2026-10-01T09:01:00Z,payment_service,database_connections_percent,39.25,normal
2026-10-01T09:01:00Z,database,api_latency_ms,16.3,normal
2026-10-01T09:01:00Z,database,error_rate_percent,0.0,normal
2026-10-01T09:01:00Z,database,request_count,353.93,normal
2026-10-01T09:01:00Z,database,cpu_percent,41.87,normal
2026-10-01T09:01:00Z,database,memory_percent,55.74,normal
2026-10-01T09:01:00Z,database,database_connections_percent,34.65,normal
2026-10-01T09:02:00Z,api_gateway,api_latency_ms,60.04,normal
2026-10-01T09:02:00Z,api_gateway,error_rate_percent,0.83,normal
2026-10-01T09:02:00Z,api_gateway,request_count,243.1,normal
2026-10-01T09:02:00Z,api_gateway,cpu_percent,31.58,normal
2026-10-01T09:02:00Z,api_gateway,memory_percent,40.82,normal
2026-10-01T09:02:00Z,api_gateway,database_connections_percent,0.09,normal
2026-10-01T09:02:00Z,order_service,api_latency_ms,48.47,normal
2026-10-01T09:02:00Z,order_service,error_rate_percent,1.1,normal
2026-10-01T09:02:00Z,order_service,request_count,198.55,normal
2026-10-01T09:02:00Z,order_service,cpu_percent,37.11,normal
2026-10-01T09:02:00Z,order_service,memory_percent,52.56,normal
2026-10-01T09:02:00Z,order_service,database_connections_percent,36.04,normal
2026-10-01T09:02:00Z,payment_service,api_latency_ms,83.11,normal
2026-10-01T09:02:00Z,payment_service,error_rate_percent,0.02,normal
2026-10-01T09:02:00Z,payment_service,request_count,115.09,normal
2026-10-01T09:02:00Z,payment_service,cpu_percent,31.99,normal
2026-10-01T09:02:00Z,payment_service,memory_percent,47.59,normal
2026-10-01T09:02:00Z,payment_service,database_connections_percent,39.09,normal
2026-10-01T09:02:00Z,database,api_latency_ms,15.52,normal
2026-10-01T09:02:00Z,database,error_rate_percent,0.53,normal
2026-10-01T09:02:00Z,database,request_count,351.55,normal
2026-10-01T09:02:00Z,database,cpu_percent,42.96,normal
2026-10-01T09:02:00Z,database,memory_percent,56.57,normal
2026-10-01T09:02:00Z,database,database_connections_percent,37.63,normal
2026-10-01T09:03:00Z,api_gateway,api_latency_ms,62.67,normal
2026-10-01T09:03:00Z,api_gateway,error_rate_percent,0.0,normal
2026-10-01T09:03:00Z,api_gateway,request_count,248.97,normal
2026-10-01T09:03:00Z,api_gateway,cpu_percent,27.83,normal
2026-10-01T09:03:00Z,api_gateway,memory_percent,45.18,normal
2026-10-01T09:03:00Z,api_gateway,database_connections_percent,0.32,normal
2026-10-01T09:03:00Z,order_service,api_latency_ms,42.7,normal
2026-10-01T09:03:00Z,order_service,error_rate_percent,1.03,normal
2026-10-01T09:03:00Z,order_service,request_count,190.99,normal
2026-10-01T09:03:00Z,order_service,cpu_percent,36.02,normal
2026-10-01T09:03:00Z,order_service,memory_percent,49.43,normal
2026-10-01T09:03:00Z,order_service,database_connections_percent,33.32,normal
2026-10-01T09:03:00Z,payment_service,api_latency_ms,78.51,normal
2026-10-01T09:03:00Z,payment_service,error_rate_percent,0.84,normal
2026-10-01T09:03:00Z,payment_service,request_count,131.31,normal
2026-10-01T09:03:00Z,payment_service,cpu_percent,34.47,normal
2026-10-01T09:03:00Z,payment_service,memory_percent,46.83,normal
2026-10-01T09:03:00Z,payment_service,database_connections_percent,37.76,normal
2026-10-01T09:03:00Z,database,api_latency_ms,15.11,normal
2026-10-01T09:03:00Z,database,error_rate_percent,0.0,normal
2026-10-01T09:03:00Z,database,request_count,355.66,normal
2026-10-01T09:03:00Z,database,cpu_percent,39.7,normal
2026-10-01T09:03:00Z,database,memory_percent,58.6,normal
2026-10-01T09:03:00Z,database,database_connections_percent,34.97,normal
2026-10-01T09:04:00Z,api_gateway,api_latency_ms,66.67,normal
2026-10-01T09:04:00Z,api_gateway,error_rate_percent,0.0,normal
2026-10-01T09:04:00Z,api_gateway,request_count,235.38,normal
2026-10-01T09:04:00Z,api_gateway,cpu_percent,23.98,normal
2026-10-01T09:04:00Z,api_gateway,memory_percent,41.94,normal
2026-10-01T09:04:00Z,api_gateway,database_connections_percent,0.89,normal
2026-10-01T09:04:00Z,order_service,api_latency_ms,48.74,normal
2026-10-01T09:04:00Z,order_service,error_rate_percent,0.0,normal
2026-10-01T09:04:00Z,order_service,request_count,174.58,normal
2026-10-01T09:04:00Z,order_service,cpu_percent,35.82,normal
2026-10-01T09:04:00Z,order_service,memory_percent,47.5,normal
2026-10-01T09:04:00Z,order_service,database_connections_percent,35.53,normal
2026-10-01T09:04:00Z,payment_service,api_latency_ms,83.06,normal
2026-10-01T09:04:00Z,payment_service,error_rate_percent,0.91,normal
2026-10-01T09:04:00Z,payment_service,request_count,119.4,normal
2026-10-01T09:04:00Z,payment_service,cpu_percent,31.67,normal
2026-10-01T09:04:00Z,payment_service,memory_percent,45.89,normal
2026-10-01T09:04:00Z,payment_service,database_connections_percent,38.35,normal
2026-10-01T09:04:00Z,database,api_latency_ms,14.83,normal
2026-10-01T09:04:00Z,database,error_rate_percent,0.23,normal
2026-10-01T09:04:00Z,database,request_count,365.99,normal
2026-10-01T09:04:00Z,database,cpu_percent,38.39,normal
2026-10-01T09:04:00Z,database,memory_percent,64.48,normal
2026-10-01T09:04:00Z,database,database_connections_percent,37.48,normal
2026-10-01T09:05:00Z,api_gateway,api_latency_ms,64.93,normal
2026-10-01T09:05:00Z,api_gateway,error_rate_percent,0.0,normal
2026-10-01T09:05:00Z,api_gateway,request_count,219.7,normal
2026-10-01T09:05:00Z,api_gateway,cpu_percent,29.24,normal
2026-10-01T09:05:00Z,api_gateway,memory_percent,43.55,normal
2026-10-01T09:05:00Z,api_gateway,database_connections_percent,0.0,normal
2026-10-01T09:05:00Z,order_service,api_latency_ms,45.15,normal
2026-10-01T09:05:00Z,order_service,error_rate_percent,0.36,normal
2026-10-01T09:05:00Z,order_service,request_count,165.94,normal
2026-10-01T09:05:00Z,order_service,cpu_percent,34.07,normal
2026-10-01T09:05:00Z,order_service,memory_percent,51.99,normal
2026-10-01T09:05:00Z,order_service,database_connections_percent,32.8,normal
2026-10-01T09:05:00Z,payment_service,api_latency_ms,81.17,normal
2026-10-01T09:05:00Z,payment_service,error_rate_percent,0.0,normal
2026-10-01T09:05:00Z,payment_service,request_count,122.8,normal
2026-10-01T09:05:00Z,payment_service,cpu_percent,31.94,normal
2026-10-01T09:05:00Z,payment_service,memory_percent,44.12,normal
2026-10-01T09:05:00Z,payment_service,database_connections_percent,42.33,normal
2026-10-01T09:05:00Z,database,api_latency_ms,14.45,normal
2026-10-01T09:05:00Z,database,error_rate_percent,0.0,normal
2026-10-01T09:05:00Z,database,request_count,353.51,normal
2026-10-01T09:05:00Z,database,cpu_percent,42.3,normal
2026-10-01T09:05:00Z,database,memory_percent,56.95,normal
2026-10-01T09:05:00Z,database,database_connections_percent,38.12,normal
2026-10-01T09:06:00Z,api_gateway,api_latency_ms,66.39,normal
2026-10-01T09:06:00Z,api_gateway,error_rate_percent,0.55,normal
2026-10-01T09:06:00Z,api_gateway,request_count,252.21,normal
2026-10-01T09:06:00Z,api_gateway,cpu_percent,27.49,normal
2026-10-01T09:06:00Z,api_gateway,memory_percent,40.26,normal
2026-10-01T09:06:00Z,api_gateway,database_connections_percent,0.04,normal
2026-10-01T09:06:00Z,order_service,api_latency_ms,42.59,normal
2026-10-01T09:06:00Z,order_service,error_rate_percent,0.0,normal
2026-10-01T09:06:00Z,order_service,request_count,183.93,normal
2026-10-01T09:06:00Z,order_service,cpu_percent,36.58,normal
2026-10-01T09:06:00Z,order_service,memory_percent,44.09,normal
2026-10-01T09:06:00Z,order_service,database_connections_percent,33.23,normal
2026-10-01T09:06:00Z,payment_service,api_latency_ms,82.48,normal
2026-10-01T09:06:00Z,payment_service,error_rate_percent,1.33,normal
2026-10-01T09:06:00Z,payment_service,request_count,120.12,normal
2026-10-01T09:06:00Z,payment_service,cpu_percent,30.84,normal
2026-10-01T09:06:00Z,payment_service,memory_percent,47.56,normal
2026-10-01T09:06:00Z,payment_service,database_connections_percent,42.75,normal
2026-10-01T09:06:00Z,database,api_latency_ms,14.52,normal
2026-10-01T09:06:00Z,database,error_rate_percent,0.0,normal
2026-10-01T09:06:00Z,database,request_count,341.55,normal
2026-10-01T09:06:00Z,database,cpu_percent,38.09,normal
2026-10-01T09:06:00Z,database,memory_percent,60.37,normal
2026-10-01T09:06:00Z,database,database_connections_percent,41.09,normal
2026-10-01T09:07:00Z,api_gateway,api_latency_ms,66.05,normal
2026-10-01T09:07:00Z,api_gateway,error_rate_percent,0.07,normal
2026-10-01T09:07:00Z,api_gateway,request_count,246.35,normal
2026-10-01T09:07:00Z,api_gateway,cpu_percent,25.81,normal
2026-10-01T09:07:00Z,api_gateway,memory_percent,43.85,normal
2026-10-01T09:07:00Z,api_gateway,database_connections_percent,0.0,normal
2026-10-01T09:07:00Z,order_service,api_latency_ms,44.59,normal
2026-10-01T09:07:00Z,order_service,error_rate_percent,1.7,normal
2026-10-01T09:07:00Z,order_service,request_count,182.69,normal
2026-10-01T09:07:00Z,order_service,cpu_percent,33.68,normal
2026-10-01T09:07:00Z,order_service,memory_percent,48.93,normal
2026-10-01T09:07:00Z,order_service,database_connections_percent,37.01,normal
2026-10-01T09:07:00Z,payment_service,api_latency_ms,80.45,normal
2026-10-01T09:07:00Z,payment_service,error_rate_percent,0.0,normal
2026-10-01T09:07:00Z,payment_service,request_count,125.52,normal
2026-10-01T09:07:00Z,payment_service,cpu_percent,30.93,normal
2026-10-01T09:07:00Z,payment_service,memory_percent,52.5,normal
2026-10-01T09:07:00Z,payment_service,database_connections_percent,42.16,normal
2026-10-01T09:07:00Z,database,api_latency_ms,14.66,normal
2026-10-01T09:07:00Z,database,error_rate_percent,0.69,normal
2026-10-01T09:07:00Z,database,request_count,351.19,normal
2026-10-01T09:07:00Z,database,cpu_percent,41.71,normal
2026-10-01T09:07:00Z,database,memory_percent,61.45,normal
2026-10-01T09:07:00Z,database,database_connections_percent,36.39,normal
2026-10-01T09:08:00Z,api_gateway,api_latency_ms,62.91,normal
2026-10-01T09:08:00Z,api_gateway,error_rate_percent,0.71,normal
2026-10-01T09:08:00Z,api_gateway,request_count,245.82,normal
2026-10-01T09:08:00Z,api_gateway,cpu_percent,27.43,normal
2026-10-01T09:08:00Z,api_gateway,memory_percent,39.99,normal
2026-10-01T09:08:00Z,api_gateway,database_connections_percent,0.21,normal
2026-10-01T09:08:00Z,order_service,api_latency_ms,49.64,normal
2026-10-01T09:08:00Z,order_service,error_rate_percent,0.0,normal
2026-10-01T09:08:00Z,order_service,request_count,180.22,normal
2026-10-01T09:08:00Z,order_service,cpu_percent,37.47,normal
2026-10-01T09:08:00Z,order_service,memory_percent,49.8,normal
2026-10-01T09:08:00Z,order_service,database_connections_percent,35.79,normal
2026-10-01T09:08:00Z,payment_service,api_latency_ms,75.75,normal
2026-10-01T09:08:00Z,payment_service,error_rate_percent,0.51,normal
2026-10-01T09:08:00Z,payment_service,request_count,118.88,normal
2026-10-01T09:08:00Z,payment_service,cpu_percent,33.58,normal
2026-10-01T09:08:00Z,payment_service,memory_percent,50.85,normal
2026-10-01T09:08:00Z,payment_service,database_connections_percent,45.18,normal
2026-10-01T09:08:00Z,database,api_latency_ms,15.43,normal
2026-10-01T09:08:00Z,database,error_rate_percent,0.21,normal
2026-10-01T09:08:00Z,database,request_count,353.4,normal
2026-10-01T09:08:00Z,database,cpu_percent,39.29,normal
2026-10-01T09:08:00Z,database,memory_percent,61.02,normal
2026-10-01T09:08:00Z,database,database_connections_percent,37.44,normal
2026-10-01T09:09:00Z,api_gateway,api_latency_ms,65.55,normal
2026-10-01T09:09:00Z,api_gateway,error_rate_percent,0.86,normal
2026-10-01T09:09:00Z,api_gateway,request_count,237.42,normal
2026-10-01T09:09:00Z,api_gateway,cpu_percent,29.6,normal
2026-10-01T09:09:00Z,api_gateway,memory_percent,44.77,normal
2026-10-01T09:09:00Z,api_gateway,database_connections_percent,0.0,normal
2026-10-01T09:09:00Z,order_service,api_latency_ms,40.23,normal
2026-10-01T09:09:00Z,order_service,error_rate_percent,0.0,normal
2026-10-01T09:09:00Z,order_service,request_count,191.67,normal
2026-10-01T09:09:00Z,order_service,cpu_percent,34.96,normal
2026-10-01T09:09:00Z,order_service,memory_percent,47.5,normal
2026-10-01T09:09:00Z,order_service,database_connections_percent,34.12,normal
2026-10-01T09:09:00Z,payment_service,api_latency_ms,83.36,normal
2026-10-01T09:09:00Z,payment_service,error_rate_percent,0.57,normal
2026-10-01T09:09:00Z,payment_service,request_count,118.57,normal
2026-10-01T09:09:00Z,payment_service,cpu_percent,31.41,normal
2026-10-01T09:09:00Z,payment_service,memory_percent,47.06,normal
2026-10-01T09:09:00Z,payment_service,database_connections_percent,38.16,normal
2026-10-01T09:09:00Z,database,api_latency_ms,16.21,normal
2026-10-01T09:09:00Z,database,error_rate_percent,0.0,normal
2026-10-01T09:09:00Z,database,request_count,371.3,normal
2026-10-01T09:09:00Z,database,cpu_percent,43.04,normal
2026-10-01T09:09:00Z,database,memory_percent,62.99,normal
2026-10-01T09:09:00Z,database,database_connections_percent,37.18,normal
2026-10-01T09:10:00Z,api_gateway,api_latency_ms,185.48,database_failure
2026-10-01T09:10:00Z,api_gateway,error_rate_percent,6.99,database_failure
2026-10-01T09:10:00Z,api_gateway,request_count,238.7,database_failure
2026-10-01T09:10:00Z,api_gateway,cpu_percent,28.45,database_failure
2026-10-01T09:10:00Z,api_gateway,memory_percent,39.52,database_failure
2026-10-01T09:10:00Z,api_gateway,database_connections_percent,0.59,database_failure
2026-10-01T09:10:00Z,order_service,api_latency_ms,157.95,database_failure
2026-10-01T09:10:00Z,order_service,error_rate_percent,12.77,database_failure
2026-10-01T09:10:00Z,order_service,request_count,182.55,database_failure
2026-10-01T09:10:00Z,order_service,cpu_percent,34.55,database_failure
2026-10-01T09:10:00Z,order_service,memory_percent,51.47,database_failure
2026-10-01T09:10:00Z,order_service,database_connections_percent,75.64,database_failure
2026-10-01T09:10:00Z,payment_service,api_latency_ms,286.15,database_failure
2026-10-01T09:10:00Z,payment_service,error_rate_percent,11.99,database_failure
2026-10-01T09:10:00Z,payment_service,request_count,120.76,database_failure
2026-10-01T09:10:00Z,payment_service,cpu_percent,35.1,database_failure
2026-10-01T09:10:00Z,payment_service,memory_percent,45.6,database_failure
2026-10-01T09:10:00Z,payment_service,database_connections_percent,75.11,database_failure
2026-10-01T09:10:00Z,database,api_latency_ms,15.39,database_failure
2026-10-01T09:10:00Z,database,error_rate_percent,17.79,database_failure
2026-10-01T09:10:00Z,database,request_count,358.56,database_failure
2026-10-01T09:10:00Z,database,cpu_percent,75.16,database_failure
2026-10-01T09:10:00Z,database,memory_percent,61.23,database_failure
2026-10-01T09:10:00Z,database,database_connections_percent,81.48,database_failure
2026-10-01T09:11:00Z,api_gateway,api_latency_ms,212.01,database_failure
2026-10-01T09:11:00Z,api_gateway,error_rate_percent,8.93,database_failure
2026-10-01T09:11:00Z,api_gateway,request_count,237.82,database_failure
2026-10-01T09:11:00Z,api_gateway,cpu_percent,29.55,database_failure
2026-10-01T09:11:00Z,api_gateway,memory_percent,41.75,database_failure
2026-10-01T09:11:00Z,api_gateway,database_connections_percent,0.0,database_failure
2026-10-01T09:11:00Z,order_service,api_latency_ms,184.91,database_failure
2026-10-01T09:11:00Z,order_service,error_rate_percent,15.07,database_failure
2026-10-01T09:11:00Z,order_service,request_count,179.19,database_failure
2026-10-01T09:11:00Z,order_service,cpu_percent,35.58,database_failure
2026-10-01T09:11:00Z,order_service,memory_percent,50.48,database_failure
2026-10-01T09:11:00Z,order_service,database_connections_percent,79.17,database_failure
2026-10-01T09:11:00Z,payment_service,api_latency_ms,323.59,database_failure
2026-10-01T09:11:00Z,payment_service,error_rate_percent,15.59,database_failure
2026-10-01T09:11:00Z,payment_service,request_count,118.44,database_failure
2026-10-01T09:11:00Z,payment_service,cpu_percent,33.18,database_failure
2026-10-01T09:11:00Z,payment_service,memory_percent,49.48,database_failure
2026-10-01T09:11:00Z,payment_service,database_connections_percent,76.06,database_failure
2026-10-01T09:11:00Z,database,api_latency_ms,15.81,database_failure
2026-10-01T09:11:00Z,database,error_rate_percent,20.35,database_failure
2026-10-01T09:11:00Z,database,request_count,356.43,database_failure
2026-10-01T09:11:00Z,database,cpu_percent,76.56,database_failure
2026-10-01T09:11:00Z,database,memory_percent,58.95,database_failure
2026-10-01T09:11:00Z,database,database_connections_percent,82.19,database_failure
2026-10-01T09:12:00Z,api_gateway,api_latency_ms,230.1,database_failure
2026-10-01T09:12:00Z,api_gateway,error_rate_percent,10.19,database_failure
2026-10-01T09:12:00Z,api_gateway,request_count,236.83,database_failure
2026-10-01T09:12:00Z,api_gateway,cpu_percent,26.51,database_failure
2026-10-01T09:12:00Z,api_gateway,memory_percent,44.0,database_failure
2026-10-01T09:12:00Z,api_gateway,database_connections_percent,0.86,database_failure
2026-10-01T09:12:00Z,order_service,api_latency_ms,206.76,database_failure
2026-10-01T09:12:00Z,order_service,error_rate_percent,17.92,database_failure
2026-10-01T09:12:00Z,order_service,request_count,180.63,database_failure
2026-10-01T09:12:00Z,order_service,cpu_percent,37.03,database_failure
2026-10-01T09:12:00Z,order_service,memory_percent,47.68,database_failure
2026-10-01T09:12:00Z,order_service,database_connections_percent,79.82,database_failure
2026-10-01T09:12:00Z,payment_service,api_latency_ms,371.9,database_failure
2026-10-01T09:12:00Z,payment_service,error_rate_percent,18.25,database_failure
2026-10-01T09:12:00Z,payment_service,request_count,121.14,database_failure
2026-10-01T09:12:00Z,payment_service,cpu_percent,33.6,database_failure
2026-10-01T09:12:00Z,payment_service,memory_percent,41.51,database_failure
2026-10-01T09:12:00Z,payment_service,database_connections_percent,80.76,database_failure
2026-10-01T09:12:00Z,database,api_latency_ms,14.51,database_failure
2026-10-01T09:12:00Z,database,error_rate_percent,21.11,database_failure
2026-10-01T09:12:00Z,database,request_count,374.04,database_failure
2026-10-01T09:12:00Z,database,cpu_percent,76.63,database_failure
2026-10-01T09:12:00Z,database,memory_percent,64.84,database_failure
2026-10-01T09:12:00Z,database,database_connections_percent,87.94,database_failure
2026-10-01T09:13:00Z,api_gateway,api_latency_ms,251.58,database_failure
2026-10-01T09:13:00Z,api_gateway,error_rate_percent,13.04,database_failure
2026-10-01T09:13:00Z,api_gateway,request_count,229.98,database_failure
2026-10-01T09:13:00Z,api_gateway,cpu_percent,27.66,database_failure
2026-10-01T09:13:00Z,api_gateway,memory_percent,40.23,database_failure
2026-10-01T09:13:00Z,api_gateway,database_connections_percent,1.09,database_failure
2026-10-01T09:13:00Z,order_service,api_latency_ms,230.6,database_failure
2026-10-01T09:13:00Z,order_service,error_rate_percent,20.73,database_failure
2026-10-01T09:13:00Z,order_service,request_count,184.96,database_failure
2026-10-01T09:13:00Z,order_service,cpu_percent,35.08,database_failure
2026-10-01T09:13:00Z,order_service,memory_percent,54.24,database_failure
2026-10-01T09:13:00Z,order_service,database_connections_percent,79.78,database_failure
2026-10-01T09:13:00Z,payment_service,api_latency_ms,411.45,database_failure
2026-10-01T09:13:00Z,payment_service,error_rate_percent,20.3,database_failure
2026-10-01T09:13:00Z,payment_service,request_count,112.08,database_failure
2026-10-01T09:13:00Z,payment_service,cpu_percent,31.02,database_failure
2026-10-01T09:13:00Z,payment_service,memory_percent,47.91,database_failure
2026-10-01T09:13:00Z,payment_service,database_connections_percent,80.01,database_failure
2026-10-01T09:13:00Z,database,api_latency_ms,14.48,database_failure
2026-10-01T09:13:00Z,database,error_rate_percent,22.13,database_failure
2026-10-01T09:13:00Z,database,request_count,323.67,database_failure
2026-10-01T09:13:00Z,database,cpu_percent,78.35,database_failure
2026-10-01T09:13:00Z,database,memory_percent,55.63,database_failure
2026-10-01T09:13:00Z,database,database_connections_percent,83.73,database_failure
2026-10-01T09:14:00Z,api_gateway,api_latency_ms,271.87,database_failure
2026-10-01T09:14:00Z,api_gateway,error_rate_percent,15.67,database_failure
2026-10-01T09:14:00Z,api_gateway,request_count,226.56,database_failure
2026-10-01T09:14:00Z,api_gateway,cpu_percent,28.16,database_failure
2026-10-01T09:14:00Z,api_gateway,memory_percent,41.66,database_failure
2026-10-01T09:14:00Z,api_gateway,database_connections_percent,0.34,database_failure
2026-10-01T09:14:00Z,order_service,api_latency_ms,255.48,database_failure
2026-10-01T09:14:00Z,order_service,error_rate_percent,22.96,database_failure
2026-10-01T09:14:00Z,order_service,request_count,177.13,database_failure
2026-10-01T09:14:00Z,order_service,cpu_percent,33.61,database_failure
2026-10-01T09:14:00Z,order_service,memory_percent,52.69,database_failure
2026-10-01T09:14:00Z,order_service,database_connections_percent,82.37,database_failure
2026-10-01T09:14:00Z,payment_service,api_latency_ms,460.94,database_failure
2026-10-01T09:14:00Z,payment_service,error_rate_percent,23.3,database_failure
2026-10-01T09:14:00Z,payment_service,request_count,115.75,database_failure
2026-10-01T09:14:00Z,payment_service,cpu_percent,29.58,database_failure
2026-10-01T09:14:00Z,payment_service,memory_percent,43.67,database_failure
2026-10-01T09:14:00Z,payment_service,database_connections_percent,79.17,database_failure
2026-10-01T09:14:00Z,database,api_latency_ms,15.2,database_failure
2026-10-01T09:14:00Z,database,error_rate_percent,22.09,database_failure
2026-10-01T09:14:00Z,database,request_count,365.66,database_failure
2026-10-01T09:14:00Z,database,cpu_percent,77.66,database_failure
2026-10-01T09:14:00Z,database,memory_percent,64.84,database_failure
2026-10-01T09:14:00Z,database,database_connections_percent,87.77,database_failure
2026-10-01T09:15:00Z,api_gateway,api_latency_ms,289.6,database_failure
2026-10-01T09:15:00Z,api_gateway,error_rate_percent,15.92,database_failure
2026-10-01T09:15:00Z,api_gateway,request_count,241.01,database_failure
2026-10-01T09:15:00Z,api_gateway,cpu_percent,27.7,database_failure
2026-10-01T09:15:00Z,api_gateway,memory_percent,39.93,database_failure
2026-10-01T09:15:00Z,api_gateway,database_connections_percent,0.0,database_failure
2026-10-01T09:15:00Z,order_service,api_latency_ms,279.17,database_failure
2026-10-01T09:15:00Z,order_service,error_rate_percent,25.89,database_failure
2026-10-01T09:15:00Z,order_service,request_count,174.15,database_failure
2026-10-01T09:15:00Z,order_service,cpu_percent,35.3,database_failure
2026-10-01T09:15:00Z,order_service,memory_percent,51.1,database_failure
2026-10-01T09:15:00Z,order_service,database_connections_percent,81.89,database_failure
2026-10-01T09:15:00Z,payment_service,api_latency_ms,501.64,database_failure
2026-10-01T09:15:00Z,payment_service,error_rate_percent,25.95,database_failure
2026-10-01T09:15:00Z,payment_service,request_count,120.11,database_failure
2026-10-01T09:15:00Z,payment_service,cpu_percent,33.13,database_failure
2026-10-01T09:15:00Z,payment_service,memory_percent,48.56,database_failure
2026-10-01T09:15:00Z,payment_service,database_connections_percent,85.71,database_failure
2026-10-01T09:15:00Z,database,api_latency_ms,15.22,database_failure
2026-10-01T09:15:00Z,database,error_rate_percent,27.42,database_failure
2026-10-01T09:15:00Z,database,request_count,329.98,database_failure
2026-10-01T09:15:00Z,database,cpu_percent,80.15,database_failure
2026-10-01T09:15:00Z,database,memory_percent,59.38,database_failure
2026-10-01T09:15:00Z,database,database_connections_percent,85.47,database_failure
2026-10-01T09:16:00Z,api_gateway,api_latency_ms,312.38,database_failure
2026-10-01T09:16:00Z,api_gateway,error_rate_percent,19.05,database_failure
2026-10-01T09:16:00Z,api_gateway,request_count,252.0,database_failure
2026-10-01T09:16:00Z,api_gateway,cpu_percent,26.56,database_failure
2026-10-01T09:16:00Z,api_gateway,memory_percent,44.66,database_failure
2026-10-01T09:16:00Z,api_gateway,database_connections_percent,0.0,database_failure
2026-10-01T09:16:00Z,order_service,api_latency_ms,305.18,database_failure
2026-10-01T09:16:00Z,order_service,error_rate_percent,28.88,database_failure
2026-10-01T09:16:00Z,order_service,request_count,174.18,database_failure
2026-10-01T09:16:00Z,order_service,cpu_percent,38.11,database_failure
2026-10-01T09:16:00Z,order_service,memory_percent,47.02,database_failure
2026-10-01T09:16:00Z,order_service,database_connections_percent,86.88,database_failure
2026-10-01T09:16:00Z,payment_service,api_latency_ms,542.67,database_failure
2026-10-01T09:16:00Z,payment_service,error_rate_percent,28.33,database_failure
2026-10-01T09:16:00Z,payment_service,request_count,128.35,database_failure
2026-10-01T09:16:00Z,payment_service,cpu_percent,31.6,database_failure
2026-10-01T09:16:00Z,payment_service,memory_percent,48.69,database_failure
2026-10-01T09:16:00Z,payment_service,database_connections_percent,85.79,database_failure
2026-10-01T09:16:00Z,database,api_latency_ms,14.9,database_failure
2026-10-01T09:16:00Z,database,error_rate_percent,30.99,database_failure
2026-10-01T09:16:00Z,database,request_count,319.4,database_failure
2026-10-01T09:16:00Z,database,cpu_percent,80.95,database_failure
2026-10-01T09:16:00Z,database,memory_percent,63.1,database_failure
2026-10-01T09:16:00Z,database,database_connections_percent,89.92,database_failure
2026-10-01T09:17:00Z,api_gateway,api_latency_ms,334.5,database_failure
2026-10-01T09:17:00Z,api_gateway,error_rate_percent,20.45,database_failure
2026-10-01T09:17:00Z,api_gateway,request_count,247.31,database_failure
2026-10-01T09:17:00Z,api_gateway,cpu_percent,27.57,database_failure
2026-10-01T09:17:00Z,api_gateway,memory_percent,43.64,database_failure
2026-10-01T09:17:00Z,api_gateway,database_connections_percent,0.66,database_failure
2026-10-01T09:17:00Z,order_service,api_latency_ms,330.14,database_failure
2026-10-01T09:17:00Z,order_service,error_rate_percent,31.05,database_failure
2026-10-01T09:17:00Z,order_service,request_count,178.12,database_failure
2026-10-01T09:17:00Z,order_service,cpu_percent,32.05,database_failure
2026-10-01T09:17:00Z,order_service,memory_percent,47.99,database_failure
2026-10-01T09:17:00Z,order_service,database_connections_percent,88.42,database_failure
2026-10-01T09:17:00Z,payment_service,api_latency_ms,587.8,database_failure
2026-10-01T09:17:00Z,payment_service,error_rate_percent,30.72,database_failure
2026-10-01T09:17:00Z,payment_service,request_count,116.45,database_failure
2026-10-01T09:17:00Z,payment_service,cpu_percent,31.96,database_failure
2026-10-01T09:17:00Z,payment_service,memory_percent,48.67,database_failure
2026-10-01T09:17:00Z,payment_service,database_connections_percent,85.11,database_failure
2026-10-01T09:17:00Z,database,api_latency_ms,15.32,database_failure
2026-10-01T09:17:00Z,database,error_rate_percent,30.73,database_failure
2026-10-01T09:17:00Z,database,request_count,359.56,database_failure
2026-10-01T09:17:00Z,database,cpu_percent,82.47,database_failure
2026-10-01T09:17:00Z,database,memory_percent,59.67,database_failure
2026-10-01T09:17:00Z,database,database_connections_percent,89.6,database_failure
2026-10-01T09:18:00Z,api_gateway,api_latency_ms,356.66,database_failure
2026-10-01T09:18:00Z,api_gateway,error_rate_percent,23.8,database_failure
2026-10-01T09:18:00Z,api_gateway,request_count,257.01,database_failure
2026-10-01T09:18:00Z,api_gateway,cpu_percent,27.59,database_failure
2026-10-01T09:18:00Z,api_gateway,memory_percent,43.46,database_failure
2026-10-01T09:18:00Z,api_gateway,database_connections_percent,0.0,database_failure
2026-10-01T09:18:00Z,order_service,api_latency_ms,353.64,database_failure
2026-10-01T09:18:00Z,order_service,error_rate_percent,34.18,database_failure
2026-10-01T09:18:00Z,order_service,request_count,179.03,database_failure
2026-10-01T09:18:00Z,order_service,cpu_percent,35.78,database_failure
2026-10-01T09:18:00Z,order_service,memory_percent,46.07,database_failure
2026-10-01T09:18:00Z,order_service,database_connections_percent,86.23,database_failure
2026-10-01T09:18:00Z,payment_service,api_latency_ms,619.22,database_failure
2026-10-01T09:18:00Z,payment_service,error_rate_percent,34.07,database_failure
2026-10-01T09:18:00Z,payment_service,request_count,130.4,database_failure
2026-10-01T09:18:00Z,payment_service,cpu_percent,35.57,database_failure
2026-10-01T09:18:00Z,payment_service,memory_percent,49.53,database_failure
2026-10-01T09:18:00Z,payment_service,database_connections_percent,89.2,database_failure
2026-10-01T09:18:00Z,database,api_latency_ms,13.65,database_failure
2026-10-01T09:18:00Z,database,error_rate_percent,31.15,database_failure
2026-10-01T09:18:00Z,database,request_count,339.14,database_failure
2026-10-01T09:18:00Z,database,cpu_percent,83.72,database_failure
2026-10-01T09:18:00Z,database,memory_percent,54.06,database_failure
2026-10-01T09:18:00Z,database,database_connections_percent,91.75,database_failure
2026-10-01T09:19:00Z,api_gateway,api_latency_ms,379.94,database_failure
2026-10-01T09:19:00Z,api_gateway,error_rate_percent,26.04,database_failure
2026-10-01T09:19:00Z,api_gateway,request_count,238.51,database_failure
2026-10-01T09:19:00Z,api_gateway,cpu_percent,24.46,database_failure
2026-10-01T09:19:00Z,api_gateway,memory_percent,41.4,database_failure
2026-10-01T09:19:00Z,api_gateway,database_connections_percent,0.55,database_failure
2026-10-01T09:19:00Z,order_service,api_latency_ms,379.41,database_failure
2026-10-01T09:19:00Z,order_service,error_rate_percent,36.05,database_failure
2026-10-01T09:19:00Z,order_service,request_count,184.47,database_failure
2026-10-01T09:19:00Z,order_service,cpu_percent,34.19,database_failure
2026-10-01T09:19:00Z,order_service,memory_percent,49.74,database_failure
2026-10-01T09:19:00Z,order_service,database_connections_percent,94.29,database_failure
2026-10-01T09:19:00Z,payment_service,api_latency_ms,660.65,database_failure
2026-10-01T09:19:00Z,payment_service,error_rate_percent,36.79,database_failure
2026-10-01T09:19:00Z,payment_service,request_count,122.81,database_failure
2026-10-01T09:19:00Z,payment_service,cpu_percent,33.74,database_failure
2026-10-01T09:19:00Z,payment_service,memory_percent,48.24,database_failure
2026-10-01T09:19:00Z,payment_service,database_connections_percent,90.28,database_failure
2026-10-01T09:19:00Z,database,api_latency_ms,14.71,database_failure
2026-10-01T09:19:00Z,database,error_rate_percent,34.45,database_failure
2026-10-01T09:19:00Z,database,request_count,360.88,database_failure
2026-10-01T09:19:00Z,database,cpu_percent,86.68,database_failure
2026-10-01T09:19:00Z,database,memory_percent,59.91,database_failure
2026-10-01T09:19:00Z,database,database_connections_percent,94.75,database_failure
2026-10-01T09:20:00Z,api_gateway,api_latency_ms,395.07,database_failure
2026-10-01T09:20:00Z,api_gateway,error_rate_percent,27.63,database_failure
2026-10-01T09:20:00Z,api_gateway,request_count,238.68,database_failure
2026-10-01T09:20:00Z,api_gateway,cpu_percent,27.08,database_failure
2026-10-01T09:20:00Z,api_gateway,memory_percent,40.75,database_failure
2026-10-01T09:20:00Z,api_gateway,database_connections_percent,0.69,database_failure
2026-10-01T09:20:00Z,order_service,api_latency_ms,394.19,database_failure
2026-10-01T09:20:00Z,order_service,error_rate_percent,40.9,database_failure
2026-10-01T09:20:00Z,order_service,request_count,189.5,database_failure
2026-10-01T09:20:00Z,order_service,cpu_percent,35.39,database_failure
2026-10-01T09:20:00Z,order_service,memory_percent,49.86,database_failure
2026-10-01T09:20:00Z,order_service,database_connections_percent,91.63,database_failure
2026-10-01T09:20:00Z,payment_service,api_latency_ms,711.42,database_failure
2026-10-01T09:20:00Z,payment_service,error_rate_percent,39.66,database_failure
2026-10-01T09:20:00Z,payment_service,request_count,123.33,database_failure
2026-10-01T09:20:00Z,payment_service,cpu_percent,32.14,database_failure
2026-10-01T09:20:00Z,payment_service,memory_percent,47.53,database_failure
2026-10-01T09:20:00Z,payment_service,database_connections_percent,90.83,database_failure
2026-10-01T09:20:00Z,database,api_latency_ms,14.85,database_failure
2026-10-01T09:20:00Z,database,error_rate_percent,38.75,database_failure
2026-10-01T09:20:00Z,database,request_count,298.54,database_failure
2026-10-01T09:20:00Z,database,cpu_percent,90.03,database_failure
2026-10-01T09:20:00Z,database,memory_percent,59.94,database_failure
2026-10-01T09:20:00Z,database,database_connections_percent,94.32,database_failure
2026-10-01T09:21:00Z,api_gateway,api_latency_ms,425.58,database_failure
2026-10-01T09:21:00Z,api_gateway,error_rate_percent,28.61,database_failure
2026-10-01T09:21:00Z,api_gateway,request_count,255.09,database_failure
2026-10-01T09:21:00Z,api_gateway,cpu_percent,26.64,database_failure
2026-10-01T09:21:00Z,api_gateway,memory_percent,39.1,database_failure
2026-10-01T09:21:00Z,api_gateway,database_connections_percent,0.0,database_failure
2026-10-01T09:21:00Z,order_service,api_latency_ms,424.94,database_failure
2026-10-01T09:21:00Z,order_service,error_rate_percent,42.48,database_failure
2026-10-01T09:21:00Z,order_service,request_count,184.62,database_failure
2026-10-01T09:21:00Z,order_service,cpu_percent,36.27,database_failure
2026-10-01T09:21:00Z,order_service,memory_percent,51.29,database_failure
2026-10-01T09:21:00Z,order_service,database_connections_percent,91.48,database_failure
2026-10-01T09:21:00Z,payment_service,api_latency_ms,753.73,database_failure
2026-10-01T09:21:00Z,payment_service,error_rate_percent,42.4,database_failure
2026-10-01T09:21:00Z,payment_service,request_count,124.53,database_failure
2026-10-01T09:21:00Z,payment_service,cpu_percent,33.9,database_failure
2026-10-01T09:21:00Z,payment_service,memory_percent,49.7,database_failure
2026-10-01T09:21:00Z,payment_service,database_connections_percent,93.3,database_failure
2026-10-01T09:21:00Z,database,api_latency_ms,15.8,database_failure
2026-10-01T09:21:00Z,database,error_rate_percent,37.22,database_failure
2026-10-01T09:21:00Z,database,request_count,347.15,database_failure
2026-10-01T09:21:00Z,database,cpu_percent,87.16,database_failure
2026-10-01T09:21:00Z,database,memory_percent,59.57,database_failure
2026-10-01T09:21:00Z,database,database_connections_percent,93.39,database_failure
2026-10-01T09:22:00Z,api_gateway,api_latency_ms,438.01,database_failure
2026-10-01T09:22:00Z,api_gateway,error_rate_percent,31.11,database_failure
2026-10-01T09:22:00Z,api_gateway,request_count,250.02,database_failure
2026-10-01T09:22:00Z,api_gateway,cpu_percent,26.86,database_failure
2026-10-01T09:22:00Z,api_gateway,memory_percent,43.38,database_failure
2026-10-01T09:22:00Z,api_gateway,database_connections_percent,0.47,database_failure
2026-10-01T09:22:00Z,order_service,api_latency_ms,443.38,database_failure
2026-10-01T09:22:00Z,order_service,error_rate_percent,44.29,database_failure
2026-10-01T09:22:00Z,order_service,request_count,173.08,database_failure
2026-10-01T09:22:00Z,order_service,cpu_percent,33.36,database_failure
2026-10-01T09:22:00Z,order_service,memory_percent,52.07,database_failure
2026-10-01T09:22:00Z,order_service,database_connections_percent,93.73,database_failure
2026-10-01T09:22:00Z,payment_service,api_latency_ms,793.61,database_failure
2026-10-01T09:22:00Z,payment_service,error_rate_percent,43.66,database_failure
2026-10-01T09:22:00Z,payment_service,request_count,123.81,database_failure
2026-10-01T09:22:00Z,payment_service,cpu_percent,30.02,database_failure
2026-10-01T09:22:00Z,payment_service,memory_percent,48.14,database_failure
2026-10-01T09:22:00Z,payment_service,database_connections_percent,94.62,database_failure
2026-10-01T09:22:00Z,database,api_latency_ms,16.02,database_failure
2026-10-01T09:22:00Z,database,error_rate_percent,34.31,database_failure
2026-10-01T09:22:00Z,database,request_count,353.22,database_failure
2026-10-01T09:22:00Z,database,cpu_percent,97.75,database_failure
2026-10-01T09:22:00Z,database,memory_percent,60.63,database_failure
2026-10-01T09:22:00Z,database,database_connections_percent,96.34,database_failure
2026-10-01T09:23:00Z,api_gateway,api_latency_ms,462.67,database_failure
2026-10-01T09:23:00Z,api_gateway,error_rate_percent,33.24,database_failure
2026-10-01T09:23:00Z,api_gateway,request_count,256.32,database_failure
2026-10-01T09:23:00Z,api_gateway,cpu_percent,29.48,database_failure
2026-10-01T09:23:00Z,api_gateway,memory_percent,47.8,database_failure
2026-10-01T09:23:00Z,api_gateway,database_connections_percent,0.2,database_failure
2026-10-01T09:23:00Z,order_service,api_latency_ms,469.85,database_failure
2026-10-01T09:23:00Z,order_service,error_rate_percent,47.32,database_failure
2026-10-01T09:23:00Z,order_service,request_count,164.08,database_failure
2026-10-01T09:23:00Z,order_service,cpu_percent,33.78,database_failure
2026-10-01T09:23:00Z,order_service,memory_percent,48.98,database_failure
2026-10-01T09:23:00Z,order_service,database_connections_percent,94.62,database_failure
2026-10-01T09:23:00Z,payment_service,api_latency_ms,837.94,database_failure
2026-10-01T09:23:00Z,payment_service,error_rate_percent,46.92,database_failure
2026-10-01T09:23:00Z,payment_service,request_count,126.73,database_failure
2026-10-01T09:23:00Z,payment_service,cpu_percent,32.0,database_failure
2026-10-01T09:23:00Z,payment_service,memory_percent,47.98,database_failure
2026-10-01T09:23:00Z,payment_service,database_connections_percent,94.88,database_failure
2026-10-01T09:23:00Z,database,api_latency_ms,15.12,database_failure
2026-10-01T09:23:00Z,database,error_rate_percent,41.68,database_failure
2026-10-01T09:23:00Z,database,request_count,338.48,database_failure
2026-10-01T09:23:00Z,database,cpu_percent,90.03,database_failure
2026-10-01T09:23:00Z,database,memory_percent,57.54,database_failure
2026-10-01T09:23:00Z,database,database_connections_percent,97.7,database_failure
2026-10-01T09:24:00Z,api_gateway,api_latency_ms,488.35,database_failure
2026-10-01T09:24:00Z,api_gateway,error_rate_percent,35.1,database_failure
2026-10-01T09:24:00Z,api_gateway,request_count,260.64,database_failure
2026-10-01T09:24:00Z,api_gateway,cpu_percent,27.81,database_failure
2026-10-01T09:24:00Z,api_gateway,memory_percent,42.82,database_failure
2026-10-01T09:24:00Z,api_gateway,database_connections_percent,0.0,database_failure
2026-10-01T09:24:00Z,order_service,api_latency_ms,495.6,database_failure
2026-10-01T09:24:00Z,order_service,error_rate_percent,49.71,database_failure
2026-10-01T09:24:00Z,order_service,request_count,158.05,database_failure
2026-10-01T09:24:00Z,order_service,cpu_percent,34.77,database_failure
2026-10-01T09:24:00Z,order_service,memory_percent,53.56,database_failure
2026-10-01T09:24:00Z,order_service,database_connections_percent,98.62,database_failure
2026-10-01T09:24:00Z,payment_service,api_latency_ms,883.86,database_failure
2026-10-01T09:24:00Z,payment_service,error_rate_percent,50.62,database_failure
2026-10-01T09:24:00Z,payment_service,request_count,120.53,database_failure
2026-10-01T09:24:00Z,payment_service,cpu_percent,32.32,database_failure
2026-10-01T09:24:00Z,payment_service,memory_percent,46.52,database_failure
2026-10-01T09:24:00Z,payment_service,database_connections_percent,96.37,database_failure
2026-10-01T09:24:00Z,database,api_latency_ms,15.46,database_failure
2026-10-01T09:24:00Z,database,error_rate_percent,45.32,database_failure
2026-10-01T09:24:00Z,database,request_count,342.12,database_failure
2026-10-01T09:24:00Z,database,cpu_percent,96.2,database_failure
2026-10-01T09:24:00Z,database,memory_percent,55.67,database_failure
2026-10-01T09:24:00Z,database,database_connections_percent,94.09,database_failure
2026-10-01T09:25:00Z,api_gateway,api_latency_ms,61.03,normal
2026-10-01T09:25:00Z,api_gateway,error_rate_percent,0.0,normal
2026-10-01T09:25:00Z,api_gateway,request_count,248.15,normal
2026-10-01T09:25:00Z,api_gateway,cpu_percent,27.37,normal
2026-10-01T09:25:00Z,api_gateway,memory_percent,45.05,normal
2026-10-01T09:25:00Z,api_gateway,database_connections_percent,0.16,normal
2026-10-01T09:25:00Z,order_service,api_latency_ms,45.68,normal
2026-10-01T09:25:00Z,order_service,error_rate_percent,0.41,normal
2026-10-01T09:25:00Z,order_service,request_count,169.75,normal
2026-10-01T09:25:00Z,order_service,cpu_percent,36.82,normal
2026-10-01T09:25:00Z,order_service,memory_percent,49.81,normal
2026-10-01T09:25:00Z,order_service,database_connections_percent,36.17,normal
2026-10-01T09:25:00Z,payment_service,api_latency_ms,75.71,normal
2026-10-01T09:25:00Z,payment_service,error_rate_percent,0.0,normal
2026-10-01T09:25:00Z,payment_service,request_count,124.91,normal
2026-10-01T09:25:00Z,payment_service,cpu_percent,32.6,normal
2026-10-01T09:25:00Z,payment_service,memory_percent,45.84,normal
2026-10-01T09:25:00Z,payment_service,database_connections_percent,38.26,normal
2026-10-01T09:25:00Z,database,api_latency_ms,15.84,normal
2026-10-01T09:25:00Z,database,error_rate_percent,0.0,normal
2026-10-01T09:25:00Z,database,request_count,378.75,normal
2026-10-01T09:25:00Z,database,cpu_percent,38.2,normal
2026-10-01T09:25:00Z,database,memory_percent,61.92,normal
2026-10-01T09:25:00Z,database,database_connections_percent,37.38,normal
2026-10-01T09:26:00Z,api_gateway,api_latency_ms,66.96,normal
2026-10-01T09:26:00Z,api_gateway,error_rate_percent,0.0,normal
2026-10-01T09:26:00Z,api_gateway,request_count,247.97,normal
2026-10-01T09:26:00Z,api_gateway,cpu_percent,28.06,normal
2026-10-01T09:26:00Z,api_gateway,memory_percent,39.9,normal
2026-10-01T09:26:00Z,api_gateway,database_connections_percent,0.37,normal
2026-10-01T09:26:00Z,order_service,api_latency_ms,43.85,normal
2026-10-01T09:26:00Z,order_service,error_rate_percent,0.0,normal
2026-10-01T09:26:00Z,order_service,request_count,171.05,normal
2026-10-01T09:26:00Z,order_service,cpu_percent,30.52,normal
2026-10-01T09:26:00Z,order_service,memory_percent,49.52,normal
2026-10-01T09:26:00Z,order_service,database_connections_percent,39.22,normal
2026-10-01T09:26:00Z,payment_service,api_latency_ms,83.14,normal
2026-10-01T09:26:00Z,payment_service,error_rate_percent,0.29,normal
2026-10-01T09:26:00Z,payment_service,request_count,118.42,normal
2026-10-01T09:26:00Z,payment_service,cpu_percent,32.04,normal
2026-10-01T09:26:00Z,payment_service,memory_percent,49.31,normal
2026-10-01T09:26:00Z,payment_service,database_connections_percent,37.64,normal
2026-10-01T09:26:00Z,database,api_latency_ms,15.84,normal
2026-10-01T09:26:00Z,database,error_rate_percent,0.41,normal
2026-10-01T09:26:00Z,database,request_count,362.57,normal
2026-10-01T09:26:00Z,database,cpu_percent,40.88,normal
2026-10-01T09:26:00Z,database,memory_percent,60.06,normal
2026-10-01T09:26:00Z,database,database_connections_percent,39.28,normal
2026-10-01T09:27:00Z,api_gateway,api_latency_ms,66.92,normal
2026-10-01T09:27:00Z,api_gateway,error_rate_percent,0.02,normal
2026-10-01T09:27:00Z,api_gateway,request_count,242.83,normal
2026-10-01T09:27:00Z,api_gateway,cpu_percent,28.14,normal
2026-10-01T09:27:00Z,api_gateway,memory_percent,45.25,normal
2026-10-01T09:27:00Z,api_gateway,database_connections_percent,0.0,normal
2026-10-01T09:27:00Z,order_service,api_latency_ms,41.7,normal
2026-10-01T09:27:00Z,order_service,error_rate_percent,0.18,normal
2026-10-01T09:27:00Z,order_service,request_count,180.46,normal
2026-10-01T09:27:00Z,order_service,cpu_percent,35.3,normal
2026-10-01T09:27:00Z,order_service,memory_percent,50.61,normal
2026-10-01T09:27:00Z,order_service,database_connections_percent,34.61,normal
2026-10-01T09:27:00Z,payment_service,api_latency_ms,85.96,normal
2026-10-01T09:27:00Z,payment_service,error_rate_percent,0.0,normal
2026-10-01T09:27:00Z,payment_service,request_count,115.03,normal
2026-10-01T09:27:00Z,payment_service,cpu_percent,31.83,normal
2026-10-01T09:27:00Z,payment_service,memory_percent,44.06,normal
2026-10-01T09:27:00Z,payment_service,database_connections_percent,39.65,normal
2026-10-01T09:27:00Z,database,api_latency_ms,16.25,normal
2026-10-01T09:27:00Z,database,error_rate_percent,0.06,normal
2026-10-01T09:27:00Z,database,request_count,354.04,normal
2026-10-01T09:27:00Z,database,cpu_percent,37.48,normal
2026-10-01T09:27:00Z,database,memory_percent,58.15,normal
2026-10-01T09:27:00Z,database,database_connections_percent,37.29,normal
2026-10-01T09:28:00Z,api_gateway,api_latency_ms,63.97,normal
2026-10-01T09:28:00Z,api_gateway,error_rate_percent,0.84,normal
2026-10-01T09:28:00Z,api_gateway,request_count,256.97,normal
2026-10-01T09:28:00Z,api_gateway,cpu_percent,26.44,normal
2026-10-01T09:28:00Z,api_gateway,memory_percent,42.52,normal
2026-10-01T09:28:00Z,api_gateway,database_connections_percent,0.25,normal
2026-10-01T09:28:00Z,order_service,api_latency_ms,47.57,normal
2026-10-01T09:28:00Z,order_service,error_rate_percent,0.89,normal
2026-10-01T09:28:00Z,order_service,request_count,170.86,normal
2026-10-01T09:28:00Z,order_service,cpu_percent,33.58,normal
2026-10-01T09:28:00Z,order_service,memory_percent,46.86,normal
2026-10-01T09:28:00Z,order_service,database_connections_percent,34.59,normal
2026-10-01T09:28:00Z,payment_service,api_latency_ms,81.87,normal
2026-10-01T09:28:00Z,payment_service,error_rate_percent,0.79,normal
2026-10-01T09:28:00Z,payment_service,request_count,119.54,normal
2026-10-01T09:28:00Z,payment_service,cpu_percent,31.49,normal
2026-10-01T09:28:00Z,payment_service,memory_percent,48.36,normal
2026-10-01T09:28:00Z,payment_service,database_connections_percent,38.33,normal
2026-10-01T09:28:00Z,database,api_latency_ms,16.57,normal
2026-10-01T09:28:00Z,database,error_rate_percent,0.0,normal
2026-10-01T09:28:00Z,database,request_count,353.23,normal
2026-10-01T09:28:00Z,database,cpu_percent,44.05,normal
2026-10-01T09:28:00Z,database,memory_percent,60.02,normal
2026-10-01T09:28:00Z,database,database_connections_percent,37.64,normal
2026-10-01T09:29:00Z,api_gateway,api_latency_ms,63.84,normal
2026-10-01T09:29:00Z,api_gateway,error_rate_percent,0.11,normal
2026-10-01T09:29:00Z,api_gateway,request_count,267.16,normal
2026-10-01T09:29:00Z,api_gateway,cpu_percent,24.9,normal
2026-10-01T09:29:00Z,api_gateway,memory_percent,45.22,normal
2026-10-01T09:29:00Z,api_gateway,database_connections_percent,0.0,normal
2026-10-01T09:29:00Z,order_service,api_latency_ms,44.4,normal
2026-10-01T09:29:00Z,order_service,error_rate_percent,0.0,normal
2026-10-01T09:29:00Z,order_service,request_count,185.3,normal
2026-10-01T09:29:00Z,order_service,cpu_percent,32.2,normal
2026-10-01T09:29:00Z,order_service,memory_percent,51.16,normal
2026-10-01T09:29:00Z,order_service,database_connections_percent,38.54,normal
2026-10-01T09:29:00Z,payment_service,api_latency_ms,74.55,normal
2026-10-01T09:29:00Z,payment_service,error_rate_percent,0.39,normal
2026-10-01T09:29:00Z,payment_service,request_count,116.03,normal
2026-10-01T09:29:00Z,payment_service,cpu_percent,32.68,normal
2026-10-01T09:29:00Z,payment_service,memory_percent,48.05,normal
2026-10-01T09:29:00Z,payment_service,database_connections_percent,38.72,normal
2026-10-01T09:29:00Z,database,api_latency_ms,15.37,normal
2026-10-01T09:29:00Z,database,error_rate_percent,0.95,normal
2026-10-01T09:29:00Z,database,request_count,346.66,normal
2026-10-01T09:29:00Z,database,cpu_percent,41.44,normal
2026-10-01T09:29:00Z,database,memory_percent,56.12,normal
2026-10-01T09:29:00Z,database,database_connections_percent,36.18,normal
2026-10-01T09:30:00Z,api_gateway,api_latency_ms,66.54,normal
2026-10-01T09:30:00Z,api_gateway,error_rate_percent,0.94,normal
2026-10-01T09:30:00Z,api_gateway,request_count,254.45,normal
2026-10-01T09:30:00Z,api_gateway,cpu_percent,27.56,normal
2026-10-01T09:30:00Z,api_gateway,memory_percent,42.0,normal
2026-10-01T09:30:00Z,api_gateway,database_connections_percent,0.0,normal
2026-10-01T09:30:00Z,order_service,api_latency_ms,46.36,normal
2026-10-01T09:30:00Z,order_service,error_rate_percent,0.54,normal
2026-10-01T09:30:00Z,order_service,request_count,175.93,normal
2026-10-01T09:30:00Z,order_service,cpu_percent,34.18,normal
2026-10-01T09:30:00Z,order_service,memory_percent,50.66,normal
2026-10-01T09:30:00Z,order_service,database_connections_percent,34.24,normal
2026-10-01T09:30:00Z,payment_service,api_latency_ms,79.74,normal
2026-10-01T09:30:00Z,payment_service,error_rate_percent,1.35,normal
2026-10-01T09:30:00Z,payment_service,request_count,118.52,normal
2026-10-01T09:30:00Z,payment_service,cpu_percent,31.43,normal
2026-10-01T09:30:00Z,payment_service,memory_percent,46.45,normal
2026-10-01T09:30:00Z,payment_service,database_connections_percent,41.49,normal
2026-10-01T09:30:00Z,database,api_latency_ms,14.86,normal
2026-10-01T09:30:00Z,database,error_rate_percent,0.0,normal
2026-10-01T09:30:00Z,database,request_count,373.12,normal
2026-10-01T09:30:00Z,database,cpu_percent,42.84,normal
2026-10-01T09:30:00Z,database,memory_percent,58.2,normal
2026-10-01T09:30:00Z,database,database_connections_percent,34.45,normal
2026-10-01T09:31:00Z,api_gateway,api_latency_ms,68.27,normal
2026-10-01T09:31:00Z,api_gateway,error_rate_percent,0.0,normal
2026-10-01T09:31:00Z,api_gateway,request_count,259.88,normal
2026-10-01T09:31:00Z,api_gateway,cpu_percent,25.24,normal
2026-10-01T09:31:00Z,api_gateway,memory_percent,43.87,normal
2026-10-01T09:31:00Z,api_gateway,database_connections_percent,0.0,normal
2026-10-01T09:31:00Z,order_service,api_latency_ms,46.64,normal
2026-10-01T09:31:00Z,order_service,error_rate_percent,0.11,normal
2026-10-01T09:31:00Z,order_service,request_count,171.41,normal
2026-10-01T09:31:00Z,order_service,cpu_percent,34.29,normal
2026-10-01T09:31:00Z,order_service,memory_percent,51.72,normal
2026-10-01T09:31:00Z,order_service,database_connections_percent,35.19,normal
2026-10-01T09:31:00Z,payment_service,api_latency_ms,82.34,normal
2026-10-01T09:31:00Z,payment_service,error_rate_percent,1.29,normal
2026-10-01T09:31:00Z,payment_service,request_count,110.61,normal
2026-10-01T09:31:00Z,payment_service,cpu_percent,34.59,normal
2026-10-01T09:31:00Z,payment_service,memory_percent,48.25,normal
2026-10-01T09:31:00Z,payment_service,database_connections_percent,38.2,normal
2026-10-01T09:31:00Z,database,api_latency_ms,14.0,normal
2026-10-01T09:31:00Z,database,error_rate_percent,0.0,normal
2026-10-01T09:31:00Z,database,request_count,366.13,normal
2026-10-01T09:31:00Z,database,cpu_percent,39.74,normal
2026-10-01T09:31:00Z,database,memory_percent,64.53,normal
2026-10-01T09:31:00Z,database,database_connections_percent,35.24,normal
2026-10-01T09:32:00Z,api_gateway,api_latency_ms,64.96,normal
2026-10-01T09:32:00Z,api_gateway,error_rate_percent,0.0,normal
2026-10-01T09:32:00Z,api_gateway,request_count,254.55,normal
2026-10-01T09:32:00Z,api_gateway,cpu_percent,29.24,normal
2026-10-01T09:32:00Z,api_gateway,memory_percent,41.12,normal
2026-10-01T09:32:00Z,api_gateway,database_connections_percent,0.0,normal
2026-10-01T09:32:00Z,order_service,api_latency_ms,45.45,normal
2026-10-01T09:32:00Z,order_service,error_rate_percent,0.32,normal
2026-10-01T09:32:00Z,order_service,request_count,183.64,normal
2026-10-01T09:32:00Z,order_service,cpu_percent,37.16,normal
2026-10-01T09:32:00Z,order_service,memory_percent,47.32,normal
2026-10-01T09:32:00Z,order_service,database_connections_percent,36.19,normal
2026-10-01T09:32:00Z,payment_service,api_latency_ms,84.77,normal
2026-10-01T09:32:00Z,payment_service,error_rate_percent,0.0,normal
2026-10-01T09:32:00Z,payment_service,request_count,121.92,normal
2026-10-01T09:32:00Z,payment_service,cpu_percent,31.19,normal
2026-10-01T09:32:00Z,payment_service,memory_percent,47.8,normal
2026-10-01T09:32:00Z,payment_service,database_connections_percent,40.7,normal
2026-10-01T09:32:00Z,database,api_latency_ms,14.63,normal
2026-10-01T09:32:00Z,database,error_rate_percent,0.0,normal
2026-10-01T09:32:00Z,database,request_count,350.6,normal
2026-10-01T09:32:00Z,database,cpu_percent,37.83,normal
2026-10-01T09:32:00Z,database,memory_percent,56.74,normal
2026-10-01T09:32:00Z,database,database_connections_percent,39.29,normal
2026-10-01T09:33:00Z,api_gateway,api_latency_ms,61.27,normal
2026-10-01T09:33:00Z,api_gateway,error_rate_percent,0.53,normal
2026-10-01T09:33:00Z,api_gateway,request_count,255.78,normal
2026-10-01T09:33:00Z,api_gateway,cpu_percent,25.58,normal
2026-10-01T09:33:00Z,api_gateway,memory_percent,40.58,normal
2026-10-01T09:33:00Z,api_gateway,database_connections_percent,0.6,normal
2026-10-01T09:33:00Z,order_service,api_latency_ms,42.79,normal
2026-10-01T09:33:00Z,order_service,error_rate_percent,0.0,normal
2026-10-01T09:33:00Z,order_service,request_count,184.16,normal
2026-10-01T09:33:00Z,order_service,cpu_percent,36.37,normal
2026-10-01T09:33:00Z,order_service,memory_percent,49.37,normal
2026-10-01T09:33:00Z,order_service,database_connections_percent,33.95,normal
2026-10-01T09:33:00Z,payment_service,api_latency_ms,85.69,normal
2026-10-01T09:33:00Z,payment_service,error_rate_percent,1.17,normal
2026-10-01T09:33:00Z,payment_service,request_count,125.87,normal
2026-10-01T09:33:00Z,payment_service,cpu_percent,32.14,normal
2026-10-01T09:33:00Z,payment_service,memory_percent,46.06,normal
2026-10-01T09:33:00Z,payment_service,database_connections_percent,38.34,normal
2026-10-01T09:33:00Z,database,api_latency_ms,15.39,normal
2026-10-01T09:33:00Z,database,error_rate_percent,0.26,normal
2026-10-01T09:33:00Z,database,request_count,374.53,normal
2026-10-01T09:33:00Z,database,cpu_percent,41.3,normal
2026-10-01T09:33:00Z,database,memory_percent,55.49,normal
2026-10-01T09:33:00Z,database,database_connections_percent,40.0,normal
2026-10-01T09:34:00Z,api_gateway,api_latency_ms,61.76,normal
2026-10-01T09:34:00Z,api_gateway,error_rate_percent,0.01,normal
2026-10-01T09:34:00Z,api_gateway,request_count,253.13,normal
2026-10-01T09:34:00Z,api_gateway,cpu_percent,30.79,normal
2026-10-01T09:34:00Z,api_gateway,memory_percent,48.53,normal
2026-10-01T09:34:00Z,api_gateway,database_connections_percent,0.3,normal
2026-10-01T09:34:00Z,order_service,api_latency_ms,44.59,normal
2026-10-01T09:34:00Z,order_service,error_rate_percent,0.37,normal
2026-10-01T09:34:00Z,order_service,request_count,187.99,normal
2026-10-01T09:34:00Z,order_service,cpu_percent,34.44,normal
2026-10-01T09:34:00Z,order_service,memory_percent,54.49,normal
2026-10-01T09:34:00Z,order_service,database_connections_percent,35.4,normal
2026-10-01T09:34:00Z,payment_service,api_latency_ms,81.99,normal
2026-10-01T09:34:00Z,payment_service,error_rate_percent,0.63,normal
2026-10-01T09:34:00Z,payment_service,request_count,122.53,normal
2026-10-01T09:34:00Z,payment_service,cpu_percent,33.34,normal
2026-10-01T09:34:00Z,payment_service,memory_percent,46.52,normal
2026-10-01T09:34:00Z,payment_service,database_connections_percent,38.88,normal
2026-10-01T09:34:00Z,database,api_latency_ms,14.17,normal
2026-10-01T09:34:00Z,database,error_rate_percent,0.27,normal
2026-10-01T09:34:00Z,database,request_count,363.63,normal
2026-10-01T09:34:00Z,database,cpu_percent,40.92,normal
2026-10-01T09:34:00Z,database,memory_percent,65.02,normal
2026-10-01T09:34:00Z,database,database_connections_percent,37.99,normal
2026-10-01T09:35:00Z,api_gateway,api_latency_ms,145.17,payment_failure
2026-10-01T09:35:00Z,api_gateway,error_rate_percent,16.79,payment_failure
2026-10-01T09:35:00Z,api_gateway,request_count,245.16,payment_failure
2026-10-01T09:35:00Z,api_gateway,cpu_percent,28.97,payment_failure
2026-10-01T09:35:00Z,api_gateway,memory_percent,43.78,payment_failure
2026-10-01T09:35:00Z,api_gateway,database_connections_percent,0.0,payment_failure
2026-10-01T09:35:00Z,order_service,api_latency_ms,98.84,payment_failure
2026-10-01T09:35:00Z,order_service,error_rate_percent,16.57,payment_failure
2026-10-01T09:35:00Z,order_service,request_count,176.79,payment_failure
2026-10-01T09:35:00Z,order_service,cpu_percent,36.56,payment_failure
2026-10-01T09:35:00Z,order_service,memory_percent,51.44,payment_failure
2026-10-01T09:35:00Z,order_service,database_connections_percent,35.88,payment_failure
2026-10-01T09:35:00Z,payment_service,api_latency_ms,352.2,payment_failure
2026-10-01T09:35:00Z,payment_service,error_rate_percent,46.02,payment_failure
2026-10-01T09:35:00Z,payment_service,request_count,124.19,payment_failure
2026-10-01T09:35:00Z,payment_service,cpu_percent,32.67,payment_failure
2026-10-01T09:35:00Z,payment_service,memory_percent,49.18,payment_failure
2026-10-01T09:35:00Z,payment_service,database_connections_percent,38.95,payment_failure
2026-10-01T09:35:00Z,database,api_latency_ms,13.38,payment_failure
2026-10-01T09:35:00Z,database,error_rate_percent,0.6,payment_failure
2026-10-01T09:35:00Z,database,request_count,341.62,payment_failure
2026-10-01T09:35:00Z,database,cpu_percent,38.27,payment_failure
2026-10-01T09:35:00Z,database,memory_percent,62.08,payment_failure
2026-10-01T09:35:00Z,database,database_connections_percent,37.26,payment_failure
2026-10-01T09:36:00Z,api_gateway,api_latency_ms,159.44,payment_failure
2026-10-01T09:36:00Z,api_gateway,error_rate_percent,19.98,payment_failure
2026-10-01T09:36:00Z,api_gateway,request_count,258.54,payment_failure
2026-10-01T09:36:00Z,api_gateway,cpu_percent,26.09,payment_failure
2026-10-01T09:36:00Z,api_gateway,memory_percent,44.55,payment_failure
2026-10-01T09:36:00Z,api_gateway,database_connections_percent,0.13,payment_failure
2026-10-01T09:36:00Z,order_service,api_latency_ms,107.17,payment_failure
2026-10-01T09:36:00Z,order_service,error_rate_percent,19.74,payment_failure
2026-10-01T09:36:00Z,order_service,request_count,164.01,payment_failure
2026-10-01T09:36:00Z,order_service,cpu_percent,35.72,payment_failure
2026-10-01T09:36:00Z,order_service,memory_percent,47.43,payment_failure
2026-10-01T09:36:00Z,order_service,database_connections_percent,32.63,payment_failure
2026-10-01T09:36:00Z,payment_service,api_latency_ms,377.91,payment_failure
2026-10-01T09:36:00Z,payment_service,error_rate_percent,49.67,payment_failure
2026-10-01T09:36:00Z,payment_service,request_count,129.2,payment_failure
2026-10-01T09:36:00Z,payment_service,cpu_percent,31.14,payment_failure
2026-10-01T09:36:00Z,payment_service,memory_percent,43.9,payment_failure
2026-10-01T09:36:00Z,payment_service,database_connections_percent,37.77,payment_failure
2026-10-01T09:36:00Z,database,api_latency_ms,15.93,payment_failure
2026-10-01T09:36:00Z,database,error_rate_percent,0.0,payment_failure
2026-10-01T09:36:00Z,database,request_count,340.4,payment_failure
2026-10-01T09:36:00Z,database,cpu_percent,40.32,payment_failure
2026-10-01T09:36:00Z,database,memory_percent,61.51,payment_failure
2026-10-01T09:36:00Z,database,database_connections_percent,40.12,payment_failure
2026-10-01T09:37:00Z,api_gateway,api_latency_ms,173.71,payment_failure
2026-10-01T09:37:00Z,api_gateway,error_rate_percent,21.82,payment_failure
2026-10-01T09:37:00Z,api_gateway,request_count,233.42,payment_failure
2026-10-01T09:37:00Z,api_gateway,cpu_percent,27.42,payment_failure
2026-10-01T09:37:00Z,api_gateway,memory_percent,42.55,payment_failure
2026-10-01T09:37:00Z,api_gateway,database_connections_percent,0.0,payment_failure
2026-10-01T09:37:00Z,order_service,api_latency_ms,114.85,payment_failure
2026-10-01T09:37:00Z,order_service,error_rate_percent,22.17,payment_failure
2026-10-01T09:37:00Z,order_service,request_count,179.56,payment_failure
2026-10-01T09:37:00Z,order_service,cpu_percent,35.06,payment_failure
2026-10-01T09:37:00Z,order_service,memory_percent,48.1,payment_failure
2026-10-01T09:37:00Z,order_service,database_connections_percent,34.6,payment_failure
2026-10-01T09:37:00Z,payment_service,api_latency_ms,412.3,payment_failure
2026-10-01T09:37:00Z,payment_service,error_rate_percent,57.55,payment_failure
2026-10-01T09:37:00Z,payment_service,request_count,108.92,payment_failure
2026-10-01T09:37:00Z,payment_service,cpu_percent,30.51,payment_failure
2026-10-01T09:37:00Z,payment_service,memory_percent,44.41,payment_failure
2026-10-01T09:37:00Z,payment_service,database_connections_percent,38.7,payment_failure
2026-10-01T09:37:00Z,database,api_latency_ms,14.94,payment_failure
2026-10-01T09:37:00Z,database,error_rate_percent,0.0,payment_failure
2026-10-01T09:37:00Z,database,request_count,333.87,payment_failure
2026-10-01T09:37:00Z,database,cpu_percent,37.99,payment_failure
2026-10-01T09:37:00Z,database,memory_percent,60.62,payment_failure
2026-10-01T09:37:00Z,database,database_connections_percent,38.13,payment_failure
2026-10-01T09:38:00Z,api_gateway,api_latency_ms,179.65,payment_failure
2026-10-01T09:38:00Z,api_gateway,error_rate_percent,24.42,payment_failure
2026-10-01T09:38:00Z,api_gateway,request_count,243.17,payment_failure
2026-10-01T09:38:00Z,api_gateway,cpu_percent,27.62,payment_failure
2026-10-01T09:38:00Z,api_gateway,memory_percent,45.51,payment_failure
2026-10-01T09:38:00Z,api_gateway,database_connections_percent,0.67,payment_failure
2026-10-01T09:38:00Z,order_service,api_latency_ms,123.08,payment_failure
2026-10-01T09:38:00Z,order_service,error_rate_percent,24.75,payment_failure
2026-10-01T09:38:00Z,order_service,request_count,187.3,payment_failure
2026-10-01T09:38:00Z,order_service,cpu_percent,32.99,payment_failure
2026-10-01T09:38:00Z,order_service,memory_percent,52.05,payment_failure
2026-10-01T09:38:00Z,order_service,database_connections_percent,37.69,payment_failure
2026-10-01T09:38:00Z,payment_service,api_latency_ms,443.51,payment_failure
2026-10-01T09:38:00Z,payment_service,error_rate_percent,59.59,payment_failure
2026-10-01T09:38:00Z,payment_service,request_count,121.63,payment_failure
2026-10-01T09:38:00Z,payment_service,cpu_percent,32.88,payment_failure
2026-10-01T09:38:00Z,payment_service,memory_percent,48.82,payment_failure
2026-10-01T09:38:00Z,payment_service,database_connections_percent,40.78,payment_failure
2026-10-01T09:38:00Z,database,api_latency_ms,14.01,payment_failure
2026-10-01T09:38:00Z,database,error_rate_percent,0.57,payment_failure
2026-10-01T09:38:00Z,database,request_count,370.47,payment_failure
2026-10-01T09:38:00Z,database,cpu_percent,39.54,payment_failure
2026-10-01T09:38:00Z,database,memory_percent,59.87,payment_failure
2026-10-01T09:38:00Z,database,database_connections_percent,35.09,payment_failure
2026-10-01T09:39:00Z,api_gateway,api_latency_ms,196.67,payment_failure
2026-10-01T09:39:00Z,api_gateway,error_rate_percent,26.95,payment_failure
2026-10-01T09:39:00Z,api_gateway,request_count,249.22,payment_failure
2026-10-01T09:39:00Z,api_gateway,cpu_percent,29.57,payment_failure
2026-10-01T09:39:00Z,api_gateway,memory_percent,41.3,payment_failure
2026-10-01T09:39:00Z,api_gateway,database_connections_percent,0.28,payment_failure
2026-10-01T09:39:00Z,order_service,api_latency_ms,132.71,payment_failure
2026-10-01T09:39:00Z,order_service,error_rate_percent,26.65,payment_failure
2026-10-01T09:39:00Z,order_service,request_count,178.43,payment_failure
2026-10-01T09:39:00Z,order_service,cpu_percent,35.39,payment_failure
2026-10-01T09:39:00Z,order_service,memory_percent,49.08,payment_failure
2026-10-01T09:39:00Z,order_service,database_connections_percent,34.77,payment_failure
2026-10-01T09:39:00Z,payment_service,api_latency_ms,483.3,payment_failure
2026-10-01T09:39:00Z,payment_service,error_rate_percent,54.96,payment_failure
2026-10-01T09:39:00Z,payment_service,request_count,130.5,payment_failure
2026-10-01T09:39:00Z,payment_service,cpu_percent,34.21,payment_failure
2026-10-01T09:39:00Z,payment_service,memory_percent,44.9,payment_failure
2026-10-01T09:39:00Z,payment_service,database_connections_percent,41.38,payment_failure
2026-10-01T09:39:00Z,database,api_latency_ms,14.62,payment_failure
2026-10-01T09:39:00Z,database,error_rate_percent,0.18,payment_failure
2026-10-01T09:39:00Z,database,request_count,355.15,payment_failure
2026-10-01T09:39:00Z,database,cpu_percent,39.53,payment_failure
2026-10-01T09:39:00Z,database,memory_percent,57.65,payment_failure
2026-10-01T09:39:00Z,database,database_connections_percent,36.69,payment_failure
2026-10-01T09:40:00Z,api_gateway,api_latency_ms,205.02,payment_failure
2026-10-01T09:40:00Z,api_gateway,error_rate_percent,28.58,payment_failure
2026-10-01T09:40:00Z,api_gateway,request_count,249.16,payment_failure
2026-10-01T09:40:00Z,api_gateway,cpu_percent,27.0,payment_failure
2026-10-01T09:40:00Z,api_gateway,memory_percent,43.43,payment_failure
2026-10-01T09:40:00Z,api_gateway,database_connections_percent,0.74,payment_failure
2026-10-01T09:40:00Z,order_service,api_latency_ms,142.69,payment_failure
2026-10-01T09:40:00Z,order_service,error_rate_percent,29.12,payment_failure
2026-10-01T09:40:00Z,order_service,request_count,184.5,payment_failure
2026-10-01T09:40:00Z,order_service,cpu_percent,35.83,payment_failure
2026-10-01T09:40:00Z,order_service,memory_percent,50.19,payment_failure
2026-10-01T09:40:00Z,order_service,database_connections_percent,36.3,payment_failure
2026-10-01T09:40:00Z,payment_service,api_latency_ms,513.93,payment_failure
2026-10-01T09:40:00Z,payment_service,error_rate_percent,64.99,payment_failure
2026-10-01T09:40:00Z,payment_service,request_count,125.32,payment_failure
2026-10-01T09:40:00Z,payment_service,cpu_percent,30.78,payment_failure
2026-10-01T09:40:00Z,payment_service,memory_percent,48.09,payment_failure
2026-10-01T09:40:00Z,payment_service,database_connections_percent,41.37,payment_failure
2026-10-01T09:40:00Z,database,api_latency_ms,14.84,payment_failure
2026-10-01T09:40:00Z,database,error_rate_percent,0.59,payment_failure
2026-10-01T09:40:00Z,database,request_count,391.37,payment_failure
2026-10-01T09:40:00Z,database,cpu_percent,38.43,payment_failure
2026-10-01T09:40:00Z,database,memory_percent,55.86,payment_failure
2026-10-01T09:40:00Z,database,database_connections_percent,38.58,payment_failure
2026-10-01T09:41:00Z,api_gateway,api_latency_ms,223.35,payment_failure
2026-10-01T09:41:00Z,api_gateway,error_rate_percent,31.22,payment_failure
2026-10-01T09:41:00Z,api_gateway,request_count,268.17,payment_failure
2026-10-01T09:41:00Z,api_gateway,cpu_percent,26.13,payment_failure
2026-10-01T09:41:00Z,api_gateway,memory_percent,43.46,payment_failure
2026-10-01T09:41:00Z,api_gateway,database_connections_percent,0.0,payment_failure
2026-10-01T09:41:00Z,order_service,api_latency_ms,156.87,payment_failure
2026-10-01T09:41:00Z,order_service,error_rate_percent,32.33,payment_failure
2026-10-01T09:41:00Z,order_service,request_count,173.1,payment_failure
2026-10-01T09:41:00Z,order_service,cpu_percent,34.04,payment_failure
2026-10-01T09:41:00Z,order_service,memory_percent,52.15,payment_failure
2026-10-01T09:41:00Z,order_service,database_connections_percent,34.32,payment_failure
2026-10-01T09:41:00Z,payment_service,api_latency_ms,543.82,payment_failure
2026-10-01T09:41:00Z,payment_service,error_rate_percent,60.25,payment_failure
2026-10-01T09:41:00Z,payment_service,request_count,119.92,payment_failure
2026-10-01T09:41:00Z,payment_service,cpu_percent,30.9,payment_failure
2026-10-01T09:41:00Z,payment_service,memory_percent,46.82,payment_failure
2026-10-01T09:41:00Z,payment_service,database_connections_percent,42.89,payment_failure
2026-10-01T09:41:00Z,database,api_latency_ms,14.06,payment_failure
2026-10-01T09:41:00Z,database,error_rate_percent,0.46,payment_failure
2026-10-01T09:41:00Z,database,request_count,345.12,payment_failure
2026-10-01T09:41:00Z,database,cpu_percent,39.44,payment_failure
2026-10-01T09:41:00Z,database,memory_percent,62.37,payment_failure
2026-10-01T09:41:00Z,database,database_connections_percent,38.65,payment_failure
2026-10-01T09:42:00Z,api_gateway,api_latency_ms,235.85,payment_failure
2026-10-01T09:42:00Z,api_gateway,error_rate_percent,34.15,payment_failure
2026-10-01T09:42:00Z,api_gateway,request_count,245.86,payment_failure
2026-10-01T09:42:00Z,api_gateway,cpu_percent,27.14,payment_failure
2026-10-01T09:42:00Z,api_gateway,memory_percent,39.72,payment_failure
2026-10-01T09:42:00Z,api_gateway,database_connections_percent,0.0,payment_failure
2026-10-01T09:42:00Z,order_service,api_latency_ms,168.64,payment_failure
2026-10-01T09:42:00Z,order_service,error_rate_percent,34.29,payment_failure
2026-10-01T09:42:00Z,order_service,request_count,167.84,payment_failure
2026-10-01T09:42:00Z,order_service,cpu_percent,32.69,payment_failure
2026-10-01T09:42:00Z,order_service,memory_percent,51.2,payment_failure
2026-10-01T09:42:00Z,order_service,database_connections_percent,35.96,payment_failure
2026-10-01T09:42:00Z,payment_service,api_latency_ms,578.2,payment_failure
2026-10-01T09:42:00Z,payment_service,error_rate_percent,68.5,payment_failure
2026-10-01T09:42:00Z,payment_service,request_count,121.97,payment_failure
2026-10-01T09:42:00Z,payment_service,cpu_percent,32.14,payment_failure
2026-10-01T09:42:00Z,payment_service,memory_percent,42.67,payment_failure
2026-10-01T09:42:00Z,payment_service,database_connections_percent,39.54,payment_failure
2026-10-01T09:42:00Z,database,api_latency_ms,14.36,payment_failure
2026-10-01T09:42:00Z,database,error_rate_percent,0.14,payment_failure
2026-10-01T09:42:00Z,database,request_count,402.24,payment_failure
2026-10-01T09:42:00Z,database,cpu_percent,40.73,payment_failure
2026-10-01T09:42:00Z,database,memory_percent,59.06,payment_failure
2026-10-01T09:42:00Z,database,database_connections_percent,39.75,payment_failure
2026-10-01T09:43:00Z,api_gateway,api_latency_ms,248.57,payment_failure
2026-10-01T09:43:00Z,api_gateway,error_rate_percent,36.21,payment_failure
2026-10-01T09:43:00Z,api_gateway,request_count,257.59,payment_failure
2026-10-01T09:43:00Z,api_gateway,cpu_percent,30.88,payment_failure
2026-10-01T09:43:00Z,api_gateway,memory_percent,39.63,payment_failure
2026-10-01T09:43:00Z,api_gateway,database_connections_percent,0.24,payment_failure
2026-10-01T09:43:00Z,order_service,api_latency_ms,168.92,payment_failure
2026-10-01T09:43:00Z,order_service,error_rate_percent,36.28,payment_failure
2026-10-01T09:43:00Z,order_service,request_count,171.73,payment_failure
2026-10-01T09:43:00Z,order_service,cpu_percent,34.27,payment_failure
2026-10-01T09:43:00Z,order_service,memory_percent,49.26,payment_failure
2026-10-01T09:43:00Z,order_service,database_connections_percent,36.71,payment_failure
2026-10-01T09:43:00Z,payment_service,api_latency_ms,611.67,payment_failure
2026-10-01T09:43:00Z,payment_service,error_rate_percent,71.54,payment_failure
2026-10-01T09:43:00Z,payment_service,request_count,115.74,payment_failure
2026-10-01T09:43:00Z,payment_service,cpu_percent,29.99,payment_failure
2026-10-01T09:43:00Z,payment_service,memory_percent,47.48,payment_failure
2026-10-01T09:43:00Z,payment_service,database_connections_percent,39.38,payment_failure
2026-10-01T09:43:00Z,database,api_latency_ms,16.82,payment_failure
2026-10-01T09:43:00Z,database,error_rate_percent,0.27,payment_failure
2026-10-01T09:43:00Z,database,request_count,325.89,payment_failure
2026-10-01T09:43:00Z,database,cpu_percent,38.87,payment_failure
2026-10-01T09:43:00Z,database,memory_percent,63.06,payment_failure
2026-10-01T09:43:00Z,database,database_connections_percent,41.97,payment_failure
2026-10-01T09:44:00Z,api_gateway,api_latency_ms,254.85,payment_failure
2026-10-01T09:44:00Z,api_gateway,error_rate_percent,37.39,payment_failure
2026-10-01T09:44:00Z,api_gateway,request_count,273.39,payment_failure
2026-10-01T09:44:00Z,api_gateway,cpu_percent,28.55,payment_failure
2026-10-01T09:44:00Z,api_gateway,memory_percent,40.18,payment_failure
2026-10-01T09:44:00Z,api_gateway,database_connections_percent,0.27,payment_failure
2026-10-01T09:44:00Z,order_service,api_latency_ms,174.07,payment_failure
2026-10-01T09:44:00Z,order_service,error_rate_percent,38.34,payment_failure
2026-10-01T09:44:00Z,order_service,request_count,182.95,payment_failure
2026-10-01T09:44:00Z,order_service,cpu_percent,36.62,payment_failure
2026-10-01T09:44:00Z,order_service,memory_percent,47.47,payment_failure
2026-10-01T09:44:00Z,order_service,database_connections_percent,35.15,payment_failure
2026-10-01T09:44:00Z,payment_service,api_latency_ms,636.3,payment_failure
2026-10-01T09:44:00Z,payment_service,error_rate_percent,72.44,payment_failure
2026-10-01T09:44:00Z,payment_service,request_count,117.55,payment_failure
2026-10-01T09:44:00Z,payment_service,cpu_percent,30.41,payment_failure
2026-10-01T09:44:00Z,payment_service,memory_percent,49.56,payment_failure
2026-10-01T09:44:00Z,payment_service,database_connections_percent,41.72,payment_failure
2026-10-01T09:44:00Z,database,api_latency_ms,14.82,payment_failure
2026-10-01T09:44:00Z,database,error_rate_percent,0.07,payment_failure
2026-10-01T09:44:00Z,database,request_count,324.65,payment_failure
2026-10-01T09:44:00Z,database,cpu_percent,39.4,payment_failure
2026-10-01T09:44:00Z,database,memory_percent,59.85,payment_failure
2026-10-01T09:44:00Z,database,database_connections_percent,42.98,payment_failure
2026-10-01T09:45:00Z,api_gateway,api_latency_ms,269.39,payment_failure
2026-10-01T09:45:00Z,api_gateway,error_rate_percent,41.4,payment_failure
2026-10-01T09:45:00Z,api_gateway,request_count,262.46,payment_failure
2026-10-01T09:45:00Z,api_gateway,cpu_percent,28.39,payment_failure
2026-10-01T09:45:00Z,api_gateway,memory_percent,45.69,payment_failure
2026-10-01T09:45:00Z,api_gateway,database_connections_percent,0.19,payment_failure
2026-10-01T09:45:00Z,order_service,api_latency_ms,189.88,payment_failure
2026-10-01T09:45:00Z,order_service,error_rate_percent,40.64,payment_failure
2026-10-01T09:45:00Z,order_service,request_count,191.01,payment_failure
2026-10-01T09:45:00Z,order_service,cpu_percent,36.92,payment_failure
2026-10-01T09:45:00Z,order_service,memory_percent,48.44,payment_failure
2026-10-01T09:45:00Z,order_service,database_connections_percent,32.69,payment_failure
2026-10-01T09:45:00Z,payment_service,api_latency_ms,671.19,payment_failure
2026-10-01T09:45:00Z,payment_service,error_rate_percent,77.41,payment_failure
2026-10-01T09:45:00Z,payment_service,request_count,127.42,payment_failure
2026-10-01T09:45:00Z,payment_service,cpu_percent,31.27,payment_failure
2026-10-01T09:45:00Z,payment_service,memory_percent,47.9,payment_failure
2026-10-01T09:45:00Z,payment_service,database_connections_percent,40.12,payment_failure
2026-10-01T09:45:00Z,database,api_latency_ms,15.64,payment_failure
2026-10-01T09:45:00Z,database,error_rate_percent,0.0,payment_failure
2026-10-01T09:45:00Z,database,request_count,339.38,payment_failure
2026-10-01T09:45:00Z,database,cpu_percent,40.42,payment_failure
2026-10-01T09:45:00Z,database,memory_percent,63.6,payment_failure
2026-10-01T09:45:00Z,database,database_connections_percent,37.07,payment_failure
2026-10-01T09:46:00Z,api_gateway,api_latency_ms,279.9,payment_failure
2026-10-01T09:46:00Z,api_gateway,error_rate_percent,43.31,payment_failure
2026-10-01T09:46:00Z,api_gateway,request_count,242.06,payment_failure
2026-10-01T09:46:00Z,api_gateway,cpu_percent,26.33,payment_failure
2026-10-01T09:46:00Z,api_gateway,memory_percent,40.69,payment_failure
2026-10-01T09:46:00Z,api_gateway,database_connections_percent,0.0,payment_failure
2026-10-01T09:46:00Z,order_service,api_latency_ms,196.64,payment_failure
2026-10-01T09:46:00Z,order_service,error_rate_percent,41.9,payment_failure
2026-10-01T09:46:00Z,order_service,request_count,188.07,payment_failure
2026-10-01T09:46:00Z,order_service,cpu_percent,37.23,payment_failure
2026-10-01T09:46:00Z,order_service,memory_percent,51.63,payment_failure
2026-10-01T09:46:00Z,order_service,database_connections_percent,33.01,payment_failure
2026-10-01T09:46:00Z,payment_service,api_latency_ms,703.19,payment_failure
2026-10-01T09:46:00Z,payment_service,error_rate_percent,82.79,payment_failure
2026-10-01T09:46:00Z,payment_service,request_count,124.01,payment_failure
2026-10-01T09:46:00Z,payment_service,cpu_percent,30.83,payment_failure
2026-10-01T09:46:00Z,payment_service,memory_percent,48.2,payment_failure
2026-10-01T09:46:00Z,payment_service,database_connections_percent,40.91,payment_failure
2026-10-01T09:46:00Z,database,api_latency_ms,16.09,payment_failure
2026-10-01T09:46:00Z,database,error_rate_percent,0.4,payment_failure
2026-10-01T09:46:00Z,database,request_count,363.81,payment_failure
2026-10-01T09:46:00Z,database,cpu_percent,40.17,payment_failure
2026-10-01T09:46:00Z,database,memory_percent,64.23,payment_failure
2026-10-01T09:46:00Z,database,database_connections_percent,38.78,payment_failure
2026-10-01T09:47:00Z,api_gateway,api_latency_ms,296.2,payment_failure
2026-10-01T09:47:00Z,api_gateway,error_rate_percent,46.04,payment_failure
2026-10-01T09:47:00Z,api_gateway,request_count,258.72,payment_failure
2026-10-01T09:47:00Z,api_gateway,cpu_percent,27.38,payment_failure
2026-10-01T09:47:00Z,api_gateway,memory_percent,40.99,payment_failure
2026-10-01T09:47:00Z,api_gateway,database_connections_percent,0.15,payment_failure
2026-10-01T09:47:00Z,order_service,api_latency_ms,208.04,payment_failure
2026-10-01T09:47:00Z,order_service,error_rate_percent,45.43,payment_failure
2026-10-01T09:47:00Z,order_service,request_count,182.8,payment_failure
2026-10-01T09:47:00Z,order_service,cpu_percent,37.97,payment_failure
2026-10-01T09:47:00Z,order_service,memory_percent,52.68,payment_failure
2026-10-01T09:47:00Z,order_service,database_connections_percent,35.33,payment_failure
2026-10-01T09:47:00Z,payment_service,api_latency_ms,739.77,payment_failure
2026-10-01T09:47:00Z,payment_service,error_rate_percent,84.68,payment_failure
2026-10-01T09:47:00Z,payment_service,request_count,130.86,payment_failure
2026-10-01T09:47:00Z,payment_service,cpu_percent,31.65,payment_failure
2026-10-01T09:47:00Z,payment_service,memory_percent,45.97,payment_failure
2026-10-01T09:47:00Z,payment_service,database_connections_percent,38.7,payment_failure
2026-10-01T09:47:00Z,database,api_latency_ms,14.18,payment_failure
2026-10-01T09:47:00Z,database,error_rate_percent,0.0,payment_failure
2026-10-01T09:47:00Z,database,request_count,343.52,payment_failure
2026-10-01T09:47:00Z,database,cpu_percent,37.19,payment_failure
2026-10-01T09:47:00Z,database,memory_percent,60.05,payment_failure
2026-10-01T09:47:00Z,database,database_connections_percent,39.71,payment_failure
2026-10-01T09:48:00Z,api_gateway,api_latency_ms,309.05,payment_failure
2026-10-01T09:48:00Z,api_gateway,error_rate_percent,48.43,payment_failure
2026-10-01T09:48:00Z,api_gateway,request_count,256.38,payment_failure
2026-10-01T09:48:00Z,api_gateway,cpu_percent,29.44,payment_failure
2026-10-01T09:48:00Z,api_gateway,memory_percent,40.62,payment_failure
2026-10-01T09:48:00Z,api_gateway,database_connections_percent,0.43,payment_failure
2026-10-01T09:48:00Z,order_service,api_latency_ms,213.54,payment_failure
2026-10-01T09:48:00Z,order_service,error_rate_percent,48.11,payment_failure
2026-10-01T09:48:00Z,order_service,request_count,181.55,payment_failure
2026-10-01T09:48:00Z,order_service,cpu_percent,35.97,payment_failure
2026-10-01T09:48:00Z,order_service,memory_percent,47.06,payment_failure
2026-10-01T09:48:00Z,order_service,database_connections_percent,33.43,payment_failure
2026-10-01T09:48:00Z,payment_service,api_latency_ms,770.39,payment_failure
2026-10-01T09:48:00Z,payment_service,error_rate_percent,87.92,payment_failure
2026-10-01T09:48:00Z,payment_service,request_count,111.8,payment_failure
2026-10-01T09:48:00Z,payment_service,cpu_percent,33.36,payment_failure
2026-10-01T09:48:00Z,payment_service,memory_percent,45.04,payment_failure
2026-10-01T09:48:00Z,payment_service,database_connections_percent,41.1,payment_failure
2026-10-01T09:48:00Z,database,api_latency_ms,15.47,payment_failure
2026-10-01T09:48:00Z,database,error_rate_percent,0.0,payment_failure
2026-10-01T09:48:00Z,database,request_count,360.19,payment_failure
2026-10-01T09:48:00Z,database,cpu_percent,40.52,payment_failure
2026-10-01T09:48:00Z,database,memory_percent,58.38,payment_failure
2026-10-01T09:48:00Z,database,database_connections_percent,36.08,payment_failure
2026-10-01T09:49:00Z,api_gateway,api_latency_ms,318.62,payment_failure
2026-10-01T09:49:00Z,api_gateway,error_rate_percent,50.17,payment_failure
2026-10-01T09:49:00Z,api_gateway,request_count,230.44,payment_failure
2026-10-01T09:49:00Z,api_gateway,cpu_percent,28.13,payment_failure
2026-10-01T09:49:00Z,api_gateway,memory_percent,41.45,payment_failure
2026-10-01T09:49:00Z,api_gateway,database_connections_percent,0.34,payment_failure
2026-10-01T09:49:00Z,order_service,api_latency_ms,224.32,payment_failure
2026-10-01T09:49:00Z,order_service,error_rate_percent,49.84,payment_failure
2026-10-01T09:49:00Z,order_service,request_count,186.59,payment_failure
2026-10-01T09:49:00Z,order_service,cpu_percent,35.59,payment_failure
2026-10-01T09:49:00Z,order_service,memory_percent,50.79,payment_failure
2026-10-01T09:49:00Z,order_service,database_connections_percent,35.82,payment_failure
2026-10-01T09:49:00Z,payment_service,api_latency_ms,793.86,payment_failure
2026-10-01T09:49:00Z,payment_service,error_rate_percent,92.22,payment_failure
2026-10-01T09:49:00Z,payment_service,request_count,113.9,payment_failure
2026-10-01T09:49:00Z,payment_service,cpu_percent,31.61,payment_failure
2026-10-01T09:49:00Z,payment_service,memory_percent,47.91,payment_failure
2026-10-01T09:49:00Z,payment_service,database_connections_percent,39.73,payment_failure
2026-10-01T09:49:00Z,database,api_latency_ms,15.25,payment_failure
2026-10-01T09:49:00Z,database,error_rate_percent,0.77,payment_failure
2026-10-01T09:49:00Z,database,request_count,368.93,payment_failure
2026-10-01T09:49:00Z,database,cpu_percent,37.38,payment_failure
2026-10-01T09:49:00Z,database,memory_percent,61.87,payment_failure
2026-10-01T09:49:00Z,database,database_connections_percent,40.52,payment_failure
2026-10-01T09:50:00Z,api_gateway,api_latency_ms,66.26,normal
2026-10-01T09:50:00Z,api_gateway,error_rate_percent,0.75,normal
2026-10-01T09:50:00Z,api_gateway,request_count,275.15,normal
2026-10-01T09:50:00Z,api_gateway,cpu_percent,29.43,normal
2026-10-01T09:50:00Z,api_gateway,memory_percent,42.52,normal
2026-10-01T09:50:00Z,api_gateway,database_connections_percent,0.52,normal
2026-10-01T09:50:00Z,order_service,api_latency_ms,45.33,normal
2026-10-01T09:50:00Z,order_service,error_rate_percent,0.11,normal
2026-10-01T09:50:00Z,order_service,request_count,176.84,normal
2026-10-01T09:50:00Z,order_service,cpu_percent,37.74,normal
2026-10-01T09:50:00Z,order_service,memory_percent,47.95,normal
2026-10-01T09:50:00Z,order_service,database_connections_percent,37.68,normal
2026-10-01T09:50:00Z,payment_service,api_latency_ms,82.0,normal
2026-10-01T09:50:00Z,payment_service,error_rate_percent,0.0,normal
2026-10-01T09:50:00Z,payment_service,request_count,122.21,normal
2026-10-01T09:50:00Z,payment_service,cpu_percent,28.64,normal
2026-10-01T09:50:00Z,payment_service,memory_percent,49.5,normal
2026-10-01T09:50:00Z,payment_service,database_connections_percent,41.77,normal
2026-10-01T09:50:00Z,database,api_latency_ms,14.56,normal
2026-10-01T09:50:00Z,database,error_rate_percent,0.11,normal
2026-10-01T09:50:00Z,database,request_count,384.2,normal
2026-10-01T09:50:00Z,database,cpu_percent,38.99,normal
2026-10-01T09:50:00Z,database,memory_percent,56.82,normal
2026-10-01T09:50:00Z,database,database_connections_percent,40.82,normal
2026-10-01T09:51:00Z,api_gateway,api_latency_ms,71.38,normal
2026-10-01T09:51:00Z,api_gateway,error_rate_percent,0.2,normal
2026-10-01T09:51:00Z,api_gateway,request_count,262.64,normal
2026-10-01T09:51:00Z,api_gateway,cpu_percent,29.88,normal
2026-10-01T09:51:00Z,api_gateway,memory_percent,40.44,normal
2026-10-01T09:51:00Z,api_gateway,database_connections_percent,0.0,normal
2026-10-01T09:51:00Z,order_service,api_latency_ms,47.77,normal
2026-10-01T09:51:00Z,order_service,error_rate_percent,0.94,normal
2026-10-01T09:51:00Z,order_service,request_count,185.07,normal
2026-10-01T09:51:00Z,order_service,cpu_percent,33.46,normal
2026-10-01T09:51:00Z,order_service,memory_percent,54.97,normal
2026-10-01T09:51:00Z,order_service,database_connections_percent,34.07,normal
2026-10-01T09:51:00Z,payment_service,api_latency_ms,78.66,normal
2026-10-01T09:51:00Z,payment_service,error_rate_percent,0.47,normal
2026-10-01T09:51:00Z,payment_service,request_count,129.32,normal
2026-10-01T09:51:00Z,payment_service,cpu_percent,33.37,normal
2026-10-01T09:51:00Z,payment_service,memory_percent,49.0,normal
2026-10-01T09:51:00Z,payment_service,database_connections_percent,40.93,normal
2026-10-01T09:51:00Z,database,api_latency_ms,15.03,normal
2026-10-01T09:51:00Z,database,error_rate_percent,0.33,normal
2026-10-01T09:51:00Z,database,request_count,305.73,normal
2026-10-01T09:51:00Z,database,cpu_percent,39.41,normal
2026-10-01T09:51:00Z,database,memory_percent,60.72,normal
2026-10-01T09:51:00Z,database,database_connections_percent,35.81,normal
2026-10-01T09:52:00Z,api_gateway,api_latency_ms,66.26,normal
2026-10-01T09:52:00Z,api_gateway,error_rate_percent,0.1,normal
2026-10-01T09:52:00Z,api_gateway,request_count,271.94,normal
2026-10-01T09:52:00Z,api_gateway,cpu_percent,30.2,normal
2026-10-01T09:52:00Z,api_gateway,memory_percent,41.02,normal
2026-10-01T09:52:00Z,api_gateway,database_connections_percent,0.0,normal
2026-10-01T09:52:00Z,order_service,api_latency_ms,44.83,normal
2026-10-01T09:52:00Z,order_service,error_rate_percent,0.0,normal
2026-10-01T09:52:00Z,order_service,request_count,181.76,normal
2026-10-01T09:52:00Z,order_service,cpu_percent,33.67,normal
2026-10-01T09:52:00Z,order_service,memory_percent,47.17,normal
2026-10-01T09:52:00Z,order_service,database_connections_percent,36.09,normal
2026-10-01T09:52:00Z,payment_service,api_latency_ms,82.52,normal
2026-10-01T09:52:00Z,payment_service,error_rate_percent,0.0,normal
2026-10-01T09:52:00Z,payment_service,request_count,125.37,normal
2026-10-01T09:52:00Z,payment_service,cpu_percent,30.99,normal
2026-10-01T09:52:00Z,payment_service,memory_percent,48.61,normal
2026-10-01T09:52:00Z,payment_service,database_connections_percent,41.64,normal
2026-10-01T09:52:00Z,database,api_latency_ms,14.97,normal
2026-10-01T09:52:00Z,database,error_rate_percent,0.28,normal
2026-10-01T09:52:00Z,database,request_count,340.96,normal
2026-10-01T09:52:00Z,database,cpu_percent,39.61,normal
2026-10-01T09:52:00Z,database,memory_percent,59.38,normal
2026-10-01T09:52:00Z,database,database_connections_percent,36.58,normal
2026-10-01T09:53:00Z,api_gateway,api_latency_ms,64.43,normal
2026-10-01T09:53:00Z,api_gateway,error_rate_percent,0.0,normal
2026-10-01T09:53:00Z,api_gateway,request_count,243.86,normal
2026-10-01T09:53:00Z,api_gateway,cpu_percent,27.6,normal
2026-10-01T09:53:00Z,api_gateway,memory_percent,41.46,normal
2026-10-01T09:53:00Z,api_gateway,database_connections_percent,0.0,normal
2026-10-01T09:53:00Z,order_service,api_latency_ms,44.86,normal
2026-10-01T09:53:00Z,order_service,error_rate_percent,0.34,normal
2026-10-01T09:53:00Z,order_service,request_count,187.87,normal
2026-10-01T09:53:00Z,order_service,cpu_percent,33.86,normal
2026-10-01T09:53:00Z,order_service,memory_percent,46.99,normal
2026-10-01T09:53:00Z,order_service,database_connections_percent,33.18,normal
2026-10-01T09:53:00Z,payment_service,api_latency_ms,78.05,normal
2026-10-01T09:53:00Z,payment_service,error_rate_percent,0.12,normal
2026-10-01T09:53:00Z,payment_service,request_count,115.38,normal
2026-10-01T09:53:00Z,payment_service,cpu_percent,29.93,normal
2026-10-01T09:53:00Z,payment_service,memory_percent,46.91,normal
2026-10-01T09:53:00Z,payment_service,database_connections_percent,40.36,normal
2026-10-01T09:53:00Z,database,api_latency_ms,15.45,normal
2026-10-01T09:53:00Z,database,error_rate_percent,0.0,normal
2026-10-01T09:53:00Z,database,request_count,342.77,normal
2026-10-01T09:53:00Z,database,cpu_percent,38.15,normal
2026-10-01T09:53:00Z,database,memory_percent,59.91,normal
2026-10-01T09:53:00Z,database,database_connections_percent,36.39,normal
2026-10-01T09:54:00Z,api_gateway,api_latency_ms,66.86,normal
2026-10-01T09:54:00Z,api_gateway,error_rate_percent,0.0,normal
2026-10-01T09:54:00Z,api_gateway,request_count,245.5,normal
2026-10-01T09:54:00Z,api_gateway,cpu_percent,28.42,normal
2026-10-01T09:54:00Z,api_gateway,memory_percent,42.39,normal
2026-10-01T09:54:00Z,api_gateway,database_connections_percent,1.35,normal
2026-10-01T09:54:00Z,order_service,api_latency_ms,45.79,normal
2026-10-01T09:54:00Z,order_service,error_rate_percent,0.0,normal
2026-10-01T09:54:00Z,order_service,request_count,179.14,normal
2026-10-01T09:54:00Z,order_service,cpu_percent,31.89,normal
2026-10-01T09:54:00Z,order_service,memory_percent,49.8,normal
2026-10-01T09:54:00Z,order_service,database_connections_percent,33.54,normal
2026-10-01T09:54:00Z,payment_service,api_latency_ms,83.66,normal
2026-10-01T09:54:00Z,payment_service,error_rate_percent,0.03,normal
2026-10-01T09:54:00Z,payment_service,request_count,119.3,normal
2026-10-01T09:54:00Z,payment_service,cpu_percent,30.98,normal
2026-10-01T09:54:00Z,payment_service,memory_percent,52.17,normal
2026-10-01T09:54:00Z,payment_service,database_connections_percent,39.36,normal
2026-10-01T09:54:00Z,database,api_latency_ms,16.37,normal
2026-10-01T09:54:00Z,database,error_rate_percent,0.46,normal
2026-10-01T09:54:00Z,database,request_count,358.44,normal
2026-10-01T09:54:00Z,database,cpu_percent,40.74,normal
2026-10-01T09:54:00Z,database,memory_percent,61.18,normal
2026-10-01T09:54:00Z,database,database_connections_percent,34.34,normal
2026-10-01T09:55:00Z,api_gateway,api_latency_ms,64.09,normal
2026-10-01T09:55:00Z,api_gateway,error_rate_percent,0.62,normal
2026-10-01T09:55:00Z,api_gateway,request_count,249.39,normal
2026-10-01T09:55:00Z,api_gateway,cpu_percent,26.03,normal
2026-10-01T09:55:00Z,api_gateway,memory_percent,41.89,normal
2026-10-01T09:55:00Z,api_gateway,database_connections_percent,0.85,normal
2026-10-01T09:55:00Z,order_service,api_latency_ms,47.81,normal
2026-10-01T09:55:00Z,order_service,error_rate_percent,0.07,normal
2026-10-01T09:55:00Z,order_service,request_count,188.56,normal
2026-10-01T09:55:00Z,order_service,cpu_percent,34.36,normal
2026-10-01T09:55:00Z,order_service,memory_percent,45.74,normal
2026-10-01T09:55:00Z,order_service,database_connections_percent,33.38,normal
2026-10-01T09:55:00Z,payment_service,api_latency_ms,86.25,normal
2026-10-01T09:55:00Z,payment_service,error_rate_percent,0.16,normal
2026-10-01T09:55:00Z,payment_service,request_count,118.54,normal
2026-10-01T09:55:00Z,payment_service,cpu_percent,31.52,normal
2026-10-01T09:55:00Z,payment_service,memory_percent,52.57,normal
2026-10-01T09:55:00Z,payment_service,database_connections_percent,43.25,normal
2026-10-01T09:55:00Z,database,api_latency_ms,16.66,normal
2026-10-01T09:55:00Z,database,error_rate_percent,0.0,normal
2026-10-01T09:55:00Z,database,request_count,355.17,normal
2026-10-01T09:55:00Z,database,cpu_percent,36.97,normal
2026-10-01T09:55:00Z,database,memory_percent,64.43,normal
2026-10-01T09:55:00Z,database,database_connections_percent,35.78,normal
2026-10-01T09:56:00Z,api_gateway,api_latency_ms,65.7,normal
2026-10-01T09:56:00Z,api_gateway,error_rate_percent,0.0,normal
2026-10-01T09:56:00Z,api_gateway,request_count,242.64,normal
2026-10-01T09:56:00Z,api_gateway,cpu_percent,26.83,normal
2026-10-01T09:56:00Z,api_gateway,memory_percent,40.72,normal
2026-10-01T09:56:00Z,api_gateway,database_connections_percent,0.0,normal
2026-10-01T09:56:00Z,order_service,api_latency_ms,43.77,normal
2026-10-01T09:56:00Z,order_service,error_rate_percent,0.52,normal
2026-10-01T09:56:00Z,order_service,request_count,170.06,normal
2026-10-01T09:56:00Z,order_service,cpu_percent,35.39,normal
2026-10-01T09:56:00Z,order_service,memory_percent,53.04,normal
2026-10-01T09:56:00Z,order_service,database_connections_percent,34.1,normal
2026-10-01T09:56:00Z,payment_service,api_latency_ms,77.13,normal
2026-10-01T09:56:00Z,payment_service,error_rate_percent,0.18,normal
2026-10-01T09:56:00Z,payment_service,request_count,127.08,normal
2026-10-01T09:56:00Z,payment_service,cpu_percent,32.31,normal
2026-10-01T09:56:00Z,payment_service,memory_percent,46.73,normal
2026-10-01T09:56:00Z,payment_service,database_connections_percent,40.97,normal
2026-10-01T09:56:00Z,database,api_latency_ms,14.17,normal
2026-10-01T09:56:00Z,database,error_rate_percent,0.39,normal
2026-10-01T09:56:00Z,database,request_count,357.15,normal
2026-10-01T09:56:00Z,database,cpu_percent,39.38,normal
2026-10-01T09:56:00Z,database,memory_percent,57.48,normal
2026-10-01T09:56:00Z,database,database_connections_percent,36.32,normal
2026-10-01T09:57:00Z,api_gateway,api_latency_ms,66.74,normal
2026-10-01T09:57:00Z,api_gateway,error_rate_percent,0.81,normal
2026-10-01T09:57:00Z,api_gateway,request_count,242.03,normal
2026-10-01T09:57:00Z,api_gateway,cpu_percent,28.64,normal
2026-10-01T09:57:00Z,api_gateway,memory_percent,37.62,normal
2026-10-01T09:57:00Z,api_gateway,database_connections_percent,0.0,normal
2026-10-01T09:57:00Z,order_service,api_latency_ms,44.93,normal
2026-10-01T09:57:00Z,order_service,error_rate_percent,0.0,normal
2026-10-01T09:57:00Z,order_service,request_count,171.57,normal
2026-10-01T09:57:00Z,order_service,cpu_percent,33.83,normal
2026-10-01T09:57:00Z,order_service,memory_percent,50.73,normal
2026-10-01T09:57:00Z,order_service,database_connections_percent,34.67,normal
2026-10-01T09:57:00Z,payment_service,api_latency_ms,71.05,normal
2026-10-01T09:57:00Z,payment_service,error_rate_percent,0.0,normal
2026-10-01T09:57:00Z,payment_service,request_count,116.36,normal
2026-10-01T09:57:00Z,payment_service,cpu_percent,32.73,normal
2026-10-01T09:57:00Z,payment_service,memory_percent,41.41,normal
2026-10-01T09:57:00Z,payment_service,database_connections_percent,39.0,normal
2026-10-01T09:57:00Z,database,api_latency_ms,14.61,normal
2026-10-01T09:57:00Z,database,error_rate_percent,0.74,normal
2026-10-01T09:57:00Z,database,request_count,343.26,normal
2026-10-01T09:57:00Z,database,cpu_percent,40.77,normal
2026-10-01T09:57:00Z,database,memory_percent,60.42,normal
2026-10-01T09:57:00Z,database,database_connections_percent,33.95,normal
2026-10-01T09:58:00Z,api_gateway,api_latency_ms,67.5,normal
2026-10-01T09:58:00Z,api_gateway,error_rate_percent,0.31,normal
2026-10-01T09:58:00Z,api_gateway,request_count,256.35,normal
2026-10-01T09:58:00Z,api_gateway,cpu_percent,33.5,normal
2026-10-01T09:58:00Z,api_gateway,memory_percent,37.62,normal
2026-10-01T09:58:00Z,api_gateway,database_connections_percent,0.86,normal
2026-10-01T09:58:00Z,order_service,api_latency_ms,44.35,normal
2026-10-01T09:58:00Z,order_service,error_rate_percent,0.24,normal
2026-10-01T09:58:00Z,order_service,request_count,179.59,normal
2026-10-01T09:58:00Z,order_service,cpu_percent,34.26,normal
2026-10-01T09:58:00Z,order_service,memory_percent,48.58,normal
2026-10-01T09:58:00Z,order_service,database_connections_percent,35.58,normal
2026-10-01T09:58:00Z,payment_service,api_latency_ms,73.93,normal
2026-10-01T09:58:00Z,payment_service,error_rate_percent,0.68,normal
2026-10-01T09:58:00Z,payment_service,request_count,117.5,normal
2026-10-01T09:58:00Z,payment_service,cpu_percent,30.19,normal
2026-10-01T09:58:00Z,payment_service,memory_percent,46.92,normal
2026-10-01T09:58:00Z,payment_service,database_connections_percent,42.51,normal
2026-10-01T09:58:00Z,database,api_latency_ms,14.6,normal
2026-10-01T09:58:00Z,database,error_rate_percent,0.23,normal
2026-10-01T09:58:00Z,database,request_count,337.21,normal
2026-10-01T09:58:00Z,database,cpu_percent,41.52,normal
2026-10-01T09:58:00Z,database,memory_percent,62.06,normal
2026-10-01T09:58:00Z,database,database_connections_percent,41.51,normal
2026-10-01T09:59:00Z,api_gateway,api_latency_ms,64.43,normal
2026-10-01T09:59:00Z,api_gateway,error_rate_percent,0.53,normal
2026-10-01T09:59:00Z,api_gateway,request_count,251.23,normal
2026-10-01T09:59:00Z,api_gateway,cpu_percent,29.81,normal
2026-10-01T09:59:00Z,api_gateway,memory_percent,40.49,normal
2026-10-01T09:59:00Z,api_gateway,database_connections_percent,0.37,normal
2026-10-01T09:59:00Z,order_service,api_latency_ms,44.56,normal
2026-10-01T09:59:00Z,order_service,error_rate_percent,0.07,normal
2026-10-01T09:59:00Z,order_service,request_count,180.83,normal
2026-10-01T09:59:00Z,order_service,cpu_percent,35.44,normal
2026-10-01T09:59:00Z,order_service,memory_percent,49.71,normal
2026-10-01T09:59:00Z,order_service,database_connections_percent,35.38,normal
2026-10-01T09:59:00Z,payment_service,api_latency_ms,86.31,normal
2026-10-01T09:59:00Z,payment_service,error_rate_percent,0.79,normal
2026-10-01T09:59:00Z,payment_service,request_count,125.21,normal
2026-10-01T09:59:00Z,payment_service,cpu_percent,31.27,normal
2026-10-01T09:59:00Z,payment_service,memory_percent,45.87,normal
2026-10-01T09:59:00Z,payment_service,database_connections_percent,41.91,normal
2026-10-01T09:59:00Z,database,api_latency_ms,15.66,normal
2026-10-01T09:59:00Z,database,error_rate_percent,0.79,normal
2026-10-01T09:59:00Z,database,request_count,339.43,normal
2026-10-01T09:59:00Z,database,cpu_percent,39.54,normal
2026-10-01T09:59:00Z,database,memory_percent,55.08,normal
2026-10-01T09:59:00Z,database,database_connections_percent,37.25,normal
2026-10-01T10:00:00Z,api_gateway,api_latency_ms,371.57,network_failure
2026-10-01T10:00:00Z,api_gateway,error_rate_percent,23.1,network_failure
2026-10-01T10:00:00Z,api_gateway,request_count,246.34,network_failure
2026-10-01T10:00:00Z,api_gateway,cpu_percent,27.73,network_failure
2026-10-01T10:00:00Z,api_gateway,memory_percent,42.68,network_failure
2026-10-01T10:00:00Z,api_gateway,database_connections_percent,0.0,network_failure
2026-10-01T10:00:00Z,order_service,api_latency_ms,255.19,network_failure
2026-10-01T10:00:00Z,order_service,error_rate_percent,21.84,network_failure
2026-10-01T10:00:00Z,order_service,request_count,169.92,network_failure
2026-10-01T10:00:00Z,order_service,cpu_percent,32.15,network_failure
2026-10-01T10:00:00Z,order_service,memory_percent,53.01,network_failure
2026-10-01T10:00:00Z,order_service,database_connections_percent,36.36,network_failure
2026-10-01T10:00:00Z,payment_service,api_latency_ms,455.2,network_failure
2026-10-01T10:00:00Z,payment_service,error_rate_percent,24.09,network_failure
2026-10-01T10:00:00Z,payment_service,request_count,108.71,network_failure
2026-10-01T10:00:00Z,payment_service,cpu_percent,34.8,network_failure
2026-10-01T10:00:00Z,payment_service,memory_percent,50.24,network_failure
2026-10-01T10:00:00Z,payment_service,database_connections_percent,39.53,network_failure
2026-10-01T10:00:00Z,database,api_latency_ms,85.85,network_failure
2026-10-01T10:00:00Z,database,error_rate_percent,22.78,network_failure
2026-10-01T10:00:00Z,database,request_count,319.24,network_failure
2026-10-01T10:00:00Z,database,cpu_percent,38.78,network_failure
2026-10-01T10:00:00Z,database,memory_percent,58.41,network_failure
2026-10-01T10:00:00Z,database,database_connections_percent,35.99,network_failure
2026-10-01T10:01:00Z,api_gateway,api_latency_ms,415.64,network_failure
2026-10-01T10:01:00Z,api_gateway,error_rate_percent,26.54,network_failure
2026-10-01T10:01:00Z,api_gateway,request_count,231.07,network_failure
2026-10-01T10:01:00Z,api_gateway,cpu_percent,27.2,network_failure
2026-10-01T10:01:00Z,api_gateway,memory_percent,38.18,network_failure
2026-10-01T10:01:00Z,api_gateway,database_connections_percent,0.14,network_failure
2026-10-01T10:01:00Z,order_service,api_latency_ms,280.7,network_failure
2026-10-01T10:01:00Z,order_service,error_rate_percent,26.63,network_failure
2026-10-01T10:01:00Z,order_service,request_count,150.89,network_failure
2026-10-01T10:01:00Z,order_service,cpu_percent,38.48,network_failure
2026-10-01T10:01:00Z,order_service,memory_percent,52.28,network_failure
2026-10-01T10:01:00Z,order_service,database_connections_percent,35.19,network_failure
2026-10-01T10:01:00Z,payment_service,api_latency_ms,511.72,network_failure
2026-10-01T10:01:00Z,payment_service,error_rate_percent,26.24,network_failure
2026-10-01T10:01:00Z,payment_service,request_count,112.06,network_failure
2026-10-01T10:01:00Z,payment_service,cpu_percent,32.32,network_failure
2026-10-01T10:01:00Z,payment_service,memory_percent,48.63,network_failure
2026-10-01T10:01:00Z,payment_service,database_connections_percent,42.54,network_failure
2026-10-01T10:01:00Z,database,api_latency_ms,95.55,network_failure
2026-10-01T10:01:00Z,database,error_rate_percent,26.81,network_failure
2026-10-01T10:01:00Z,database,request_count,288.37,network_failure
2026-10-01T10:01:00Z,database,cpu_percent,38.08,network_failure
2026-10-01T10:01:00Z,database,memory_percent,59.63,network_failure
2026-10-01T10:01:00Z,database,database_connections_percent,38.18,network_failure
2026-10-01T10:02:00Z,api_gateway,api_latency_ms,451.33,network_failure
2026-10-01T10:02:00Z,api_gateway,error_rate_percent,31.21,network_failure
2026-10-01T10:02:00Z,api_gateway,request_count,233.95,network_failure
2026-10-01T10:02:00Z,api_gateway,cpu_percent,28.84,network_failure
2026-10-01T10:02:00Z,api_gateway,memory_percent,42.15,network_failure
2026-10-01T10:02:00Z,api_gateway,database_connections_percent,0.0,network_failure
2026-10-01T10:02:00Z,order_service,api_latency_ms,312.86,network_failure
2026-10-01T10:02:00Z,order_service,error_rate_percent,30.04,network_failure
2026-10-01T10:02:00Z,order_service,request_count,157.12,network_failure
2026-10-01T10:02:00Z,order_service,cpu_percent,32.83,network_failure
2026-10-01T10:02:00Z,order_service,memory_percent,50.84,network_failure
2026-10-01T10:02:00Z,order_service,database_connections_percent,34.73,network_failure
2026-10-01T10:02:00Z,payment_service,api_latency_ms,552.37,network_failure
2026-10-01T10:02:00Z,payment_service,error_rate_percent,29.57,network_failure
2026-10-01T10:02:00Z,payment_service,request_count,100.72,network_failure
2026-10-01T10:02:00Z,payment_service,cpu_percent,35.02,network_failure
2026-10-01T10:02:00Z,payment_service,memory_percent,49.34,network_failure
2026-10-01T10:02:00Z,payment_service,database_connections_percent,37.33,network_failure
2026-10-01T10:02:00Z,database,api_latency_ms,105.36,network_failure
2026-10-01T10:02:00Z,database,error_rate_percent,29.23,network_failure
2026-10-01T10:02:00Z,database,request_count,319.95,network_failure
2026-10-01T10:02:00Z,database,cpu_percent,39.06,network_failure
2026-10-01T10:02:00Z,database,memory_percent,59.72,network_failure
2026-10-01T10:02:00Z,database,database_connections_percent,40.52,network_failure
2026-10-01T10:03:00Z,api_gateway,api_latency_ms,494.15,network_failure
2026-10-01T10:03:00Z,api_gateway,error_rate_percent,32.63,network_failure
2026-10-01T10:03:00Z,api_gateway,request_count,196.04,network_failure
2026-10-01T10:03:00Z,api_gateway,cpu_percent,29.45,network_failure
2026-10-01T10:03:00Z,api_gateway,memory_percent,38.81,network_failure
2026-10-01T10:03:00Z,api_gateway,database_connections_percent,0.0,network_failure
2026-10-01T10:03:00Z,order_service,api_latency_ms,343.98,network_failure
2026-10-01T10:03:00Z,order_service,error_rate_percent,33.61,network_failure
2026-10-01T10:03:00Z,order_service,request_count,157.2,network_failure
2026-10-01T10:03:00Z,order_service,cpu_percent,34.19,network_failure
2026-10-01T10:03:00Z,order_service,memory_percent,48.97,network_failure
2026-10-01T10:03:00Z,order_service,database_connections_percent,37.02,network_failure
2026-10-01T10:03:00Z,payment_service,api_latency_ms,605.85,network_failure
2026-10-01T10:03:00Z,payment_service,error_rate_percent,33.14,network_failure
2026-10-01T10:03:00Z,payment_service,request_count,98.74,network_failure
2026-10-01T10:03:00Z,payment_service,cpu_percent,32.72,network_failure
2026-10-01T10:03:00Z,payment_service,memory_percent,46.78,network_failure
2026-10-01T10:03:00Z,payment_service,database_connections_percent,40.07,network_failure
2026-10-01T10:03:00Z,database,api_latency_ms,113.13,network_failure
2026-10-01T10:03:00Z,database,error_rate_percent,33.0,network_failure
2026-10-01T10:03:00Z,database,request_count,292.6,network_failure
2026-10-01T10:03:00Z,database,cpu_percent,38.04,network_failure
2026-10-01T10:03:00Z,database,memory_percent,60.18,network_failure
2026-10-01T10:03:00Z,database,database_connections_percent,38.85,network_failure
2026-10-01T10:04:00Z,api_gateway,api_latency_ms,540.55,network_failure
2026-10-01T10:04:00Z,api_gateway,error_rate_percent,36.75,network_failure
2026-10-01T10:04:00Z,api_gateway,request_count,179.63,network_failure
2026-10-01T10:04:00Z,api_gateway,cpu_percent,27.71,network_failure
2026-10-01T10:04:00Z,api_gateway,memory_percent,43.28,network_failure
2026-10-01T10:04:00Z,api_gateway,database_connections_percent,0.08,network_failure
2026-10-01T10:04:00Z,order_service,api_latency_ms,373.68,network_failure
2026-10-01T10:04:00Z,order_service,error_rate_percent,36.78,network_failure
2026-10-01T10:04:00Z,order_service,request_count,144.43,network_failure
2026-10-01T10:04:00Z,order_service,cpu_percent,31.41,network_failure
2026-10-01T10:04:00Z,order_service,memory_percent,52.9,network_failure
2026-10-01T10:04:00Z,order_service,database_connections_percent,34.41,network_failure
2026-10-01T10:04:00Z,payment_service,api_latency_ms,668.37,network_failure
2026-10-01T10:04:00Z,payment_service,error_rate_percent,37.27,network_failure
2026-10-01T10:04:00Z,payment_service,request_count,83.77,network_failure
2026-10-01T10:04:00Z,payment_service,cpu_percent,30.86,network_failure
2026-10-01T10:04:00Z,payment_service,memory_percent,47.31,network_failure
2026-10-01T10:04:00Z,payment_service,database_connections_percent,38.43,network_failure
2026-10-01T10:04:00Z,database,api_latency_ms,126.3,network_failure
2026-10-01T10:04:00Z,database,error_rate_percent,36.24,network_failure
2026-10-01T10:04:00Z,database,request_count,258.61,network_failure
2026-10-01T10:04:00Z,database,cpu_percent,40.41,network_failure
2026-10-01T10:04:00Z,database,memory_percent,56.39,network_failure
2026-10-01T10:04:00Z,database,database_connections_percent,37.25,network_failure
2026-10-01T10:05:00Z,api_gateway,api_latency_ms,586.03,network_failure
2026-10-01T10:05:00Z,api_gateway,error_rate_percent,39.83,network_failure
2026-10-01T10:05:00Z,api_gateway,request_count,178.83,network_failure
2026-10-01T10:05:00Z,api_gateway,cpu_percent,27.26,network_failure
2026-10-01T10:05:00Z,api_gateway,memory_percent,38.82,network_failure
2026-10-01T10:05:00Z,api_gateway,database_connections_percent,0.16,network_failure
2026-10-01T10:05:00Z,order_service,api_latency_ms,408.95,network_failure
2026-10-01T10:05:00Z,order_service,error_rate_percent,40.01,network_failure
2026-10-01T10:05:00Z,order_service,request_count,131.63,network_failure
2026-10-01T10:05:00Z,order_service,cpu_percent,36.21,network_failure
2026-10-01T10:05:00Z,order_service,memory_percent,46.83,network_failure
2026-10-01T10:05:00Z,order_service,database_connections_percent,37.98,network_failure
2026-10-01T10:05:00Z,payment_service,api_latency_ms,720.81,network_failure
2026-10-01T10:05:00Z,payment_service,error_rate_percent,40.82,network_failure
2026-10-01T10:05:00Z,payment_service,request_count,82.0,network_failure
2026-10-01T10:05:00Z,payment_service,cpu_percent,34.91,network_failure
2026-10-01T10:05:00Z,payment_service,memory_percent,49.86,network_failure
2026-10-01T10:05:00Z,payment_service,database_connections_percent,41.11,network_failure
2026-10-01T10:05:00Z,database,api_latency_ms,135.18,network_failure
2026-10-01T10:05:00Z,database,error_rate_percent,39.88,network_failure
2026-10-01T10:05:00Z,database,request_count,273.01,network_failure
2026-10-01T10:05:00Z,database,cpu_percent,40.28,network_failure
2026-10-01T10:05:00Z,database,memory_percent,54.1,network_failure
2026-10-01T10:05:00Z,database,database_connections_percent,35.88,network_failure
2026-10-01T10:06:00Z,api_gateway,api_latency_ms,627.73,network_failure
2026-10-01T10:06:00Z,api_gateway,error_rate_percent,43.49,network_failure
2026-10-01T10:06:00Z,api_gateway,request_count,167.63,network_failure
2026-10-01T10:06:00Z,api_gateway,cpu_percent,29.71,network_failure
2026-10-01T10:06:00Z,api_gateway,memory_percent,37.9,network_failure
2026-10-01T10:06:00Z,api_gateway,database_connections_percent,0.07,network_failure
2026-10-01T10:06:00Z,order_service,api_latency_ms,430.91,network_failure
2026-10-01T10:06:00Z,order_service,error_rate_percent,43.71,network_failure
2026-10-01T10:06:00Z,order_service,request_count,120.35,network_failure
2026-10-01T10:06:00Z,order_service,cpu_percent,35.73,network_failure
2026-10-01T10:06:00Z,order_service,memory_percent,47.84,network_failure
2026-10-01T10:06:00Z,order_service,database_connections_percent,37.24,network_failure
2026-10-01T10:06:00Z,payment_service,api_latency_ms,777.5,network_failure
2026-10-01T10:06:00Z,payment_service,error_rate_percent,43.63,network_failure
2026-10-01T10:06:00Z,payment_service,request_count,80.02,network_failure
2026-10-01T10:06:00Z,payment_service,cpu_percent,32.93,network_failure
2026-10-01T10:06:00Z,payment_service,memory_percent,46.3,network_failure
2026-10-01T10:06:00Z,payment_service,database_connections_percent,41.71,network_failure
2026-10-01T10:06:00Z,database,api_latency_ms,146.24,network_failure
2026-10-01T10:06:00Z,database,error_rate_percent,43.87,network_failure
2026-10-01T10:06:00Z,database,request_count,222.9,network_failure
2026-10-01T10:06:00Z,database,cpu_percent,40.72,network_failure
2026-10-01T10:06:00Z,database,memory_percent,56.12,network_failure
2026-10-01T10:06:00Z,database,database_connections_percent,39.09,network_failure
2026-10-01T10:07:00Z,api_gateway,api_latency_ms,673.13,network_failure
2026-10-01T10:07:00Z,api_gateway,error_rate_percent,45.73,network_failure
2026-10-01T10:07:00Z,api_gateway,request_count,142.14,network_failure
2026-10-01T10:07:00Z,api_gateway,cpu_percent,27.6,network_failure
2026-10-01T10:07:00Z,api_gateway,memory_percent,41.37,network_failure
2026-10-01T10:07:00Z,api_gateway,database_connections_percent,0.0,network_failure
2026-10-01T10:07:00Z,order_service,api_latency_ms,465.88,network_failure
2026-10-01T10:07:00Z,order_service,error_rate_percent,46.79,network_failure
2026-10-01T10:07:00Z,order_service,request_count,111.05,network_failure
2026-10-01T10:07:00Z,order_service,cpu_percent,33.68,network_failure
2026-10-01T10:07:00Z,order_service,memory_percent,52.62,network_failure
2026-10-01T10:07:00Z,order_service,database_connections_percent,37.9,network_failure
2026-10-01T10:07:00Z,payment_service,api_latency_ms,824.73,network_failure
2026-10-01T10:07:00Z,payment_service,error_rate_percent,46.36,network_failure
2026-10-01T10:07:00Z,payment_service,request_count,78.15,network_failure
2026-10-01T10:07:00Z,payment_service,cpu_percent,31.43,network_failure
2026-10-01T10:07:00Z,payment_service,memory_percent,47.67,network_failure
2026-10-01T10:07:00Z,payment_service,database_connections_percent,41.48,network_failure
2026-10-01T10:07:00Z,database,api_latency_ms,153.57,network_failure
2026-10-01T10:07:00Z,database,error_rate_percent,47.33,network_failure
2026-10-01T10:07:00Z,database,request_count,220.61,network_failure
2026-10-01T10:07:00Z,database,cpu_percent,39.18,network_failure
2026-10-01T10:07:00Z,database,memory_percent,59.73,network_failure
2026-10-01T10:07:00Z,database,database_connections_percent,37.93,network_failure
2026-10-01T10:08:00Z,api_gateway,api_latency_ms,709.37,network_failure
2026-10-01T10:08:00Z,api_gateway,error_rate_percent,50.75,network_failure
2026-10-01T10:08:00Z,api_gateway,request_count,145.52,network_failure
2026-10-01T10:08:00Z,api_gateway,cpu_percent,28.62,network_failure
2026-10-01T10:08:00Z,api_gateway,memory_percent,44.0,network_failure
2026-10-01T10:08:00Z,api_gateway,database_connections_percent,0.0,network_failure
2026-10-01T10:08:00Z,order_service,api_latency_ms,496.07,network_failure
2026-10-01T10:08:00Z,order_service,error_rate_percent,49.87,network_failure
2026-10-01T10:08:00Z,order_service,request_count,112.02,network_failure
2026-10-01T10:08:00Z,order_service,cpu_percent,31.28,network_failure
2026-10-01T10:08:00Z,order_service,memory_percent,49.75,network_failure
2026-10-01T10:08:00Z,order_service,database_connections_percent,33.95,network_failure
2026-10-01T10:08:00Z,payment_service,api_latency_ms,881.73,network_failure
2026-10-01T10:08:00Z,payment_service,error_rate_percent,50.24,network_failure
2026-10-01T10:08:00Z,payment_service,request_count,65.35,network_failure
2026-10-01T10:08:00Z,payment_service,cpu_percent,30.86,network_failure
2026-10-01T10:08:00Z,payment_service,memory_percent,47.73,network_failure
2026-10-01T10:08:00Z,payment_service,database_connections_percent,38.21,network_failure
2026-10-01T10:08:00Z,database,api_latency_ms,165.63,network_failure
2026-10-01T10:08:00Z,database,error_rate_percent,49.82,network_failure
2026-10-01T10:08:00Z,database,request_count,152.13,network_failure
2026-10-01T10:08:00Z,database,cpu_percent,39.25,network_failure
2026-10-01T10:08:00Z,database,memory_percent,56.88,network_failure
2026-10-01T10:08:00Z,database,database_connections_percent,34.9,network_failure
2026-10-01T10:09:00Z,api_gateway,api_latency_ms,754.31,network_failure
2026-10-01T10:09:00Z,api_gateway,error_rate_percent,53.39,network_failure
2026-10-01T10:09:00Z,api_gateway,request_count,149.94,network_failure
2026-10-01T10:09:00Z,api_gateway,cpu_percent,28.44,network_failure
2026-10-01T10:09:00Z,api_gateway,memory_percent,40.73,network_failure
2026-10-01T10:09:00Z,api_gateway,database_connections_percent,0.23,network_failure
2026-10-01T10:09:00Z,order_service,api_latency_ms,523.97,network_failure
2026-10-01T10:09:00Z,order_service,error_rate_percent,52.99,network_failure
2026-10-01T10:09:00Z,order_service,request_count,85.61,network_failure
2026-10-01T10:09:00Z,order_service,cpu_percent,31.93,network_failure
2026-10-01T10:09:00Z,order_service,memory_percent,49.03,network_failure
2026-10-01T10:09:00Z,order_service,database_connections_percent,35.28,network_failure
2026-10-01T10:09:00Z,payment_service,api_latency_ms,932.95,network_failure
2026-10-01T10:09:00Z,payment_service,error_rate_percent,53.13,network_failure
2026-10-01T10:09:00Z,payment_service,request_count,58.33,network_failure
2026-10-01T10:09:00Z,payment_service,cpu_percent,32.97,network_failure
2026-10-01T10:09:00Z,payment_service,memory_percent,44.84,network_failure
2026-10-01T10:09:00Z,payment_service,database_connections_percent,41.55,network_failure
2026-10-01T10:09:00Z,database,api_latency_ms,174.25,network_failure
2026-10-01T10:09:00Z,database,error_rate_percent,52.96,network_failure
2026-10-01T10:09:00Z,database,request_count,161.0,network_failure
2026-10-01T10:09:00Z,database,cpu_percent,39.0,network_failure
2026-10-01T10:09:00Z,database,memory_percent,62.93,network_failure
2026-10-01T10:09:00Z,database,database_connections_percent,38.98,network_failure
2026-10-01T10:10:00Z,api_gateway,api_latency_ms,804.85,network_failure
2026-10-01T10:10:00Z,api_gateway,error_rate_percent,56.93,network_failure
2026-10-01T10:10:00Z,api_gateway,request_count,107.87,network_failure
2026-10-01T10:10:00Z,api_gateway,cpu_percent,27.54,network_failure
2026-10-01T10:10:00Z,api_gateway,memory_percent,40.36,network_failure
2026-10-01T10:10:00Z,api_gateway,database_connections_percent,0.67,network_failure
2026-10-01T10:10:00Z,order_service,api_latency_ms,552.31,network_failure
2026-10-01T10:10:00Z,order_service,error_rate_percent,57.11,network_failure
2026-10-01T10:10:00Z,order_service,request_count,95.64,network_failure
2026-10-01T10:10:00Z,order_service,cpu_percent,38.2,network_failure
2026-10-01T10:10:00Z,order_service,memory_percent,48.98,network_failure
2026-10-01T10:10:00Z,order_service,database_connections_percent,36.25,network_failure
2026-10-01T10:10:00Z,payment_service,api_latency_ms,995.79,network_failure
2026-10-01T10:10:00Z,payment_service,error_rate_percent,56.36,network_failure
2026-10-01T10:10:00Z,payment_service,request_count,49.19,network_failure
2026-10-01T10:10:00Z,payment_service,cpu_percent,28.99,network_failure
2026-10-01T10:10:00Z,payment_service,memory_percent,49.71,network_failure
2026-10-01T10:10:00Z,payment_service,database_connections_percent,36.23,network_failure
2026-10-01T10:10:00Z,database,api_latency_ms,184.72,network_failure
2026-10-01T10:10:00Z,database,error_rate_percent,56.89,network_failure
2026-10-01T10:10:00Z,database,request_count,173.57,network_failure
2026-10-01T10:10:00Z,database,cpu_percent,40.85,network_failure
2026-10-01T10:10:00Z,database,memory_percent,60.67,network_failure
2026-10-01T10:10:00Z,database,database_connections_percent,40.43,network_failure
2026-10-01T10:11:00Z,api_gateway,api_latency_ms,841.9,network_failure
2026-10-01T10:11:00Z,api_gateway,error_rate_percent,59.66,network_failure
2026-10-01T10:11:00Z,api_gateway,request_count,100.34,network_failure
2026-10-01T10:11:00Z,api_gateway,cpu_percent,29.16,network_failure
2026-10-01T10:11:00Z,api_gateway,memory_percent,43.89,network_failure
2026-10-01T10:11:00Z,api_gateway,database_connections_percent,0.23,network_failure
2026-10-01T10:11:00Z,order_service,api_latency_ms,587.66,network_failure
2026-10-01T10:11:00Z,order_service,error_rate_percent,59.41,network_failure
2026-10-01T10:11:00Z,order_service,request_count,94.21,network_failure
2026-10-01T10:11:00Z,order_service,cpu_percent,37.67,network_failure
2026-10-01T10:11:00Z,order_service,memory_percent,51.84,network_failure
2026-10-01T10:11:00Z,order_service,database_connections_percent,38.12,network_failure
2026-10-01T10:11:00Z,payment_service,api_latency_ms,1033.37,network_failure
2026-10-01T10:11:00Z,payment_service,error_rate_percent,59.74,network_failure
2026-10-01T10:11:00Z,payment_service,request_count,48.39,network_failure
2026-10-01T10:11:00Z,payment_service,cpu_percent,33.15,network_failure
2026-10-01T10:11:00Z,payment_service,memory_percent,45.48,network_failure
2026-10-01T10:11:00Z,payment_service,database_connections_percent,41.51,network_failure
2026-10-01T10:11:00Z,database,api_latency_ms,196.03,network_failure
2026-10-01T10:11:00Z,database,error_rate_percent,60.35,network_failure
2026-10-01T10:11:00Z,database,request_count,158.97,network_failure
2026-10-01T10:11:00Z,database,cpu_percent,38.02,network_failure
2026-10-01T10:11:00Z,database,memory_percent,57.46,network_failure
2026-10-01T10:11:00Z,database,database_connections_percent,40.37,network_failure
2026-10-01T10:12:00Z,api_gateway,api_latency_ms,890.87,network_failure
2026-10-01T10:12:00Z,api_gateway,error_rate_percent,63.31,network_failure
2026-10-01T10:12:00Z,api_gateway,request_count,93.11,network_failure
2026-10-01T10:12:00Z,api_gateway,cpu_percent,25.16,network_failure
2026-10-01T10:12:00Z,api_gateway,memory_percent,39.75,network_failure
2026-10-01T10:12:00Z,api_gateway,database_connections_percent,0.96,network_failure
2026-10-01T10:12:00Z,order_service,api_latency_ms,612.12,network_failure
2026-10-01T10:12:00Z,order_service,error_rate_percent,63.43,network_failure
2026-10-01T10:12:00Z,order_service,request_count,79.87,network_failure
2026-10-01T10:12:00Z,order_service,cpu_percent,32.8,network_failure
2026-10-01T10:12:00Z,order_service,memory_percent,50.46,network_failure
2026-10-01T10:12:00Z,order_service,database_connections_percent,36.64,network_failure
2026-10-01T10:12:00Z,payment_service,api_latency_ms,1093.38,network_failure
2026-10-01T10:12:00Z,payment_service,error_rate_percent,64.77,network_failure
2026-10-01T10:12:00Z,payment_service,request_count,37.19,network_failure
2026-10-01T10:12:00Z,payment_service,cpu_percent,33.69,network_failure
2026-10-01T10:12:00Z,payment_service,memory_percent,47.59,network_failure
2026-10-01T10:12:00Z,payment_service,database_connections_percent,41.54,network_failure
2026-10-01T10:12:00Z,database,api_latency_ms,205.33,network_failure
2026-10-01T10:12:00Z,database,error_rate_percent,62.97,network_failure
2026-10-01T10:12:00Z,database,request_count,141.67,network_failure
2026-10-01T10:12:00Z,database,cpu_percent,36.28,network_failure
2026-10-01T10:12:00Z,database,memory_percent,61.81,network_failure
2026-10-01T10:12:00Z,database,database_connections_percent,38.57,network_failure
2026-10-01T10:13:00Z,api_gateway,api_latency_ms,933.74,network_failure
2026-10-01T10:13:00Z,api_gateway,error_rate_percent,67.2,network_failure
2026-10-01T10:13:00Z,api_gateway,request_count,91.26,network_failure
2026-10-01T10:13:00Z,api_gateway,cpu_percent,28.21,network_failure
2026-10-01T10:13:00Z,api_gateway,memory_percent,40.15,network_failure
2026-10-01T10:13:00Z,api_gateway,database_connections_percent,0.0,network_failure
2026-10-01T10:13:00Z,order_service,api_latency_ms,647.67,network_failure
2026-10-01T10:13:00Z,order_service,error_rate_percent,67.38,network_failure
2026-10-01T10:13:00Z,order_service,request_count,60.26,network_failure
2026-10-01T10:13:00Z,order_service,cpu_percent,35.08,network_failure
2026-10-01T10:13:00Z,order_service,memory_percent,47.74,network_failure
2026-10-01T10:13:00Z,order_service,database_connections_percent,37.05,network_failure
2026-10-01T10:13:00Z,payment_service,api_latency_ms,1149.33,network_failure
2026-10-01T10:13:00Z,payment_service,error_rate_percent,67.64,network_failure
2026-10-01T10:13:00Z,payment_service,request_count,36.33,network_failure
2026-10-01T10:13:00Z,payment_service,cpu_percent,31.4,network_failure
2026-10-01T10:13:00Z,payment_service,memory_percent,48.56,network_failure
2026-10-01T10:13:00Z,payment_service,database_connections_percent,41.29,network_failure
2026-10-01T10:13:00Z,database,api_latency_ms,214.84,network_failure
2026-10-01T10:13:00Z,database,error_rate_percent,66.23,network_failure
2026-10-01T10:13:00Z,database,request_count,136.76,network_failure
2026-10-01T10:13:00Z,database,cpu_percent,41.44,network_failure
2026-10-01T10:13:00Z,database,memory_percent,57.25,network_failure
2026-10-01T10:13:00Z,database,database_connections_percent,40.58,network_failure
2026-10-01T10:14:00Z,api_gateway,api_latency_ms,978.8,network_failure
2026-10-01T10:14:00Z,api_gateway,error_rate_percent,70.07,network_failure
2026-10-01T10:14:00Z,api_gateway,request_count,75.99,network_failure
2026-10-01T10:14:00Z,api_gateway,cpu_percent,28.78,network_failure
2026-10-01T10:14:00Z,api_gateway,memory_percent,40.19,network_failure
2026-10-01T10:14:00Z,api_gateway,database_connections_percent,0.02,network_failure
2026-10-01T10:14:00Z,order_service,api_latency_ms,670.16,network_failure
2026-10-01T10:14:00Z,order_service,error_rate_percent,70.44,network_failure
2026-10-01T10:14:00Z,order_service,request_count,39.95,network_failure
2026-10-01T10:14:00Z,order_service,cpu_percent,37.63,network_failure
2026-10-01T10:14:00Z,order_service,memory_percent,49.17,network_failure
2026-10-01T10:14:00Z,order_service,database_connections_percent,34.63,network_failure
2026-10-01T10:14:00Z,payment_service,api_latency_ms,1197.49,network_failure
2026-10-01T10:14:00Z,payment_service,error_rate_percent,69.86,network_failure
2026-10-01T10:14:00Z,payment_service,request_count,44.51,network_failure
2026-10-01T10:14:00Z,payment_service,cpu_percent,28.02,network_failure
2026-10-01T10:14:00Z,payment_service,memory_percent,51.06,network_failure
2026-10-01T10:14:00Z,payment_service,database_connections_percent,40.68,network_failure
2026-10-01T10:14:00Z,database,api_latency_ms,224.09,network_failure
2026-10-01T10:14:00Z,database,error_rate_percent,69.46,network_failure
2026-10-01T10:14:00Z,database,request_count,134.34,network_failure
2026-10-01T10:14:00Z,database,cpu_percent,38.11,network_failure
2026-10-01T10:14:00Z,database,memory_percent,56.54,network_failure
2026-10-01T10:14:00Z,database,database_connections_percent,40.16,network_failure
2026-10-01T10:15:00Z,api_gateway,api_latency_ms,66.1,normal
2026-10-01T10:15:00Z,api_gateway,error_rate_percent,0.0,normal
2026-10-01T10:15:00Z,api_gateway,request_count,252.71,normal
2026-10-01T10:15:00Z,api_gateway,cpu_percent,26.56,normal
2026-10-01T10:15:00Z,api_gateway,memory_percent,44.31,normal
2026-10-01T10:15:00Z,api_gateway,database_connections_percent,0.53,normal
2026-10-01T10:15:00Z,order_service,api_latency_ms,46.2,normal
2026-10-01T10:15:00Z,order_service,error_rate_percent,0.28,normal
2026-10-01T10:15:00Z,order_service,request_count,195.85,normal
2026-10-01T10:15:00Z,order_service,cpu_percent,35.0,normal
2026-10-01T10:15:00Z,order_service,memory_percent,47.05,normal
2026-10-01T10:15:00Z,order_service,database_connections_percent,35.79,normal
2026-10-01T10:15:00Z,payment_service,api_latency_ms,88.34,normal
2026-10-01T10:15:00Z,payment_service,error_rate_percent,0.0,normal
2026-10-01T10:15:00Z,payment_service,request_count,117.83,normal
2026-10-01T10:15:00Z,payment_service,cpu_percent,32.67,normal
2026-10-01T10:15:00Z,payment_service,memory_percent,47.87,normal
2026-10-01T10:15:00Z,payment_service,database_connections_percent,38.04,normal
2026-10-01T10:15:00Z,database,api_latency_ms,15.84,normal
2026-10-01T10:15:00Z,database,error_rate_percent,1.21,normal
2026-10-01T10:15:00Z,database,request_count,353.43,normal
2026-10-01T10:15:00Z,database,cpu_percent,38.19,normal
2026-10-01T10:15:00Z,database,memory_percent,55.35,normal
2026-10-01T10:15:00Z,database,database_connections_percent,38.49,normal
2026-10-01T10:16:00Z,api_gateway,api_latency_ms,68.59,normal
2026-10-01T10:16:00Z,api_gateway,error_rate_percent,0.44,normal
2026-10-01T10:16:00Z,api_gateway,request_count,249.97,normal
2026-10-01T10:16:00Z,api_gateway,cpu_percent,27.18,normal
2026-10-01T10:16:00Z,api_gateway,memory_percent,39.71,normal
2026-10-01T10:16:00Z,api_gateway,database_connections_percent,0.42,normal
2026-10-01T10:16:00Z,order_service,api_latency_ms,47.06,normal
2026-10-01T10:16:00Z,order_service,error_rate_percent,0.0,normal
2026-10-01T10:16:00Z,order_service,request_count,194.31,normal
2026-10-01T10:16:00Z,order_service,cpu_percent,36.0,normal
2026-10-01T10:16:00Z,order_service,memory_percent,53.5,normal
2026-10-01T10:16:00Z,order_service,database_connections_percent,32.65,normal
2026-10-01T10:16:00Z,payment_service,api_latency_ms,74.54,normal
2026-10-01T10:16:00Z,payment_service,error_rate_percent,0.23,normal
2026-10-01T10:16:00Z,payment_service,request_count,123.02,normal
2026-10-01T10:16:00Z,payment_service,cpu_percent,34.87,normal
2026-10-01T10:16:00Z,payment_service,memory_percent,49.69,normal
2026-10-01T10:16:00Z,payment_service,database_connections_percent,39.51,normal
2026-10-01T10:16:00Z,database,api_latency_ms,14.23,normal
2026-10-01T10:16:00Z,database,error_rate_percent,0.67,normal
2026-10-01T10:16:00Z,database,request_count,333.12,normal
2026-10-01T10:16:00Z,database,cpu_percent,43.26,normal
2026-10-01T10:16:00Z,database,memory_percent,59.15,normal
2026-10-01T10:16:00Z,database,database_connections_percent,41.02,normal
2026-10-01T10:17:00Z,api_gateway,api_latency_ms,67.21,normal
2026-10-01T10:17:00Z,api_gateway,error_rate_percent,0.13,normal
2026-10-01T10:17:00Z,api_gateway,request_count,243.51,normal
2026-10-01T10:17:00Z,api_gateway,cpu_percent,27.52,normal
2026-10-01T10:17:00Z,api_gateway,memory_percent,42.9,normal
2026-10-01T10:17:00Z,api_gateway,database_connections_percent,0.04,normal
2026-10-01T10:17:00Z,order_service,api_latency_ms,43.66,normal
2026-10-01T10:17:00Z,order_service,error_rate_percent,0.02,normal
2026-10-01T10:17:00Z,order_service,request_count,180.71,normal
2026-10-01T10:17:00Z,order_service,cpu_percent,31.27,normal
2026-10-01T10:17:00Z,order_service,memory_percent,51.15,normal
2026-10-01T10:17:00Z,order_service,database_connections_percent,33.29,normal
2026-10-01T10:17:00Z,payment_service,api_latency_ms,75.39,normal
2026-10-01T10:17:00Z,payment_service,error_rate_percent,0.0,normal
2026-10-01T10:17:00Z,payment_service,request_count,109.24,normal
2026-10-01T10:17:00Z,payment_service,cpu_percent,29.83,normal
2026-10-01T10:17:00Z,payment_service,memory_percent,46.3,normal
2026-10-01T10:17:00Z,payment_service,database_connections_percent,43.91,normal
2026-10-01T10:17:00Z,database,api_latency_ms,14.61,normal
2026-10-01T10:17:00Z,database,error_rate_percent,0.14,normal
2026-10-01T10:17:00Z,database,request_count,357.01,normal
2026-10-01T10:17:00Z,database,cpu_percent,40.26,normal
2026-10-01T10:17:00Z,database,memory_percent,59.77,normal
2026-10-01T10:17:00Z,database,database_connections_percent,35.73,normal
2026-10-01T10:18:00Z,api_gateway,api_latency_ms,69.72,normal
2026-10-01T10:18:00Z,api_gateway,error_rate_percent,1.1,normal
2026-10-01T10:18:00Z,api_gateway,request_count,228.97,normal
2026-10-01T10:18:00Z,api_gateway,cpu_percent,26.57,normal
2026-10-01T10:18:00Z,api_gateway,memory_percent,41.41,normal
2026-10-01T10:18:00Z,api_gateway,database_connections_percent,0.0,normal
2026-10-01T10:18:00Z,order_service,api_latency_ms,46.14,normal
2026-10-01T10:18:00Z,order_service,error_rate_percent,0.0,normal
2026-10-01T10:18:00Z,order_service,request_count,199.49,normal
2026-10-01T10:18:00Z,order_service,cpu_percent,37.08,normal
2026-10-01T10:18:00Z,order_service,memory_percent,50.53,normal
2026-10-01T10:18:00Z,order_service,database_connections_percent,36.8,normal
2026-10-01T10:18:00Z,payment_service,api_latency_ms,84.42,normal
2026-10-01T10:18:00Z,payment_service,error_rate_percent,0.02,normal
2026-10-01T10:18:00Z,payment_service,request_count,115.1,normal
2026-10-01T10:18:00Z,payment_service,cpu_percent,32.13,normal
2026-10-01T10:18:00Z,payment_service,memory_percent,50.07,normal
2026-10-01T10:18:00Z,payment_service,database_connections_percent,40.28,normal
2026-10-01T10:18:00Z,database,api_latency_ms,13.82,normal
2026-10-01T10:18:00Z,database,error_rate_percent,0.0,normal
2026-10-01T10:18:00Z,database,request_count,348.71,normal
2026-10-01T10:18:00Z,database,cpu_percent,39.85,normal
2026-10-01T10:18:00Z,database,memory_percent,65.92,normal
2026-10-01T10:18:00Z,database,database_connections_percent,35.37,normal
2026-10-01T10:19:00Z,api_gateway,api_latency_ms,66.64,normal
2026-10-01T10:19:00Z,api_gateway,error_rate_percent,0.94,normal
2026-10-01T10:19:00Z,api_gateway,request_count,278.39,normal
2026-10-01T10:19:00Z,api_gateway,cpu_percent,27.43,normal
2026-10-01T10:19:00Z,api_gateway,memory_percent,43.03,normal
2026-10-01T10:19:00Z,api_gateway,database_connections_percent,0.28,normal
2026-10-01T10:19:00Z,order_service,api_latency_ms,45.44,normal
2026-10-01T10:19:00Z,order_service,error_rate_percent,0.05,normal
2026-10-01T10:19:00Z,order_service,request_count,183.92,normal
2026-10-01T10:19:00Z,order_service,cpu_percent,30.57,normal
2026-10-01T10:19:00Z,order_service,memory_percent,51.71,normal
2026-10-01T10:19:00Z,order_service,database_connections_percent,35.22,normal
2026-10-01T10:19:00Z,payment_service,api_latency_ms,79.11,normal
2026-10-01T10:19:00Z,payment_service,error_rate_percent,1.32,normal
2026-10-01T10:19:00Z,payment_service,request_count,115.95,normal
2026-10-01T10:19:00Z,payment_service,cpu_percent,31.36,normal
2026-10-01T10:19:00Z,payment_service,memory_percent,52.78,normal
2026-10-01T10:19:00Z,payment_service,database_connections_percent,38.34,normal
2026-10-01T10:19:00Z,database,api_latency_ms,14.59,normal
2026-10-01T10:19:00Z,database,error_rate_percent,0.0,normal
2026-10-01T10:19:00Z,database,request_count,364.71,normal
2026-10-01T10:19:00Z,database,cpu_percent,40.42,normal
2026-10-01T10:19:00Z,database,memory_percent,56.12,normal
2026-10-01T10:19:00Z,database,database_connections_percent,36.99,normal
2026-10-01T10:20:00Z,api_gateway,api_latency_ms,63.03,normal
2026-10-01T10:20:00Z,api_gateway,error_rate_percent,0.16,normal
2026-10-01T10:20:00Z,api_gateway,request_count,255.32,normal
2026-10-01T10:20:00Z,api_gateway,cpu_percent,28.59,normal
2026-10-01T10:20:00Z,api_gateway,memory_percent,38.27,normal
2026-10-01T10:20:00Z,api_gateway,database_connections_percent,0.53,normal
2026-10-01T10:20:00Z,order_service,api_latency_ms,45.57,normal
2026-10-01T10:20:00Z,order_service,error_rate_percent,0.79,normal
2026-10-01T10:20:00Z,order_service,request_count,184.0,normal
2026-10-01T10:20:00Z,order_service,cpu_percent,36.93,normal
2026-10-01T10:20:00Z,order_service,memory_percent,51.17,normal
2026-10-01T10:20:00Z,order_service,database_connections_percent,37.36,normal
2026-10-01T10:20:00Z,payment_service,api_latency_ms,82.09,normal
2026-10-01T10:20:00Z,payment_service,error_rate_percent,0.25,normal
2026-10-01T10:20:00Z,payment_service,request_count,133.63,normal
2026-10-01T10:20:00Z,payment_service,cpu_percent,33.42,normal
2026-10-01T10:20:00Z,payment_service,memory_percent,49.38,normal
2026-10-01T10:20:00Z,payment_service,database_connections_percent,37.45,normal
2026-10-01T10:20:00Z,database,api_latency_ms,14.03,normal
2026-10-01T10:20:00Z,database,error_rate_percent,0.2,normal
2026-10-01T10:20:00Z,database,request_count,352.55,normal
2026-10-01T10:20:00Z,database,cpu_percent,38.77,normal
2026-10-01T10:20:00Z,database,memory_percent,60.42,normal
2026-10-01T10:20:00Z,database,database_connections_percent,41.02,normal
2026-10-01T10:21:00Z,api_gateway,api_latency_ms,67.26,normal
2026-10-01T10:21:00Z,api_gateway,error_rate_percent,0.0,normal
2026-10-01T10:21:00Z,api_gateway,request_count,248.61,normal
2026-10-01T10:21:00Z,api_gateway,cpu_percent,26.87,normal
2026-10-01T10:21:00Z,api_gateway,memory_percent,41.19,normal
2026-10-01T10:21:00Z,api_gateway,database_connections_percent,0.0,normal
2026-10-01T10:21:00Z,order_service,api_latency_ms,43.93,normal
2026-10-01T10:21:00Z,order_service,error_rate_percent,0.0,normal
2026-10-01T10:21:00Z,order_service,request_count,178.85,normal
2026-10-01T10:21:00Z,order_service,cpu_percent,34.02,normal
2026-10-01T10:21:00Z,order_service,memory_percent,42.68,normal
2026-10-01T10:21:00Z,order_service,database_connections_percent,38.59,normal
2026-10-01T10:21:00Z,payment_service,api_latency_ms,84.36,normal
2026-10-01T10:21:00Z,payment_service,error_rate_percent,0.11,normal
2026-10-01T10:21:00Z,payment_service,request_count,120.11,normal
2026-10-01T10:21:00Z,payment_service,cpu_percent,30.13,normal
2026-10-01T10:21:00Z,payment_service,memory_percent,52.07,normal
2026-10-01T10:21:00Z,payment_service,database_connections_percent,43.79,normal
2026-10-01T10:21:00Z,database,api_latency_ms,15.12,normal
2026-10-01T10:21:00Z,database,error_rate_percent,0.56,normal
2026-10-01T10:21:00Z,database,request_count,353.07,normal
2026-10-01T10:21:00Z,database,cpu_percent,37.33,normal
2026-10-01T10:21:00Z,database,memory_percent,58.76,normal
2026-10-01T10:21:00Z,database,database_connections_percent,38.25,normal
2026-10-01T10:22:00Z,api_gateway,api_latency_ms,63.52,normal
2026-10-01T10:22:00Z,api_gateway,error_rate_percent,0.09,normal
2026-10-01T10:22:00Z,api_gateway,request_count,248.86,normal
2026-10-01T10:22:00Z,api_gateway,cpu_percent,27.89,normal
2026-10-01T10:22:00Z,api_gateway,memory_percent,42.11,normal
2026-10-01T10:22:00Z,api_gateway,database_connections_percent,0.0,normal
2026-10-01T10:22:00Z,order_service,api_latency_ms,43.39,normal
2026-10-01T10:22:00Z,order_service,error_rate_percent,0.0,normal
2026-10-01T10:22:00Z,order_service,request_count,188.8,normal
2026-10-01T10:22:00Z,order_service,cpu_percent,31.32,normal
2026-10-01T10:22:00Z,order_service,memory_percent,52.88,normal
2026-10-01T10:22:00Z,order_service,database_connections_percent,37.43,normal
2026-10-01T10:22:00Z,payment_service,api_latency_ms,78.79,normal
2026-10-01T10:22:00Z,payment_service,error_rate_percent,0.0,normal
2026-10-01T10:22:00Z,payment_service,request_count,117.83,normal
2026-10-01T10:22:00Z,payment_service,cpu_percent,31.9,normal
2026-10-01T10:22:00Z,payment_service,memory_percent,45.57,normal
2026-10-01T10:22:00Z,payment_service,database_connections_percent,38.97,normal
2026-10-01T10:22:00Z,database,api_latency_ms,16.15,normal
2026-10-01T10:22:00Z,database,error_rate_percent,0.38,normal
2026-10-01T10:22:00Z,database,request_count,333.82,normal
2026-10-01T10:22:00Z,database,cpu_percent,36.8,normal
2026-10-01T10:22:00Z,database,memory_percent,59.02,normal
2026-10-01T10:22:00Z,database,database_connections_percent,37.59,normal
2026-10-01T10:23:00Z,api_gateway,api_latency_ms,66.61,normal
2026-10-01T10:23:00Z,api_gateway,error_rate_percent,0.0,normal
2026-10-01T10:23:00Z,api_gateway,request_count,256.39,normal
2026-10-01T10:23:00Z,api_gateway,cpu_percent,30.71,normal
2026-10-01T10:23:00Z,api_gateway,memory_percent,43.71,normal
2026-10-01T10:23:00Z,api_gateway,database_connections_percent,0.0,normal
2026-10-01T10:23:00Z,order_service,api_latency_ms,44.59,normal
2026-10-01T10:23:00Z,order_service,error_rate_percent,0.0,normal
2026-10-01T10:23:00Z,order_service,request_count,190.63,normal
2026-10-01T10:23:00Z,order_service,cpu_percent,33.9,normal
2026-10-01T10:23:00Z,order_service,memory_percent,50.11,normal
2026-10-01T10:23:00Z,order_service,database_connections_percent,35.09,normal
2026-10-01T10:23:00Z,payment_service,api_latency_ms,77.99,normal
2026-10-01T10:23:00Z,payment_service,error_rate_percent,0.0,normal
2026-10-01T10:23:00Z,payment_service,request_count,121.94,normal
2026-10-01T10:23:00Z,payment_service,cpu_percent,31.9,normal
2026-10-01T10:23:00Z,payment_service,memory_percent,49.2,normal
2026-10-01T10:23:00Z,payment_service,database_connections_percent,38.93,normal
2026-10-01T10:23:00Z,database,api_latency_ms,15.92,normal
2026-10-01T10:23:00Z,database,error_rate_percent,0.0,normal
2026-10-01T10:23:00Z,database,request_count,379.96,normal
2026-10-01T10:23:00Z,database,cpu_percent,36.5,normal
2026-10-01T10:23:00Z,database,memory_percent,61.3,normal
2026-10-01T10:23:00Z,database,database_connections_percent,38.9,normal
2026-10-01T10:24:00Z,api_gateway,api_latency_ms,62.41,normal
2026-10-01T10:24:00Z,api_gateway,error_rate_percent,0.41,normal
2026-10-01T10:24:00Z,api_gateway,request_count,265.99,normal
2026-10-01T10:24:00Z,api_gateway,cpu_percent,24.9,normal
2026-10-01T10:24:00Z,api_gateway,memory_percent,43.06,normal
2026-10-01T10:24:00Z,api_gateway,database_connections_percent,0.0,normal
2026-10-01T10:24:00Z,order_service,api_latency_ms,42.83,normal
2026-10-01T10:24:00Z,order_service,error_rate_percent,0.91,normal
2026-10-01T10:24:00Z,order_service,request_count,174.76,normal
2026-10-01T10:24:00Z,order_service,cpu_percent,32.95,normal
2026-10-01T10:24:00Z,order_service,memory_percent,49.51,normal
2026-10-01T10:24:00Z,order_service,database_connections_percent,38.62,normal
2026-10-01T10:24:00Z,payment_service,api_latency_ms,72.67,normal
2026-10-01T10:24:00Z,payment_service,error_rate_percent,0.0,normal
2026-10-01T10:24:00Z,payment_service,request_count,128.98,normal
2026-10-01T10:24:00Z,payment_service,cpu_percent,34.97,normal
2026-10-01T10:24:00Z,payment_service,memory_percent,47.75,normal
2026-10-01T10:24:00Z,payment_service,database_connections_percent,37.52,normal
2026-10-01T10:24:00Z,database,api_latency_ms,16.57,normal
2026-10-01T10:24:00Z,database,error_rate_percent,0.85,normal
2026-10-01T10:24:00Z,database,request_count,361.88,normal
2026-10-01T10:24:00Z,database,cpu_percent,38.38,normal
2026-10-01T10:24:00Z,database,memory_percent,59.85,normal
2026-10-01T10:24:00Z,database,database_connections_percent,37.7,normal
2026-10-01T10:25:00Z,api_gateway,api_latency_ms,66.08,authentication_failure
2026-10-01T10:25:00Z,api_gateway,error_rate_percent,33.39,authentication_failure
2026-10-01T10:25:00Z,api_gateway,request_count,260.99,authentication_failure
2026-10-01T10:25:00Z,api_gateway,cpu_percent,26.49,authentication_failure
2026-10-01T10:25:00Z,api_gateway,memory_percent,44.89,authentication_failure
2026-10-01T10:25:00Z,api_gateway,database_connections_percent,0.16,authentication_failure
2026-10-01T10:25:00Z,order_service,api_latency_ms,46.55,authentication_failure
2026-10-01T10:25:00Z,order_service,error_rate_percent,0.83,authentication_failure
2026-10-01T10:25:00Z,order_service,request_count,170.0,authentication_failure
2026-10-01T10:25:00Z,order_service,cpu_percent,34.94,authentication_failure
2026-10-01T10:25:00Z,order_service,memory_percent,48.67,authentication_failure
2026-10-01T10:25:00Z,order_service,database_connections_percent,32.26,authentication_failure
2026-10-01T10:25:00Z,payment_service,api_latency_ms,81.39,authentication_failure
2026-10-01T10:25:00Z,payment_service,error_rate_percent,1.56,authentication_failure
2026-10-01T10:25:00Z,payment_service,request_count,108.96,authentication_failure
2026-10-01T10:25:00Z,payment_service,cpu_percent,31.95,authentication_failure
2026-10-01T10:25:00Z,payment_service,memory_percent,49.54,authentication_failure
2026-10-01T10:25:00Z,payment_service,database_connections_percent,40.25,authentication_failure
2026-10-01T10:25:00Z,database,api_latency_ms,14.92,authentication_failure
2026-10-01T10:25:00Z,database,error_rate_percent,0.0,authentication_failure
2026-10-01T10:25:00Z,database,request_count,354.07,authentication_failure
2026-10-01T10:25:00Z,database,cpu_percent,38.49,authentication_failure
2026-10-01T10:25:00Z,database,memory_percent,53.43,authentication_failure
2026-10-01T10:25:00Z,database,database_connections_percent,40.27,authentication_failure
2026-10-01T10:26:00Z,api_gateway,api_latency_ms,68.11,authentication_failure
2026-10-01T10:26:00Z,api_gateway,error_rate_percent,35.36,authentication_failure
2026-10-01T10:26:00Z,api_gateway,request_count,252.86,authentication_failure
2026-10-01T10:26:00Z,api_gateway,cpu_percent,29.5,authentication_failure
2026-10-01T10:26:00Z,api_gateway,memory_percent,42.47,authentication_failure
2026-10-01T10:26:00Z,api_gateway,database_connections_percent,0.45,authentication_failure
2026-10-01T10:26:00Z,order_service,api_latency_ms,44.33,authentication_failure
2026-10-01T10:26:00Z,order_service,error_rate_percent,0.76,authentication_failure
2026-10-01T10:26:00Z,order_service,request_count,182.89,authentication_failure
2026-10-01T10:26:00Z,order_service,cpu_percent,35.34,authentication_failure
2026-10-01T10:26:00Z,order_service,memory_percent,46.82,authentication_failure
2026-10-01T10:26:00Z,order_service,database_connections_percent,35.5,authentication_failure
2026-10-01T10:26:00Z,payment_service,api_latency_ms,76.67,authentication_failure
2026-10-01T10:26:00Z,payment_service,error_rate_percent,0.0,authentication_failure
2026-10-01T10:26:00Z,payment_service,request_count,115.11,authentication_failure
2026-10-01T10:26:00Z,payment_service,cpu_percent,30.29,authentication_failure
2026-10-01T10:26:00Z,payment_service,memory_percent,53.1,authentication_failure
2026-10-01T10:26:00Z,payment_service,database_connections_percent,42.66,authentication_failure
2026-10-01T10:26:00Z,database,api_latency_ms,16.44,authentication_failure
2026-10-01T10:26:00Z,database,error_rate_percent,0.0,authentication_failure
2026-10-01T10:26:00Z,database,request_count,351.25,authentication_failure
2026-10-01T10:26:00Z,database,cpu_percent,37.41,authentication_failure
2026-10-01T10:26:00Z,database,memory_percent,57.91,authentication_failure
2026-10-01T10:26:00Z,database,database_connections_percent,36.26,authentication_failure
2026-10-01T10:27:00Z,api_gateway,api_latency_ms,69.03,authentication_failure
2026-10-01T10:27:00Z,api_gateway,error_rate_percent,37.8,authentication_failure
2026-10-01T10:27:00Z,api_gateway,request_count,263.35,authentication_failure
2026-10-01T10:27:00Z,api_gateway,cpu_percent,28.85,authentication_failure
2026-10-01T10:27:00Z,api_gateway,memory_percent,46.84,authentication_failure
2026-10-01T10:27:00Z,api_gateway,database_connections_percent,0.0,authentication_failure
2026-10-01T10:27:00Z,order_service,api_latency_ms,47.83,authentication_failure
2026-10-01T10:27:00Z,order_service,error_rate_percent,0.67,authentication_failure
2026-10-01T10:27:00Z,order_service,request_count,171.24,authentication_failure
2026-10-01T10:27:00Z,order_service,cpu_percent,36.76,authentication_failure
2026-10-01T10:27:00Z,order_service,memory_percent,50.84,authentication_failure
2026-10-01T10:27:00Z,order_service,database_connections_percent,34.6,authentication_failure
2026-10-01T10:27:00Z,payment_service,api_latency_ms,76.7,authentication_failure
2026-10-01T10:27:00Z,payment_service,error_rate_percent,0.0,authentication_failure
2026-10-01T10:27:00Z,payment_service,request_count,132.3,authentication_failure
2026-10-01T10:27:00Z,payment_service,cpu_percent,32.0,authentication_failure
2026-10-01T10:27:00Z,payment_service,memory_percent,49.88,authentication_failure
2026-10-01T10:27:00Z,payment_service,database_connections_percent,38.42,authentication_failure
2026-10-01T10:27:00Z,database,api_latency_ms,14.42,authentication_failure
2026-10-01T10:27:00Z,database,error_rate_percent,0.59,authentication_failure
2026-10-01T10:27:00Z,database,request_count,326.38,authentication_failure
2026-10-01T10:27:00Z,database,cpu_percent,39.17,authentication_failure
2026-10-01T10:27:00Z,database,memory_percent,60.1,authentication_failure
2026-10-01T10:27:00Z,database,database_connections_percent,38.21,authentication_failure
2026-10-01T10:28:00Z,api_gateway,api_latency_ms,64.42,authentication_failure
2026-10-01T10:28:00Z,api_gateway,error_rate_percent,40.86,authentication_failure
2026-10-01T10:28:00Z,api_gateway,request_count,258.66,authentication_failure
2026-10-01T10:28:00Z,api_gateway,cpu_percent,29.03,authentication_failure
2026-10-01T10:28:00Z,api_gateway,memory_percent,39.93,authentication_failure
2026-10-01T10:28:00Z,api_gateway,database_connections_percent,0.0,authentication_failure
2026-10-01T10:28:00Z,order_service,api_latency_ms,47.69,authentication_failure
2026-10-01T10:28:00Z,order_service,error_rate_percent,0.55,authentication_failure
2026-10-01T10:28:00Z,order_service,request_count,167.64,authentication_failure
2026-10-01T10:28:00Z,order_service,cpu_percent,35.62,authentication_failure
2026-10-01T10:28:00Z,order_service,memory_percent,45.05,authentication_failure
2026-10-01T10:28:00Z,order_service,database_connections_percent,35.08,authentication_failure
2026-10-01T10:28:00Z,payment_service,api_latency_ms,87.59,authentication_failure
2026-10-01T10:28:00Z,payment_service,error_rate_percent,0.0,authentication_failure
2026-10-01T10:28:00Z,payment_service,request_count,114.99,authentication_failure
2026-10-01T10:28:00Z,payment_service,cpu_percent,33.22,authentication_failure
2026-10-01T10:28:00Z,payment_service,memory_percent,44.3,authentication_failure
2026-10-01T10:28:00Z,payment_service,database_connections_percent,38.73,authentication_failure
2026-10-01T10:28:00Z,database,api_latency_ms,15.45,authentication_failure
2026-10-01T10:28:00Z,database,error_rate_percent,0.0,authentication_failure
2026-10-01T10:28:00Z,database,request_count,345.87,authentication_failure
2026-10-01T10:28:00Z,database,cpu_percent,41.49,authentication_failure
2026-10-01T10:28:00Z,database,memory_percent,61.26,authentication_failure
2026-10-01T10:28:00Z,database,database_connections_percent,38.51,authentication_failure
2026-10-01T10:29:00Z,api_gateway,api_latency_ms,63.9,authentication_failure
2026-10-01T10:29:00Z,api_gateway,error_rate_percent,43.52,authentication_failure
2026-10-01T10:29:00Z,api_gateway,request_count,248.45,authentication_failure
2026-10-01T10:29:00Z,api_gateway,cpu_percent,28.64,authentication_failure
2026-10-01T10:29:00Z,api_gateway,memory_percent,40.96,authentication_failure
2026-10-01T10:29:00Z,api_gateway,database_connections_percent,0.0,authentication_failure
2026-10-01T10:29:00Z,order_service,api_latency_ms,42.77,authentication_failure
2026-10-01T10:29:00Z,order_service,error_rate_percent,0.08,authentication_failure
2026-10-01T10:29:00Z,order_service,request_count,172.7,authentication_failure
2026-10-01T10:29:00Z,order_service,cpu_percent,33.05,authentication_failure
2026-10-01T10:29:00Z,order_service,memory_percent,50.65,authentication_failure
2026-10-01T10:29:00Z,order_service,database_connections_percent,35.37,authentication_failure
2026-10-01T10:29:00Z,payment_service,api_latency_ms,83.13,authentication_failure
2026-10-01T10:29:00Z,payment_service,error_rate_percent,0.08,authentication_failure
2026-10-01T10:29:00Z,payment_service,request_count,122.45,authentication_failure
2026-10-01T10:29:00Z,payment_service,cpu_percent,32.88,authentication_failure
2026-10-01T10:29:00Z,payment_service,memory_percent,49.07,authentication_failure
2026-10-01T10:29:00Z,payment_service,database_connections_percent,38.35,authentication_failure
2026-10-01T10:29:00Z,database,api_latency_ms,15.11,authentication_failure
2026-10-01T10:29:00Z,database,error_rate_percent,0.23,authentication_failure
2026-10-01T10:29:00Z,database,request_count,350.13,authentication_failure
2026-10-01T10:29:00Z,database,cpu_percent,35.83,authentication_failure
2026-10-01T10:29:00Z,database,memory_percent,60.48,authentication_failure
2026-10-01T10:29:00Z,database,database_connections_percent,42.2,authentication_failure
2026-10-01T10:30:00Z,api_gateway,api_latency_ms,63.83,authentication_failure
2026-10-01T10:30:00Z,api_gateway,error_rate_percent,45.64,authentication_failure
2026-10-01T10:30:00Z,api_gateway,request_count,254.67,authentication_failure
2026-10-01T10:30:00Z,api_gateway,cpu_percent,28.44,authentication_failure
2026-10-01T10:30:00Z,api_gateway,memory_percent,44.5,authentication_failure
2026-10-01T10:30:00Z,api_gateway,database_connections_percent,0.0,authentication_failure
2026-10-01T10:30:00Z,order_service,api_latency_ms,46.65,authentication_failure
2026-10-01T10:30:00Z,order_service,error_rate_percent,0.4,authentication_failure
2026-10-01T10:30:00Z,order_service,request_count,178.72,authentication_failure
2026-10-01T10:30:00Z,order_service,cpu_percent,35.59,authentication_failure
2026-10-01T10:30:00Z,order_service,memory_percent,52.57,authentication_failure
2026-10-01T10:30:00Z,order_service,database_connections_percent,36.53,authentication_failure
2026-10-01T10:30:00Z,payment_service,api_latency_ms,75.43,authentication_failure
2026-10-01T10:30:00Z,payment_service,error_rate_percent,0.71,authentication_failure
2026-10-01T10:30:00Z,payment_service,request_count,119.61,authentication_failure
2026-10-01T10:30:00Z,payment_service,cpu_percent,32.12,authentication_failure
2026-10-01T10:30:00Z,payment_service,memory_percent,48.18,authentication_failure
2026-10-01T10:30:00Z,payment_service,database_connections_percent,39.7,authentication_failure
2026-10-01T10:30:00Z,database,api_latency_ms,15.89,authentication_failure
2026-10-01T10:30:00Z,database,error_rate_percent,0.01,authentication_failure
2026-10-01T10:30:00Z,database,request_count,330.41,authentication_failure
2026-10-01T10:30:00Z,database,cpu_percent,39.21,authentication_failure
2026-10-01T10:30:00Z,database,memory_percent,60.54,authentication_failure
2026-10-01T10:30:00Z,database,database_connections_percent,40.34,authentication_failure
2026-10-01T10:31:00Z,api_gateway,api_latency_ms,66.96,authentication_failure
2026-10-01T10:31:00Z,api_gateway,error_rate_percent,48.24,authentication_failure
2026-10-01T10:31:00Z,api_gateway,request_count,281.06,authentication_failure
2026-10-01T10:31:00Z,api_gateway,cpu_percent,28.37,authentication_failure
2026-10-01T10:31:00Z,api_gateway,memory_percent,44.68,authentication_failure
2026-10-01T10:31:00Z,api_gateway,database_connections_percent,0.0,authentication_failure
2026-10-01T10:31:00Z,order_service,api_latency_ms,46.2,authentication_failure
2026-10-01T10:31:00Z,order_service,error_rate_percent,0.52,authentication_failure
2026-10-01T10:31:00Z,order_service,request_count,190.96,authentication_failure
2026-10-01T10:31:00Z,order_service,cpu_percent,36.85,authentication_failure
2026-10-01T10:31:00Z,order_service,memory_percent,52.18,authentication_failure
2026-10-01T10:31:00Z,order_service,database_connections_percent,34.45,authentication_failure
2026-10-01T10:31:00Z,payment_service,api_latency_ms,77.71,authentication_failure
2026-10-01T10:31:00Z,payment_service,error_rate_percent,0.47,authentication_failure
2026-10-01T10:31:00Z,payment_service,request_count,125.6,authentication_failure
2026-10-01T10:31:00Z,payment_service,cpu_percent,31.64,authentication_failure
2026-10-01T10:31:00Z,payment_service,memory_percent,50.56,authentication_failure
2026-10-01T10:31:00Z,payment_service,database_connections_percent,42.91,authentication_failure
2026-10-01T10:31:00Z,database,api_latency_ms,14.31,authentication_failure
2026-10-01T10:31:00Z,database,error_rate_percent,0.0,authentication_failure
2026-10-01T10:31:00Z,database,request_count,347.54,authentication_failure
2026-10-01T10:31:00Z,database,cpu_percent,40.62,authentication_failure
2026-10-01T10:31:00Z,database,memory_percent,58.43,authentication_failure
2026-10-01T10:31:00Z,database,database_connections_percent,40.57,authentication_failure
2026-10-01T10:32:00Z,api_gateway,api_latency_ms,66.38,authentication_failure
2026-10-01T10:32:00Z,api_gateway,error_rate_percent,51.35,authentication_failure
2026-10-01T10:32:00Z,api_gateway,request_count,232.05,authentication_failure
2026-10-01T10:32:00Z,api_gateway,cpu_percent,26.16,authentication_failure
2026-10-01T10:32:00Z,api_gateway,memory_percent,42.59,authentication_failure
2026-10-01T10:32:00Z,api_gateway,database_connections_percent,0.0,authentication_failure
2026-10-01T10:32:00Z,order_service,api_latency_ms,47.28,authentication_failure
2026-10-01T10:32:00Z,order_service,error_rate_percent,0.02,authentication_failure
2026-10-01T10:32:00Z,order_service,request_count,209.19,authentication_failure
2026-10-01T10:32:00Z,order_service,cpu_percent,39.04,authentication_failure
2026-10-01T10:32:00Z,order_service,memory_percent,49.55,authentication_failure
2026-10-01T10:32:00Z,order_service,database_connections_percent,34.81,authentication_failure
2026-10-01T10:32:00Z,payment_service,api_latency_ms,83.98,authentication_failure
2026-10-01T10:32:00Z,payment_service,error_rate_percent,1.15,authentication_failure
2026-10-01T10:32:00Z,payment_service,request_count,110.17,authentication_failure
2026-10-01T10:32:00Z,payment_service,cpu_percent,29.14,authentication_failure
2026-10-01T10:32:00Z,payment_service,memory_percent,46.51,authentication_failure
2026-10-01T10:32:00Z,payment_service,database_connections_percent,41.17,authentication_failure
2026-10-01T10:32:00Z,database,api_latency_ms,15.37,authentication_failure
2026-10-01T10:32:00Z,database,error_rate_percent,0.58,authentication_failure
2026-10-01T10:32:00Z,database,request_count,329.01,authentication_failure
2026-10-01T10:32:00Z,database,cpu_percent,35.37,authentication_failure
2026-10-01T10:32:00Z,database,memory_percent,62.57,authentication_failure
2026-10-01T10:32:00Z,database,database_connections_percent,36.43,authentication_failure
2026-10-01T10:33:00Z,api_gateway,api_latency_ms,58.44,authentication_failure
2026-10-01T10:33:00Z,api_gateway,error_rate_percent,54.07,authentication_failure
2026-10-01T10:33:00Z,api_gateway,request_count,259.91,authentication_failure
2026-10-01T10:33:00Z,api_gateway,cpu_percent,27.83,authentication_failure
2026-10-01T10:33:00Z,api_gateway,memory_percent,41.04,authentication_failure
2026-10-01T10:33:00Z,api_gateway,database_connections_percent,0.0,authentication_failure
2026-10-01T10:33:00Z,order_service,api_latency_ms,44.17,authentication_failure
2026-10-01T10:33:00Z,order_service,error_rate_percent,0.0,authentication_failure
2026-10-01T10:33:00Z,order_service,request_count,173.57,authentication_failure
2026-10-01T10:33:00Z,order_service,cpu_percent,35.91,authentication_failure
2026-10-01T10:33:00Z,order_service,memory_percent,50.8,authentication_failure
2026-10-01T10:33:00Z,order_service,database_connections_percent,35.29,authentication_failure
2026-10-01T10:33:00Z,payment_service,api_latency_ms,76.02,authentication_failure
2026-10-01T10:33:00Z,payment_service,error_rate_percent,0.21,authentication_failure
2026-10-01T10:33:00Z,payment_service,request_count,106.94,authentication_failure
2026-10-01T10:33:00Z,payment_service,cpu_percent,32.29,authentication_failure
2026-10-01T10:33:00Z,payment_service,memory_percent,51.43,authentication_failure
2026-10-01T10:33:00Z,payment_service,database_connections_percent,37.05,authentication_failure
2026-10-01T10:33:00Z,database,api_latency_ms,14.56,authentication_failure
2026-10-01T10:33:00Z,database,error_rate_percent,0.21,authentication_failure
2026-10-01T10:33:00Z,database,request_count,371.92,authentication_failure
2026-10-01T10:33:00Z,database,cpu_percent,39.1,authentication_failure
2026-10-01T10:33:00Z,database,memory_percent,57.92,authentication_failure
2026-10-01T10:33:00Z,database,database_connections_percent,34.26,authentication_failure
2026-10-01T10:34:00Z,api_gateway,api_latency_ms,65.34,authentication_failure
2026-10-01T10:34:00Z,api_gateway,error_rate_percent,57.69,authentication_failure
2026-10-01T10:34:00Z,api_gateway,request_count,253.47,authentication_failure
2026-10-01T10:34:00Z,api_gateway,cpu_percent,27.97,authentication_failure
2026-10-01T10:34:00Z,api_gateway,memory_percent,42.68,authentication_failure
2026-10-01T10:34:00Z,api_gateway,database_connections_percent,0.0,authentication_failure
2026-10-01T10:34:00Z,order_service,api_latency_ms,43.17,authentication_failure
2026-10-01T10:34:00Z,order_service,error_rate_percent,0.51,authentication_failure
2026-10-01T10:34:00Z,order_service,request_count,182.03,authentication_failure
2026-10-01T10:34:00Z,order_service,cpu_percent,35.03,authentication_failure
2026-10-01T10:34:00Z,order_service,memory_percent,47.56,authentication_failure
2026-10-01T10:34:00Z,order_service,database_connections_percent,37.28,authentication_failure
2026-10-01T10:34:00Z,payment_service,api_latency_ms,82.66,authentication_failure
2026-10-01T10:34:00Z,payment_service,error_rate_percent,0.02,authentication_failure
2026-10-01T10:34:00Z,payment_service,request_count,126.01,authentication_failure
2026-10-01T10:34:00Z,payment_service,cpu_percent,31.2,authentication_failure
2026-10-01T10:34:00Z,payment_service,memory_percent,46.12,authentication_failure
2026-10-01T10:34:00Z,payment_service,database_connections_percent,38.48,authentication_failure
2026-10-01T10:34:00Z,database,api_latency_ms,13.67,authentication_failure
2026-10-01T10:34:00Z,database,error_rate_percent,0.29,authentication_failure
2026-10-01T10:34:00Z,database,request_count,317.95,authentication_failure
2026-10-01T10:34:00Z,database,cpu_percent,37.54,authentication_failure
2026-10-01T10:34:00Z,database,memory_percent,53.77,authentication_failure
2026-10-01T10:34:00Z,database,database_connections_percent,37.84,authentication_failure
2026-10-01T10:35:00Z,api_gateway,api_latency_ms,64.51,authentication_failure
2026-10-01T10:35:00Z,api_gateway,error_rate_percent,59.17,authentication_failure
2026-10-01T10:35:00Z,api_gateway,request_count,236.97,authentication_failure
2026-10-01T10:35:00Z,api_gateway,cpu_percent,26.36,authentication_failure
2026-10-01T10:35:00Z,api_gateway,memory_percent,42.98,authentication_failure
2026-10-01T10:35:00Z,api_gateway,database_connections_percent,0.0,authentication_failure
2026-10-01T10:35:00Z,order_service,api_latency_ms,45.71,authentication_failure
2026-10-01T10:35:00Z,order_service,error_rate_percent,0.0,authentication_failure
2026-10-01T10:35:00Z,order_service,request_count,181.63,authentication_failure
2026-10-01T10:35:00Z,order_service,cpu_percent,37.28,authentication_failure
2026-10-01T10:35:00Z,order_service,memory_percent,51.47,authentication_failure
2026-10-01T10:35:00Z,order_service,database_connections_percent,34.28,authentication_failure
2026-10-01T10:35:00Z,payment_service,api_latency_ms,81.03,authentication_failure
2026-10-01T10:35:00Z,payment_service,error_rate_percent,0.18,authentication_failure
2026-10-01T10:35:00Z,payment_service,request_count,120.05,authentication_failure
2026-10-01T10:35:00Z,payment_service,cpu_percent,31.48,authentication_failure
2026-10-01T10:35:00Z,payment_service,memory_percent,47.61,authentication_failure
2026-10-01T10:35:00Z,payment_service,database_connections_percent,40.42,authentication_failure
2026-10-01T10:35:00Z,database,api_latency_ms,14.25,authentication_failure
2026-10-01T10:35:00Z,database,error_rate_percent,0.0,authentication_failure
2026-10-01T10:35:00Z,database,request_count,325.7,authentication_failure
2026-10-01T10:35:00Z,database,cpu_percent,36.8,authentication_failure
2026-10-01T10:35:00Z,database,memory_percent,56.35,authentication_failure
2026-10-01T10:35:00Z,database,database_connections_percent,38.3,authentication_failure
2026-10-01T10:36:00Z,api_gateway,api_latency_ms,62.1,authentication_failure
2026-10-01T10:36:00Z,api_gateway,error_rate_percent,62.26,authentication_failure
2026-10-01T10:36:00Z,api_gateway,request_count,250.43,authentication_failure
2026-10-01T10:36:00Z,api_gateway,cpu_percent,25.24,authentication_failure
2026-10-01T10:36:00Z,api_gateway,memory_percent,43.38,authentication_failure
2026-10-01T10:36:00Z,api_gateway,database_connections_percent,0.41,authentication_failure
2026-10-01T10:36:00Z,order_service,api_latency_ms,42.76,authentication_failure
2026-10-01T10:36:00Z,order_service,error_rate_percent,0.31,authentication_failure
2026-10-01T10:36:00Z,order_service,request_count,172.29,authentication_failure
2026-10-01T10:36:00Z,order_service,cpu_percent,35.17,authentication_failure
2026-10-01T10:36:00Z,order_service,memory_percent,46.84,authentication_failure
2026-10-01T10:36:00Z,order_service,database_connections_percent,31.86,authentication_failure
2026-10-01T10:36:00Z,payment_service,api_latency_ms,78.47,authentication_failure
2026-10-01T10:36:00Z,payment_service,error_rate_percent,0.24,authentication_failure
2026-10-01T10:36:00Z,payment_service,request_count,117.61,authentication_failure
2026-10-01T10:36:00Z,payment_service,cpu_percent,30.11,authentication_failure
2026-10-01T10:36:00Z,payment_service,memory_percent,47.04,authentication_failure
2026-10-01T10:36:00Z,payment_service,database_connections_percent,40.54,authentication_failure
2026-10-01T10:36:00Z,database,api_latency_ms,14.97,authentication_failure
2026-10-01T10:36:00Z,database,error_rate_percent,0.14,authentication_failure
2026-10-01T10:36:00Z,database,request_count,338.27,authentication_failure
2026-10-01T10:36:00Z,database,cpu_percent,42.34,authentication_failure
2026-10-01T10:36:00Z,database,memory_percent,56.47,authentication_failure
2026-10-01T10:36:00Z,database,database_connections_percent,38.93,authentication_failure
2026-10-01T10:37:00Z,api_gateway,api_latency_ms,68.84,authentication_failure
2026-10-01T10:37:00Z,api_gateway,error_rate_percent,64.91,authentication_failure
2026-10-01T10:37:00Z,api_gateway,request_count,247.47,authentication_failure
2026-10-01T10:37:00Z,api_gateway,cpu_percent,27.26,authentication_failure
2026-10-01T10:37:00Z,api_gateway,memory_percent,44.18,authentication_failure
2026-10-01T10:37:00Z,api_gateway,database_connections_percent,0.0,authentication_failure
2026-10-01T10:37:00Z,order_service,api_latency_ms,42.82,authentication_failure
2026-10-01T10:37:00Z,order_service,error_rate_percent,0.0,authentication_failure
2026-10-01T10:37:00Z,order_service,request_count,191.14,authentication_failure
2026-10-01T10:37:00Z,order_service,cpu_percent,35.66,authentication_failure
2026-10-01T10:37:00Z,order_service,memory_percent,47.58,authentication_failure
2026-10-01T10:37:00Z,order_service,database_connections_percent,34.46,authentication_failure
2026-10-01T10:37:00Z,payment_service,api_latency_ms,77.54,authentication_failure
2026-10-01T10:37:00Z,payment_service,error_rate_percent,0.0,authentication_failure
2026-10-01T10:37:00Z,payment_service,request_count,125.87,authentication_failure
2026-10-01T10:37:00Z,payment_service,cpu_percent,29.81,authentication_failure
2026-10-01T10:37:00Z,payment_service,memory_percent,51.86,authentication_failure
2026-10-01T10:37:00Z,payment_service,database_connections_percent,41.66,authentication_failure
2026-10-01T10:37:00Z,database,api_latency_ms,15.82,authentication_failure
2026-10-01T10:37:00Z,database,error_rate_percent,0.0,authentication_failure
2026-10-01T10:37:00Z,database,request_count,347.38,authentication_failure
2026-10-01T10:37:00Z,database,cpu_percent,37.13,authentication_failure
2026-10-01T10:37:00Z,database,memory_percent,58.43,authentication_failure
2026-10-01T10:37:00Z,database,database_connections_percent,38.94,authentication_failure
2026-10-01T10:38:00Z,api_gateway,api_latency_ms,69.21,authentication_failure
2026-10-01T10:38:00Z,api_gateway,error_rate_percent,66.78,authentication_failure
2026-10-01T10:38:00Z,api_gateway,request_count,245.43,authentication_failure
2026-10-01T10:38:00Z,api_gateway,cpu_percent,27.79,authentication_failure
2026-10-01T10:38:00Z,api_gateway,memory_percent,39.07,authentication_failure
2026-10-01T10:38:00Z,api_gateway,database_connections_percent,0.3,authentication_failure
2026-10-01T10:38:00Z,order_service,api_latency_ms,43.37,authentication_failure
2026-10-01T10:38:00Z,order_service,error_rate_percent,0.0,authentication_failure
2026-10-01T10:38:00Z,order_service,request_count,175.93,authentication_failure
2026-10-01T10:38:00Z,order_service,cpu_percent,33.62,authentication_failure
2026-10-01T10:38:00Z,order_service,memory_percent,49.98,authentication_failure
2026-10-01T10:38:00Z,order_service,database_connections_percent,34.62,authentication_failure
2026-10-01T10:38:00Z,payment_service,api_latency_ms,78.51,authentication_failure
2026-10-01T10:38:00Z,payment_service,error_rate_percent,0.0,authentication_failure
2026-10-01T10:38:00Z,payment_service,request_count,121.92,authentication_failure
2026-10-01T10:38:00Z,payment_service,cpu_percent,34.65,authentication_failure
2026-10-01T10:38:00Z,payment_service,memory_percent,48.34,authentication_failure
2026-10-01T10:38:00Z,payment_service,database_connections_percent,41.99,authentication_failure
2026-10-01T10:38:00Z,database,api_latency_ms,13.96,authentication_failure
2026-10-01T10:38:00Z,database,error_rate_percent,0.13,authentication_failure
2026-10-01T10:38:00Z,database,request_count,330.8,authentication_failure
2026-10-01T10:38:00Z,database,cpu_percent,37.05,authentication_failure
2026-10-01T10:38:00Z,database,memory_percent,57.78,authentication_failure
2026-10-01T10:38:00Z,database,database_connections_percent,40.26,authentication_failure
2026-10-01T10:39:00Z,api_gateway,api_latency_ms,68.09,authentication_failure
2026-10-01T10:39:00Z,api_gateway,error_rate_percent,70.12,authentication_failure
2026-10-01T10:39:00Z,api_gateway,request_count,230.84,authentication_failure
2026-10-01T10:39:00Z,api_gateway,cpu_percent,27.73,authentication_failure
2026-10-01T10:39:00Z,api_gateway,memory_percent,42.63,authentication_failure
2026-10-01T10:39:00Z,api_gateway,database_connections_percent,0.09,authentication_failure
2026-10-01T10:39:00Z,order_service,api_latency_ms,40.85,authentication_failure
2026-10-01T10:39:00Z,order_service,error_rate_percent,0.0,authentication_failure
2026-10-01T10:39:00Z,order_service,request_count,179.42,authentication_failure
2026-10-01T10:39:00Z,order_service,cpu_percent,35.94,authentication_failure
2026-10-01T10:39:00Z,order_service,memory_percent,44.51,authentication_failure
2026-10-01T10:39:00Z,order_service,database_connections_percent,34.72,authentication_failure
2026-10-01T10:39:00Z,payment_service,api_latency_ms,80.57,authentication_failure
2026-10-01T10:39:00Z,payment_service,error_rate_percent,0.72,authentication_failure
2026-10-01T10:39:00Z,payment_service,request_count,124.16,authentication_failure
2026-10-01T10:39:00Z,payment_service,cpu_percent,32.93,authentication_failure
2026-10-01T10:39:00Z,payment_service,memory_percent,46.08,authentication_failure
2026-10-01T10:39:00Z,payment_service,database_connections_percent,36.18,authentication_failure
2026-10-01T10:39:00Z,database,api_latency_ms,14.71,authentication_failure
2026-10-01T10:39:00Z,database,error_rate_percent,0.55,authentication_failure
2026-10-01T10:39:00Z,database,request_count,374.39,authentication_failure
2026-10-01T10:39:00Z,database,cpu_percent,41.42,authentication_failure
2026-10-01T10:39:00Z,database,memory_percent,61.29,authentication_failure
2026-10-01T10:39:00Z,database,database_connections_percent,38.72,authentication_failure
2026-10-01T10:40:00Z,api_gateway,api_latency_ms,63.19,normal
2026-10-01T10:40:00Z,api_gateway,error_rate_percent,0.13,normal
2026-10-01T10:40:00Z,api_gateway,request_count,270.86,normal
2026-10-01T10:40:00Z,api_gateway,cpu_percent,26.68,normal
2026-10-01T10:40:00Z,api_gateway,memory_percent,45.39,normal
2026-10-01T10:40:00Z,api_gateway,database_connections_percent,0.0,normal
2026-10-01T10:40:00Z,order_service,api_latency_ms,47.98,normal
2026-10-01T10:40:00Z,order_service,error_rate_percent,0.0,normal
2026-10-01T10:40:00Z,order_service,request_count,185.27,normal
2026-10-01T10:40:00Z,order_service,cpu_percent,33.71,normal
2026-10-01T10:40:00Z,order_service,memory_percent,46.46,normal
2026-10-01T10:40:00Z,order_service,database_connections_percent,35.38,normal
2026-10-01T10:40:00Z,payment_service,api_latency_ms,84.04,normal
2026-10-01T10:40:00Z,payment_service,error_rate_percent,0.0,normal
2026-10-01T10:40:00Z,payment_service,request_count,111.01,normal
2026-10-01T10:40:00Z,payment_service,cpu_percent,31.85,normal
2026-10-01T10:40:00Z,payment_service,memory_percent,47.79,normal
2026-10-01T10:40:00Z,payment_service,database_connections_percent,41.1,normal
2026-10-01T10:40:00Z,database,api_latency_ms,15.71,normal
2026-10-01T10:40:00Z,database,error_rate_percent,0.02,normal
2026-10-01T10:40:00Z,database,request_count,382.47,normal
2026-10-01T10:40:00Z,database,cpu_percent,40.45,normal
2026-10-01T10:40:00Z,database,memory_percent,58.96,normal
2026-10-01T10:40:00Z,database,database_connections_percent,34.94,normal
2026-10-01T10:41:00Z,api_gateway,api_latency_ms,64.15,normal
2026-10-01T10:41:00Z,api_gateway,error_rate_percent,0.03,normal
2026-10-01T10:41:00Z,api_gateway,request_count,262.0,normal
2026-10-01T10:41:00Z,api_gateway,cpu_percent,28.65,normal
2026-10-01T10:41:00Z,api_gateway,memory_percent,39.52,normal
2026-10-01T10:41:00Z,api_gateway,database_connections_percent,0.09,normal
2026-10-01T10:41:00Z,order_service,api_latency_ms,46.51,normal
2026-10-01T10:41:00Z,order_service,error_rate_percent,0.86,normal
2026-10-01T10:41:00Z,order_service,request_count,187.99,normal
2026-10-01T10:41:00Z,order_service,cpu_percent,36.33,normal
2026-10-01T10:41:00Z,order_service,memory_percent,50.15,normal
2026-10-01T10:41:00Z,order_service,database_connections_percent,35.68,normal
2026-10-01T10:41:00Z,payment_service,api_latency_ms,85.0,normal
2026-10-01T10:41:00Z,payment_service,error_rate_percent,0.0,normal
2026-10-01T10:41:00Z,payment_service,request_count,117.9,normal
2026-10-01T10:41:00Z,payment_service,cpu_percent,30.76,normal
2026-10-01T10:41:00Z,payment_service,memory_percent,48.91,normal
2026-10-01T10:41:00Z,payment_service,database_connections_percent,42.46,normal
2026-10-01T10:41:00Z,database,api_latency_ms,14.55,normal
2026-10-01T10:41:00Z,database,error_rate_percent,0.0,normal
2026-10-01T10:41:00Z,database,request_count,342.79,normal
2026-10-01T10:41:00Z,database,cpu_percent,41.83,normal
2026-10-01T10:41:00Z,database,memory_percent,61.61,normal
2026-10-01T10:41:00Z,database,database_connections_percent,38.81,normal
2026-10-01T10:42:00Z,api_gateway,api_latency_ms,64.09,normal
2026-10-01T10:42:00Z,api_gateway,error_rate_percent,0.0,normal
2026-10-01T10:42:00Z,api_gateway,request_count,256.44,normal
2026-10-01T10:42:00Z,api_gateway,cpu_percent,26.83,normal
2026-10-01T10:42:00Z,api_gateway,memory_percent,46.59,normal
2026-10-01T10:42:00Z,api_gateway,database_connections_percent,0.29,normal
2026-10-01T10:42:00Z,order_service,api_latency_ms,43.69,normal
2026-10-01T10:42:00Z,order_service,error_rate_percent,0.0,normal
2026-10-01T10:42:00Z,order_service,request_count,179.16,normal
2026-10-01T10:42:00Z,order_service,cpu_percent,34.58,normal
2026-10-01T10:42:00Z,order_service,memory_percent,52.79,normal
2026-10-01T10:42:00Z,order_service,database_connections_percent,35.33,normal
2026-10-01T10:42:00Z,payment_service,api_latency_ms,77.07,normal
2026-10-01T10:42:00Z,payment_service,error_rate_percent,1.25,normal
2026-10-01T10:42:00Z,payment_service,request_count,120.3,normal
2026-10-01T10:42:00Z,payment_service,cpu_percent,33.23,normal
2026-10-01T10:42:00Z,payment_service,memory_percent,46.54,normal
2026-10-01T10:42:00Z,payment_service,database_connections_percent,40.73,normal
2026-10-01T10:42:00Z,database,api_latency_ms,15.23,normal
2026-10-01T10:42:00Z,database,error_rate_percent,0.0,normal
2026-10-01T10:42:00Z,database,request_count,385.27,normal
2026-10-01T10:42:00Z,database,cpu_percent,42.58,normal
2026-10-01T10:42:00Z,database,memory_percent,58.81,normal
2026-10-01T10:42:00Z,database,database_connections_percent,35.91,normal
2026-10-01T10:43:00Z,api_gateway,api_latency_ms,66.13,normal
2026-10-01T10:43:00Z,api_gateway,error_rate_percent,0.24,normal
2026-10-01T10:43:00Z,api_gateway,request_count,254.45,normal
2026-10-01T10:43:00Z,api_gateway,cpu_percent,28.27,normal
2026-10-01T10:43:00Z,api_gateway,memory_percent,43.06,normal
2026-10-01T10:43:00Z,api_gateway,database_connections_percent,0.72,normal
2026-10-01T10:43:00Z,order_service,api_latency_ms,46.28,normal
2026-10-01T10:43:00Z,order_service,error_rate_percent,0.0,normal
2026-10-01T10:43:00Z,order_service,request_count,192.26,normal
2026-10-01T10:43:00Z,order_service,cpu_percent,37.87,normal
2026-10-01T10:43:00Z,order_service,memory_percent,57.88,normal
2026-10-01T10:43:00Z,order_service,database_connections_percent,33.03,normal
2026-10-01T10:43:00Z,payment_service,api_latency_ms,80.97,normal
2026-10-01T10:43:00Z,payment_service,error_rate_percent,0.0,normal
2026-10-01T10:43:00Z,payment_service,request_count,123.32,normal
2026-10-01T10:43:00Z,payment_service,cpu_percent,31.12,normal
2026-10-01T10:43:00Z,payment_service,memory_percent,52.62,normal
2026-10-01T10:43:00Z,payment_service,database_connections_percent,38.45,normal
2026-10-01T10:43:00Z,database,api_latency_ms,13.73,normal
2026-10-01T10:43:00Z,database,error_rate_percent,0.0,normal
2026-10-01T10:43:00Z,database,request_count,315.43,normal
2026-10-01T10:43:00Z,database,cpu_percent,41.5,normal
2026-10-01T10:43:00Z,database,memory_percent,53.8,normal
2026-10-01T10:43:00Z,database,database_connections_percent,38.05,normal
2026-10-01T10:44:00Z,api_gateway,api_latency_ms,58.25,normal
2026-10-01T10:44:00Z,api_gateway,error_rate_percent,0.04,normal
2026-10-01T10:44:00Z,api_gateway,request_count,270.54,normal
2026-10-01T10:44:00Z,api_gateway,cpu_percent,28.5,normal
2026-10-01T10:44:00Z,api_gateway,memory_percent,40.19,normal
2026-10-01T10:44:00Z,api_gateway,database_connections_percent,0.0,normal
2026-10-01T10:44:00Z,order_service,api_latency_ms,45.04,normal
2026-10-01T10:44:00Z,order_service,error_rate_percent,0.34,normal
2026-10-01T10:44:00Z,order_service,request_count,167.7,normal
2026-10-01T10:44:00Z,order_service,cpu_percent,36.04,normal
2026-10-01T10:44:00Z,order_service,memory_percent,43.24,normal
2026-10-01T10:44:00Z,order_service,database_connections_percent,33.9,normal
2026-10-01T10:44:00Z,payment_service,api_latency_ms,78.05,normal
2026-10-01T10:44:00Z,payment_service,error_rate_percent,0.62,normal
2026-10-01T10:44:00Z,payment_service,request_count,120.14,normal
2026-10-01T10:44:00Z,payment_service,cpu_percent,29.75,normal
2026-10-01T10:44:00Z,payment_service,memory_percent,45.64,normal
2026-10-01T10:44:00Z,payment_service,database_connections_percent,40.4,normal
2026-10-01T10:44:00Z,database,api_latency_ms,14.94,normal
2026-10-01T10:44:00Z,database,error_rate_percent,0.0,normal
2026-10-01T10:44:00Z,database,request_count,341.59,normal
2026-10-01T10:44:00Z,database,cpu_percent,41.39,normal
2026-10-01T10:44:00Z,database,memory_percent,58.45,normal
2026-10-01T10:44:00Z,database,database_connections_percent,37.83,normal
2026-10-01T10:45:00Z,api_gateway,api_latency_ms,72.05,normal
2026-10-01T10:45:00Z,api_gateway,error_rate_percent,0.0,normal
2026-10-01T10:45:00Z,api_gateway,request_count,226.85,normal
2026-10-01T10:45:00Z,api_gateway,cpu_percent,29.1,normal
2026-10-01T10:45:00Z,api_gateway,memory_percent,40.57,normal
2026-10-01T10:45:00Z,api_gateway,database_connections_percent,0.0,normal
2026-10-01T10:45:00Z,order_service,api_latency_ms,43.24,normal
2026-10-01T10:45:00Z,order_service,error_rate_percent,0.0,normal
2026-10-01T10:45:00Z,order_service,request_count,194.39,normal
2026-10-01T10:45:00Z,order_service,cpu_percent,36.4,normal
2026-10-01T10:45:00Z,order_service,memory_percent,52.16,normal
2026-10-01T10:45:00Z,order_service,database_connections_percent,32.52,normal
2026-10-01T10:45:00Z,payment_service,api_latency_ms,75.4,normal
2026-10-01T10:45:00Z,payment_service,error_rate_percent,0.0,normal
2026-10-01T10:45:00Z,payment_service,request_count,115.14,normal
2026-10-01T10:45:00Z,payment_service,cpu_percent,33.53,normal
2026-10-01T10:45:00Z,payment_service,memory_percent,49.24,normal
2026-10-01T10:45:00Z,payment_service,database_connections_percent,39.56,normal
2026-10-01T10:45:00Z,database,api_latency_ms,14.98,normal
2026-10-01T10:45:00Z,database,error_rate_percent,0.0,normal
2026-10-01T10:45:00Z,database,request_count,353.58,normal
2026-10-01T10:45:00Z,database,cpu_percent,41.53,normal
2026-10-01T10:45:00Z,database,memory_percent,55.15,normal
2026-10-01T10:45:00Z,database,database_connections_percent,38.57,normal
2026-10-01T10:46:00Z,api_gateway,api_latency_ms,68.03,normal
2026-10-01T10:46:00Z,api_gateway,error_rate_percent,0.0,normal
2026-10-01T10:46:00Z,api_gateway,request_count,258.76,normal
2026-10-01T10:46:00Z,api_gateway,cpu_percent,31.94,normal
2026-10-01T10:46:00Z,api_gateway,memory_percent,41.78,normal
2026-10-01T10:46:00Z,api_gateway,database_connections_percent,0.2,normal
2026-10-01T10:46:00Z,order_service,api_latency_ms,43.34,normal
2026-10-01T10:46:00Z,order_service,error_rate_percent,0.19,normal
2026-10-01T10:46:00Z,order_service,request_count,184.14,normal
2026-10-01T10:46:00Z,order_service,cpu_percent,35.34,normal
2026-10-01T10:46:00Z,order_service,memory_percent,47.45,normal
2026-10-01T10:46:00Z,order_service,database_connections_percent,35.36,normal
2026-10-01T10:46:00Z,payment_service,api_latency_ms,85.85,normal
2026-10-01T10:46:00Z,payment_service,error_rate_percent,0.52,normal
2026-10-01T10:46:00Z,payment_service,request_count,125.77,normal
2026-10-01T10:46:00Z,payment_service,cpu_percent,31.62,normal
2026-10-01T10:46:00Z,payment_service,memory_percent,49.8,normal
2026-10-01T10:46:00Z,payment_service,database_connections_percent,40.56,normal
2026-10-01T10:46:00Z,database,api_latency_ms,14.29,normal
2026-10-01T10:46:00Z,database,error_rate_percent,0.21,normal
2026-10-01T10:46:00Z,database,request_count,332.65,normal
2026-10-01T10:46:00Z,database,cpu_percent,38.73,normal
2026-10-01T10:46:00Z,database,memory_percent,60.57,normal
2026-10-01T10:46:00Z,database,database_connections_percent,38.56,normal
2026-10-01T10:47:00Z,api_gateway,api_latency_ms,61.13,normal
2026-10-01T10:47:00Z,api_gateway,error_rate_percent,0.73,normal
2026-10-01T10:47:00Z,api_gateway,request_count,257.15,normal
2026-10-01T10:47:00Z,api_gateway,cpu_percent,27.01,normal
2026-10-01T10:47:00Z,api_gateway,memory_percent,38.77,normal
2026-10-01T10:47:00Z,api_gateway,database_connections_percent,0.0,normal
2026-10-01T10:47:00Z,order_service,api_latency_ms,44.0,normal
2026-10-01T10:47:00Z,order_service,error_rate_percent,0.16,normal
2026-10-01T10:47:00Z,order_service,request_count,176.73,normal
2026-10-01T10:47:00Z,order_service,cpu_percent,31.49,normal
2026-10-01T10:47:00Z,order_service,memory_percent,49.03,normal
2026-10-01T10:47:00Z,order_service,database_connections_percent,34.47,normal
2026-10-01T10:47:00Z,payment_service,api_latency_ms,82.53,normal
2026-10-01T10:47:00Z,payment_service,error_rate_percent,0.0,normal
2026-10-01T10:47:00Z,payment_service,request_count,130.07,normal
2026-10-01T10:47:00Z,payment_service,cpu_percent,28.94,normal
2026-10-01T10:47:00Z,payment_service,memory_percent,51.15,normal
2026-10-01T10:47:00Z,payment_service,database_connections_percent,39.55,normal
2026-10-01T10:47:00Z,database,api_latency_ms,15.64,normal
2026-10-01T10:47:00Z,database,error_rate_percent,0.09,normal
2026-10-01T10:47:00Z,database,request_count,369.94,normal
2026-10-01T10:47:00Z,database,cpu_percent,39.23,normal
2026-10-01T10:47:00Z,database,memory_percent,56.7,normal
2026-10-01T10:47:00Z,database,database_connections_percent,40.7,normal
2026-10-01T10:48:00Z,api_gateway,api_latency_ms,64.63,normal
2026-10-01T10:48:00Z,api_gateway,error_rate_percent,0.31,normal
2026-10-01T10:48:00Z,api_gateway,request_count,265.43,normal
2026-10-01T10:48:00Z,api_gateway,cpu_percent,26.56,normal
2026-10-01T10:48:00Z,api_gateway,memory_percent,43.25,normal
2026-10-01T10:48:00Z,api_gateway,database_connections_percent,0.0,normal
2026-10-01T10:48:00Z,order_service,api_latency_ms,44.7,normal
2026-10-01T10:48:00Z,order_service,error_rate_percent,0.14,normal
2026-10-01T10:48:00Z,order_service,request_count,166.5,normal
2026-10-01T10:48:00Z,order_service,cpu_percent,33.64,normal
2026-10-01T10:48:00Z,order_service,memory_percent,53.38,normal
2026-10-01T10:48:00Z,order_service,database_connections_percent,36.55,normal
2026-10-01T10:48:00Z,payment_service,api_latency_ms,79.75,normal
2026-10-01T10:48:00Z,payment_service,error_rate_percent,0.42,normal
2026-10-01T10:48:00Z,payment_service,request_count,118.23,normal
2026-10-01T10:48:00Z,payment_service,cpu_percent,34.17,normal
2026-10-01T10:48:00Z,payment_service,memory_percent,47.52,normal
2026-10-01T10:48:00Z,payment_service,database_connections_percent,40.46,normal
2026-10-01T10:48:00Z,database,api_latency_ms,15.86,normal
2026-10-01T10:48:00Z,database,error_rate_percent,0.0,normal
2026-10-01T10:48:00Z,database,request_count,377.28,normal
2026-10-01T10:48:00Z,database,cpu_percent,36.94,normal
2026-10-01T10:48:00Z,database,memory_percent,64.89,normal
2026-10-01T10:48:00Z,database,database_connections_percent,37.29,normal
2026-10-01T10:49:00Z,api_gateway,api_latency_ms,64.21,normal
2026-10-01T10:49:00Z,api_gateway,error_rate_percent,0.0,normal
2026-10-01T10:49:00Z,api_gateway,request_count,244.32,normal
2026-10-01T10:49:00Z,api_gateway,cpu_percent,26.54,normal
2026-10-01T10:49:00Z,api_gateway,memory_percent,40.72,normal
2026-10-01T10:49:00Z,api_gateway,database_connections_percent,0.0,normal
2026-10-01T10:49:00Z,order_service,api_latency_ms,47.16,normal
2026-10-01T10:49:00Z,order_service,error_rate_percent,0.2,normal
2026-10-01T10:49:00Z,order_service,request_count,182.77,normal
2026-10-01T10:49:00Z,order_service,cpu_percent,33.08,normal
2026-10-01T10:49:00Z,order_service,memory_percent,47.8,normal
2026-10-01T10:49:00Z,order_service,database_connections_percent,38.15,normal
2026-10-01T10:49:00Z,payment_service,api_latency_ms,77.06,normal
2026-10-01T10:49:00Z,payment_service,error_rate_percent,1.13,normal
2026-10-01T10:49:00Z,payment_service,request_count,118.54,normal
2026-10-01T10:49:00Z,payment_service,cpu_percent,32.0,normal
2026-10-01T10:49:00Z,payment_service,memory_percent,50.57,normal
2026-10-01T10:49:00Z,payment_service,database_connections_percent,42.54,normal
2026-10-01T10:49:00Z,database,api_latency_ms,14.92,normal
2026-10-01T10:49:00Z,database,error_rate_percent,0.0,normal
2026-10-01T10:49:00Z,database,request_count,349.02,normal
2026-10-01T10:49:00Z,database,cpu_percent,40.68,normal
2026-10-01T10:49:00Z,database,memory_percent,62.67,normal
2026-10-01T10:49:00Z,database,database_connections_percent,38.01,normal
2026-10-01T10:50:00Z,api_gateway,api_latency_ms,67.01,deployment_failure
2026-10-01T10:50:00Z,api_gateway,error_rate_percent,1.02,deployment_failure
2026-10-01T10:50:00Z,api_gateway,request_count,254.77,deployment_failure
2026-10-01T10:50:00Z,api_gateway,cpu_percent,28.44,deployment_failure
2026-10-01T10:50:00Z,api_gateway,memory_percent,38.81,deployment_failure
2026-10-01T10:50:00Z,api_gateway,database_connections_percent,0.0,deployment_failure
2026-10-01T10:50:00Z,order_service,api_latency_ms,45.87,deployment_failure
2026-10-01T10:50:00Z,order_service,error_rate_percent,77.38,deployment_failure
2026-10-01T10:50:00Z,order_service,request_count,20.19,deployment_failure
2026-10-01T10:50:00Z,order_service,cpu_percent,34.89,deployment_failure
2026-10-01T10:50:00Z,order_service,memory_percent,52.82,deployment_failure
2026-10-01T10:50:00Z,order_service,database_connections_percent,35.15,deployment_failure
2026-10-01T10:50:00Z,payment_service,api_latency_ms,77.01,deployment_failure
2026-10-01T10:50:00Z,payment_service,error_rate_percent,0.8,deployment_failure
2026-10-01T10:50:00Z,payment_service,request_count,118.7,deployment_failure
2026-10-01T10:50:00Z,payment_service,cpu_percent,32.84,deployment_failure
2026-10-01T10:50:00Z,payment_service,memory_percent,46.85,deployment_failure
2026-10-01T10:50:00Z,payment_service,database_connections_percent,38.7,deployment_failure
2026-10-01T10:50:00Z,database,api_latency_ms,15.06,deployment_failure
2026-10-01T10:50:00Z,database,error_rate_percent,0.06,deployment_failure
2026-10-01T10:50:00Z,database,request_count,358.4,deployment_failure
2026-10-01T10:50:00Z,database,cpu_percent,39.46,deployment_failure
2026-10-01T10:50:00Z,database,memory_percent,54.49,deployment_failure
2026-10-01T10:50:00Z,database,database_connections_percent,37.18,deployment_failure
2026-10-01T10:51:00Z,api_gateway,api_latency_ms,67.58,deployment_failure
2026-10-01T10:51:00Z,api_gateway,error_rate_percent,0.05,deployment_failure
2026-10-01T10:51:00Z,api_gateway,request_count,246.92,deployment_failure
2026-10-01T10:51:00Z,api_gateway,cpu_percent,29.38,deployment_failure
2026-10-01T10:51:00Z,api_gateway,memory_percent,40.5,deployment_failure
2026-10-01T10:51:00Z,api_gateway,database_connections_percent,0.0,deployment_failure
2026-10-01T10:51:00Z,order_service,api_latency_ms,44.64,deployment_failure
2026-10-01T10:51:00Z,order_service,error_rate_percent,74.93,deployment_failure
2026-10-01T10:51:00Z,order_service,request_count,16.42,deployment_failure
2026-10-01T10:51:00Z,order_service,cpu_percent,35.86,deployment_failure
2026-10-01T10:51:00Z,order_service,memory_percent,49.98,deployment_failure
2026-10-01T10:51:00Z,order_service,database_connections_percent,35.54,deployment_failure
2026-10-01T10:51:00Z,payment_service,api_latency_ms,87.25,deployment_failure
2026-10-01T10:51:00Z,payment_service,error_rate_percent,0.13,deployment_failure
2026-10-01T10:51:00Z,payment_service,request_count,121.67,deployment_failure
2026-10-01T10:51:00Z,payment_service,cpu_percent,31.19,deployment_failure
2026-10-01T10:51:00Z,payment_service,memory_percent,45.97,deployment_failure
2026-10-01T10:51:00Z,payment_service,database_connections_percent,38.83,deployment_failure
2026-10-01T10:51:00Z,database,api_latency_ms,14.64,deployment_failure
2026-10-01T10:51:00Z,database,error_rate_percent,0.23,deployment_failure
2026-10-01T10:51:00Z,database,request_count,391.11,deployment_failure
2026-10-01T10:51:00Z,database,cpu_percent,38.57,deployment_failure
2026-10-01T10:51:00Z,database,memory_percent,58.75,deployment_failure
2026-10-01T10:51:00Z,database,database_connections_percent,37.88,deployment_failure
2026-10-01T10:52:00Z,api_gateway,api_latency_ms,66.29,deployment_failure
2026-10-01T10:52:00Z,api_gateway,error_rate_percent,0.33,deployment_failure
2026-10-01T10:52:00Z,api_gateway,request_count,266.05,deployment_failure
2026-10-01T10:52:00Z,api_gateway,cpu_percent,24.6,deployment_failure
2026-10-01T10:52:00Z,api_gateway,memory_percent,36.99,deployment_failure
2026-10-01T10:52:00Z,api_gateway,database_connections_percent,0.0,deployment_failure
2026-10-01T10:52:00Z,order_service,api_latency_ms,47.47,deployment_failure
2026-10-01T10:52:00Z,order_service,error_rate_percent,64.18,deployment_failure
2026-10-01T10:52:00Z,order_service,request_count,23.14,deployment_failure
2026-10-01T10:52:00Z,order_service,cpu_percent,35.43,deployment_failure
2026-10-01T10:52:00Z,order_service,memory_percent,47.27,deployment_failure
2026-10-01T10:52:00Z,order_service,database_connections_percent,33.28,deployment_failure
2026-10-01T10:52:00Z,payment_service,api_latency_ms,76.12,deployment_failure
2026-10-01T10:52:00Z,payment_service,error_rate_percent,0.36,deployment_failure
2026-10-01T10:52:00Z,payment_service,request_count,116.24,deployment_failure
2026-10-01T10:52:00Z,payment_service,cpu_percent,32.79,deployment_failure
2026-10-01T10:52:00Z,payment_service,memory_percent,41.15,deployment_failure
2026-10-01T10:52:00Z,payment_service,database_connections_percent,38.29,deployment_failure
2026-10-01T10:52:00Z,database,api_latency_ms,14.16,deployment_failure
2026-10-01T10:52:00Z,database,error_rate_percent,0.0,deployment_failure
2026-10-01T10:52:00Z,database,request_count,340.58,deployment_failure
2026-10-01T10:52:00Z,database,cpu_percent,41.6,deployment_failure
2026-10-01T10:52:00Z,database,memory_percent,54.42,deployment_failure
2026-10-01T10:52:00Z,database,database_connections_percent,38.09,deployment_failure
2026-10-01T10:53:00Z,api_gateway,api_latency_ms,66.81,deployment_failure
2026-10-01T10:53:00Z,api_gateway,error_rate_percent,1.13,deployment_failure
2026-10-01T10:53:00Z,api_gateway,request_count,243.98,deployment_failure
2026-10-01T10:53:00Z,api_gateway,cpu_percent,28.45,deployment_failure
2026-10-01T10:53:00Z,api_gateway,memory_percent,38.21,deployment_failure
2026-10-01T10:53:00Z,api_gateway,database_connections_percent,0.0,deployment_failure
2026-10-01T10:53:00Z,order_service,api_latency_ms,46.9,deployment_failure
2026-10-01T10:53:00Z,order_service,error_rate_percent,85.89,deployment_failure
2026-10-01T10:53:00Z,order_service,request_count,5.64,deployment_failure
2026-10-01T10:53:00Z,order_service,cpu_percent,35.91,deployment_failure
2026-10-01T10:53:00Z,order_service,memory_percent,54.67,deployment_failure
2026-10-01T10:53:00Z,order_service,database_connections_percent,35.73,deployment_failure
2026-10-01T10:53:00Z,payment_service,api_latency_ms,81.11,deployment_failure
2026-10-01T10:53:00Z,payment_service,error_rate_percent,0.3,deployment_failure
2026-10-01T10:53:00Z,payment_service,request_count,110.57,deployment_failure
2026-10-01T10:53:00Z,payment_service,cpu_percent,34.17,deployment_failure
2026-10-01T10:53:00Z,payment_service,memory_percent,46.53,deployment_failure
2026-10-01T10:53:00Z,payment_service,database_connections_percent,41.01,deployment_failure
2026-10-01T10:53:00Z,database,api_latency_ms,13.83,deployment_failure
2026-10-01T10:53:00Z,database,error_rate_percent,0.0,deployment_failure
2026-10-01T10:53:00Z,database,request_count,375.11,deployment_failure
2026-10-01T10:53:00Z,database,cpu_percent,39.31,deployment_failure
2026-10-01T10:53:00Z,database,memory_percent,64.36,deployment_failure
2026-10-01T10:53:00Z,database,database_connections_percent,37.85,deployment_failure
2026-10-01T10:54:00Z,api_gateway,api_latency_ms,59.01,deployment_failure
2026-10-01T10:54:00Z,api_gateway,error_rate_percent,0.65,deployment_failure
2026-10-01T10:54:00Z,api_gateway,request_count,242.63,deployment_failure
2026-10-01T10:54:00Z,api_gateway,cpu_percent,28.98,deployment_failure
2026-10-01T10:54:00Z,api_gateway,memory_percent,42.05,deployment_failure
2026-10-01T10:54:00Z,api_gateway,database_connections_percent,0.0,deployment_failure
2026-10-01T10:54:00Z,order_service,api_latency_ms,45.37,deployment_failure
2026-10-01T10:54:00Z,order_service,error_rate_percent,83.56,deployment_failure
2026-10-01T10:54:00Z,order_service,request_count,17.48,deployment_failure
2026-10-01T10:54:00Z,order_service,cpu_percent,36.88,deployment_failure
2026-10-01T10:54:00Z,order_service,memory_percent,50.53,deployment_failure
2026-10-01T10:54:00Z,order_service,database_connections_percent,35.37,deployment_failure
2026-10-01T10:54:00Z,payment_service,api_latency_ms,75.63,deployment_failure
2026-10-01T10:54:00Z,payment_service,error_rate_percent,0.42,deployment_failure
2026-10-01T10:54:00Z,payment_service,request_count,126.21,deployment_failure
2026-10-01T10:54:00Z,payment_service,cpu_percent,30.66,deployment_failure
2026-10-01T10:54:00Z,payment_service,memory_percent,51.42,deployment_failure
2026-10-01T10:54:00Z,payment_service,database_connections_percent,39.82,deployment_failure
2026-10-01T10:54:00Z,database,api_latency_ms,14.33,deployment_failure
2026-10-01T10:54:00Z,database,error_rate_percent,0.55,deployment_failure
2026-10-01T10:54:00Z,database,request_count,344.98,deployment_failure
2026-10-01T10:54:00Z,database,cpu_percent,41.52,deployment_failure
2026-10-01T10:54:00Z,database,memory_percent,59.12,deployment_failure
2026-10-01T10:54:00Z,database,database_connections_percent,37.89,deployment_failure
2026-10-01T10:55:00Z,api_gateway,api_latency_ms,66.6,deployment_failure
2026-10-01T10:55:00Z,api_gateway,error_rate_percent,0.35,deployment_failure
2026-10-01T10:55:00Z,api_gateway,request_count,225.06,deployment_failure
2026-10-01T10:55:00Z,api_gateway,cpu_percent,26.43,deployment_failure
2026-10-01T10:55:00Z,api_gateway,memory_percent,43.95,deployment_failure
2026-10-01T10:55:00Z,api_gateway,database_connections_percent,0.0,deployment_failure
2026-10-01T10:55:00Z,order_service,api_latency_ms,43.82,deployment_failure
2026-10-01T10:55:00Z,order_service,error_rate_percent,73.92,deployment_failure
2026-10-01T10:55:00Z,order_service,request_count,0.0,deployment_failure
2026-10-01T10:55:00Z,order_service,cpu_percent,34.82,deployment_failure
2026-10-01T10:55:00Z,order_service,memory_percent,48.5,deployment_failure
2026-10-01T10:55:00Z,order_service,database_connections_percent,33.31,deployment_failure
2026-10-01T10:55:00Z,payment_service,api_latency_ms,79.73,deployment_failure
2026-10-01T10:55:00Z,payment_service,error_rate_percent,0.48,deployment_failure
2026-10-01T10:55:00Z,payment_service,request_count,132.56,deployment_failure
2026-10-01T10:55:00Z,payment_service,cpu_percent,29.58,deployment_failure
2026-10-01T10:55:00Z,payment_service,memory_percent,50.78,deployment_failure
2026-10-01T10:55:00Z,payment_service,database_connections_percent,41.95,deployment_failure
2026-10-01T10:55:00Z,database,api_latency_ms,14.42,deployment_failure
2026-10-01T10:55:00Z,database,error_rate_percent,0.15,deployment_failure
2026-10-01T10:55:00Z,database,request_count,341.99,deployment_failure
2026-10-01T10:55:00Z,database,cpu_percent,40.37,deployment_failure
2026-10-01T10:55:00Z,database,memory_percent,64.53,deployment_failure
2026-10-01T10:55:00Z,database,database_connections_percent,39.15,deployment_failure
2026-10-01T10:56:00Z,api_gateway,api_latency_ms,66.65,deployment_failure
2026-10-01T10:56:00Z,api_gateway,error_rate_percent,0.0,deployment_failure
2026-10-01T10:56:00Z,api_gateway,request_count,231.45,deployment_failure
2026-10-01T10:56:00Z,api_gateway,cpu_percent,27.71,deployment_failure
2026-10-01T10:56:00Z,api_gateway,memory_percent,44.53,deployment_failure
2026-10-01T10:56:00Z,api_gateway,database_connections_percent,0.0,deployment_failure
2026-10-01T10:56:00Z,order_service,api_latency_ms,42.63,deployment_failure
2026-10-01T10:56:00Z,order_service,error_rate_percent,75.14,deployment_failure
2026-10-01T10:56:00Z,order_service,request_count,10.87,deployment_failure
2026-10-01T10:56:00Z,order_service,cpu_percent,34.26,deployment_failure
2026-10-01T10:56:00Z,order_service,memory_percent,46.59,deployment_failure
2026-10-01T10:56:00Z,order_service,database_connections_percent,33.3,deployment_failure
2026-10-01T10:56:00Z,payment_service,api_latency_ms,82.81,deployment_failure
2026-10-01T10:56:00Z,payment_service,error_rate_percent,0.0,deployment_failure
2026-10-01T10:56:00Z,payment_service,request_count,110.41,deployment_failure
2026-10-01T10:56:00Z,payment_service,cpu_percent,30.99,deployment_failure
2026-10-01T10:56:00Z,payment_service,memory_percent,49.76,deployment_failure
2026-10-01T10:56:00Z,payment_service,database_connections_percent,39.61,deployment_failure
2026-10-01T10:56:00Z,database,api_latency_ms,14.65,deployment_failure
2026-10-01T10:56:00Z,database,error_rate_percent,0.07,deployment_failure
2026-10-01T10:56:00Z,database,request_count,319.45,deployment_failure
2026-10-01T10:56:00Z,database,cpu_percent,40.99,deployment_failure
2026-10-01T10:56:00Z,database,memory_percent,61.15,deployment_failure
2026-10-01T10:56:00Z,database,database_connections_percent,37.22,deployment_failure
2026-10-01T10:57:00Z,api_gateway,api_latency_ms,68.27,deployment_failure
2026-10-01T10:57:00Z,api_gateway,error_rate_percent,0.0,deployment_failure
2026-10-01T10:57:00Z,api_gateway,request_count,264.1,deployment_failure
2026-10-01T10:57:00Z,api_gateway,cpu_percent,28.22,deployment_failure
2026-10-01T10:57:00Z,api_gateway,memory_percent,41.29,deployment_failure
2026-10-01T10:57:00Z,api_gateway,database_connections_percent,0.0,deployment_failure
2026-10-01T10:57:00Z,order_service,api_latency_ms,44.76,deployment_failure
2026-10-01T10:57:00Z,order_service,error_rate_percent,75.23,deployment_failure
2026-10-01T10:57:00Z,order_service,request_count,11.14,deployment_failure
2026-10-01T10:57:00Z,order_service,cpu_percent,36.81,deployment_failure
2026-10-01T10:57:00Z,order_service,memory_percent,48.51,deployment_failure
2026-10-01T10:57:00Z,order_service,database_connections_percent,36.58,deployment_failure
2026-10-01T10:57:00Z,payment_service,api_latency_ms,86.8,deployment_failure
2026-10-01T10:57:00Z,payment_service,error_rate_percent,0.1,deployment_failure
2026-10-01T10:57:00Z,payment_service,request_count,124.09,deployment_failure
2026-10-01T10:57:00Z,payment_service,cpu_percent,30.15,deployment_failure
2026-10-01T10:57:00Z,payment_service,memory_percent,49.81,deployment_failure
2026-10-01T10:57:00Z,payment_service,database_connections_percent,40.4,deployment_failure
2026-10-01T10:57:00Z,database,api_latency_ms,15.35,deployment_failure
2026-10-01T10:57:00Z,database,error_rate_percent,0.0,deployment_failure
2026-10-01T10:57:00Z,database,request_count,320.93,deployment_failure
2026-10-01T10:57:00Z,database,cpu_percent,41.01,deployment_failure
2026-10-01T10:57:00Z,database,memory_percent,53.81,deployment_failure
2026-10-01T10:57:00Z,database,database_connections_percent,37.4,deployment_failure
2026-10-01T10:58:00Z,api_gateway,api_latency_ms,68.06,deployment_failure
2026-10-01T10:58:00Z,api_gateway,error_rate_percent,0.3,deployment_failure
2026-10-01T10:58:00Z,api_gateway,request_count,274.35,deployment_failure
2026-10-01T10:58:00Z,api_gateway,cpu_percent,29.44,deployment_failure
2026-10-01T10:58:00Z,api_gateway,memory_percent,40.63,deployment_failure
2026-10-01T10:58:00Z,api_gateway,database_connections_percent,0.01,deployment_failure
2026-10-01T10:58:00Z,order_service,api_latency_ms,44.89,deployment_failure
2026-10-01T10:58:00Z,order_service,error_rate_percent,74.51,deployment_failure
2026-10-01T10:58:00Z,order_service,request_count,12.95,deployment_failure
2026-10-01T10:58:00Z,order_service,cpu_percent,31.44,deployment_failure
2026-10-01T10:58:00Z,order_service,memory_percent,50.12,deployment_failure
2026-10-01T10:58:00Z,order_service,database_connections_percent,34.56,deployment_failure
2026-10-01T10:58:00Z,payment_service,api_latency_ms,73.31,deployment_failure
2026-10-01T10:58:00Z,payment_service,error_rate_percent,0.5,deployment_failure
2026-10-01T10:58:00Z,payment_service,request_count,124.3,deployment_failure
2026-10-01T10:58:00Z,payment_service,cpu_percent,32.36,deployment_failure
2026-10-01T10:58:00Z,payment_service,memory_percent,47.22,deployment_failure
2026-10-01T10:58:00Z,payment_service,database_connections_percent,41.18,deployment_failure
2026-10-01T10:58:00Z,database,api_latency_ms,15.51,deployment_failure
2026-10-01T10:58:00Z,database,error_rate_percent,0.2,deployment_failure
2026-10-01T10:58:00Z,database,request_count,335.57,deployment_failure
2026-10-01T10:58:00Z,database,cpu_percent,40.55,deployment_failure
2026-10-01T10:58:00Z,database,memory_percent,63.59,deployment_failure
2026-10-01T10:58:00Z,database,database_connections_percent,36.87,deployment_failure
2026-10-01T10:59:00Z,api_gateway,api_latency_ms,71.82,deployment_failure
2026-10-01T10:59:00Z,api_gateway,error_rate_percent,0.0,deployment_failure
2026-10-01T10:59:00Z,api_gateway,request_count,250.41,deployment_failure
2026-10-01T10:59:00Z,api_gateway,cpu_percent,27.06,deployment_failure
2026-10-01T10:59:00Z,api_gateway,memory_percent,42.47,deployment_failure
2026-10-01T10:59:00Z,api_gateway,database_connections_percent,0.0,deployment_failure
2026-10-01T10:59:00Z,order_service,api_latency_ms,43.77,deployment_failure
2026-10-01T10:59:00Z,order_service,error_rate_percent,80.13,deployment_failure
2026-10-01T10:59:00Z,order_service,request_count,26.95,deployment_failure
2026-10-01T10:59:00Z,order_service,cpu_percent,36.13,deployment_failure
2026-10-01T10:59:00Z,order_service,memory_percent,44.07,deployment_failure
2026-10-01T10:59:00Z,order_service,database_connections_percent,38.57,deployment_failure
2026-10-01T10:59:00Z,payment_service,api_latency_ms,81.18,deployment_failure
2026-10-01T10:59:00Z,payment_service,error_rate_percent,0.0,deployment_failure
2026-10-01T10:59:00Z,payment_service,request_count,120.94,deployment_failure
2026-10-01T10:59:00Z,payment_service,cpu_percent,32.28,deployment_failure
2026-10-01T10:59:00Z,payment_service,memory_percent,46.4,deployment_failure
2026-10-01T10:59:00Z,payment_service,database_connections_percent,40.4,deployment_failure
2026-10-01T10:59:00Z,database,api_latency_ms,14.54,deployment_failure
2026-10-01T10:59:00Z,database,error_rate_percent,0.0,deployment_failure
2026-10-01T10:59:00Z,database,request_count,337.99,deployment_failure
2026-10-01T10:59:00Z,database,cpu_percent,37.13,deployment_failure
2026-10-01T10:59:00Z,database,memory_percent,60.44,deployment_failure
2026-10-01T10:59:00Z,database,database_connections_percent,39.11,deployment_failure
2026-10-01T11:00:00Z,api_gateway,api_latency_ms,66.67,deployment_failure
2026-10-01T11:00:00Z,api_gateway,error_rate_percent,0.61,deployment_failure
2026-10-01T11:00:00Z,api_gateway,request_count,254.05,deployment_failure
2026-10-01T11:00:00Z,api_gateway,cpu_percent,27.25,deployment_failure
2026-10-01T11:00:00Z,api_gateway,memory_percent,43.76,deployment_failure
2026-10-01T11:00:00Z,api_gateway,database_connections_percent,0.0,deployment_failure
2026-10-01T11:00:00Z,order_service,api_latency_ms,42.97,deployment_failure
2026-10-01T11:00:00Z,order_service,error_rate_percent,84.92,deployment_failure
2026-10-01T11:00:00Z,order_service,request_count,26.49,deployment_failure
2026-10-01T11:00:00Z,order_service,cpu_percent,35.85,deployment_failure
2026-10-01T11:00:00Z,order_service,memory_percent,52.68,deployment_failure
2026-10-01T11:00:00Z,order_service,database_connections_percent,33.46,deployment_failure
2026-10-01T11:00:00Z,payment_service,api_latency_ms,81.39,deployment_failure
2026-10-01T11:00:00Z,payment_service,error_rate_percent,0.24,deployment_failure
2026-10-01T11:00:00Z,payment_service,request_count,125.08,deployment_failure
2026-10-01T11:00:00Z,payment_service,cpu_percent,31.82,deployment_failure
2026-10-01T11:00:00Z,payment_service,memory_percent,47.08,deployment_failure
2026-10-01T11:00:00Z,payment_service,database_connections_percent,41.08,deployment_failure
2026-10-01T11:00:00Z,database,api_latency_ms,15.66,deployment_failure
2026-10-01T11:00:00Z,database,error_rate_percent,0.0,deployment_failure
2026-10-01T11:00:00Z,database,request_count,348.93,deployment_failure
2026-10-01T11:00:00Z,database,cpu_percent,37.88,deployment_failure
2026-10-01T11:00:00Z,database,memory_percent,52.51,deployment_failure
2026-10-01T11:00:00Z,database,database_connections_percent,38.38,deployment_failure
2026-10-01T11:01:00Z,api_gateway,api_latency_ms,66.98,deployment_failure
2026-10-01T11:01:00Z,api_gateway,error_rate_percent,0.33,deployment_failure
2026-10-01T11:01:00Z,api_gateway,request_count,225.63,deployment_failure
2026-10-01T11:01:00Z,api_gateway,cpu_percent,27.51,deployment_failure
2026-10-01T11:01:00Z,api_gateway,memory_percent,37.34,deployment_failure
2026-10-01T11:01:00Z,api_gateway,database_connections_percent,0.68,deployment_failure
2026-10-01T11:01:00Z,order_service,api_latency_ms,42.56,deployment_failure
2026-10-01T11:01:00Z,order_service,error_rate_percent,85.36,deployment_failure
2026-10-01T11:01:00Z,order_service,request_count,9.89,deployment_failure
2026-10-01T11:01:00Z,order_service,cpu_percent,33.02,deployment_failure
2026-10-01T11:01:00Z,order_service,memory_percent,50.88,deployment_failure
2026-10-01T11:01:00Z,order_service,database_connections_percent,33.52,deployment_failure
2026-10-01T11:01:00Z,payment_service,api_latency_ms,80.41,deployment_failure
2026-10-01T11:01:00Z,payment_service,error_rate_percent,0.06,deployment_failure
2026-10-01T11:01:00Z,payment_service,request_count,109.31,deployment_failure
2026-10-01T11:01:00Z,payment_service,cpu_percent,28.43,deployment_failure
2026-10-01T11:01:00Z,payment_service,memory_percent,48.54,deployment_failure
2026-10-01T11:01:00Z,payment_service,database_connections_percent,38.88,deployment_failure
2026-10-01T11:01:00Z,database,api_latency_ms,14.59,deployment_failure
2026-10-01T11:01:00Z,database,error_rate_percent,0.4,deployment_failure
2026-10-01T11:01:00Z,database,request_count,370.54,deployment_failure
2026-10-01T11:01:00Z,database,cpu_percent,39.45,deployment_failure
2026-10-01T11:01:00Z,database,memory_percent,58.98,deployment_failure
2026-10-01T11:01:00Z,database,database_connections_percent,38.95,deployment_failure
2026-10-01T11:02:00Z,api_gateway,api_latency_ms,60.59,deployment_failure
2026-10-01T11:02:00Z,api_gateway,error_rate_percent,0.31,deployment_failure
2026-10-01T11:02:00Z,api_gateway,request_count,256.9,deployment_failure
2026-10-01T11:02:00Z,api_gateway,cpu_percent,28.95,deployment_failure
2026-10-01T11:02:00Z,api_gateway,memory_percent,37.93,deployment_failure
2026-10-01T11:02:00Z,api_gateway,database_connections_percent,0.0,deployment_failure
2026-10-01T11:02:00Z,order_service,api_latency_ms,43.02,deployment_failure
2026-10-01T11:02:00Z,order_service,error_rate_percent,82.45,deployment_failure
2026-10-01T11:02:00Z,order_service,request_count,31.47,deployment_failure
2026-10-01T11:02:00Z,order_service,cpu_percent,34.13,deployment_failure
2026-10-01T11:02:00Z,order_service,memory_percent,48.76,deployment_failure
2026-10-01T11:02:00Z,order_service,database_connections_percent,37.01,deployment_failure
2026-10-01T11:02:00Z,payment_service,api_latency_ms,81.19,deployment_failure
2026-10-01T11:02:00Z,payment_service,error_rate_percent,0.93,deployment_failure
2026-10-01T11:02:00Z,payment_service,request_count,121.73,deployment_failure
2026-10-01T11:02:00Z,payment_service,cpu_percent,30.15,deployment_failure
2026-10-01T11:02:00Z,payment_service,memory_percent,44.8,deployment_failure
2026-10-01T11:02:00Z,payment_service,database_connections_percent,36.9,deployment_failure
2026-10-01T11:02:00Z,database,api_latency_ms,15.5,deployment_failure
2026-10-01T11:02:00Z,database,error_rate_percent,0.64,deployment_failure
2026-10-01T11:02:00Z,database,request_count,382.36,deployment_failure
2026-10-01T11:02:00Z,database,cpu_percent,41.69,deployment_failure
2026-10-01T11:02:00Z,database,memory_percent,63.49,deployment_failure
2026-10-01T11:02:00Z,database,database_connections_percent,36.9,deployment_failure
2026-10-01T11:03:00Z,api_gateway,api_latency_ms,61.24,deployment_failure
2026-10-01T11:03:00Z,api_gateway,error_rate_percent,0.63,deployment_failure
2026-10-01T11:03:00Z,api_gateway,request_count,255.22,deployment_failure
2026-10-01T11:03:00Z,api_gateway,cpu_percent,28.15,deployment_failure
2026-10-01T11:03:00Z,api_gateway,memory_percent,42.81,deployment_failure
2026-10-01T11:03:00Z,api_gateway,database_connections_percent,0.16,deployment_failure
2026-10-01T11:03:00Z,order_service,api_latency_ms,47.89,deployment_failure
2026-10-01T11:03:00Z,order_service,error_rate_percent,83.37,deployment_failure
2026-10-01T11:03:00Z,order_service,request_count,25.61,deployment_failure
2026-10-01T11:03:00Z,order_service,cpu_percent,35.9,deployment_failure
2026-10-01T11:03:00Z,order_service,memory_percent,48.85,deployment_failure
2026-10-01T11:03:00Z,order_service,database_connections_percent,36.32,deployment_failure
2026-10-01T11:03:00Z,payment_service,api_latency_ms,74.42,deployment_failure
2026-10-01T11:03:00Z,payment_service,error_rate_percent,0.83,deployment_failure
2026-10-01T11:03:00Z,payment_service,request_count,112.83,deployment_failure
2026-10-01T11:03:00Z,payment_service,cpu_percent,32.46,deployment_failure
2026-10-01T11:03:00Z,payment_service,memory_percent,45.97,deployment_failure
2026-10-01T11:03:00Z,payment_service,database_connections_percent,41.11,deployment_failure
2026-10-01T11:03:00Z,database,api_latency_ms,14.97,deployment_failure
2026-10-01T11:03:00Z,database,error_rate_percent,0.0,deployment_failure
2026-10-01T11:03:00Z,database,request_count,357.36,deployment_failure
2026-10-01T11:03:00Z,database,cpu_percent,38.84,deployment_failure
2026-10-01T11:03:00Z,database,memory_percent,62.64,deployment_failure
2026-10-01T11:03:00Z,database,database_connections_percent,38.0,deployment_failure
2026-10-01T11:04:00Z,api_gateway,api_latency_ms,66.29,deployment_failure
2026-10-01T11:04:00Z,api_gateway,error_rate_percent,0.0,deployment_failure
2026-10-01T11:04:00Z,api_gateway,request_count,242.63,deployment_failure
2026-10-01T11:04:00Z,api_gateway,cpu_percent,27.36,deployment_failure
2026-10-01T11:04:00Z,api_gateway,memory_percent,43.8,deployment_failure
2026-10-01T11:04:00Z,api_gateway,database_connections_percent,0.84,deployment_failure
2026-10-01T11:04:00Z,order_service,api_latency_ms,43.19,deployment_failure
2026-10-01T11:04:00Z,order_service,error_rate_percent,69.69,deployment_failure
2026-10-01T11:04:00Z,order_service,request_count,7.25,deployment_failure
2026-10-01T11:04:00Z,order_service,cpu_percent,33.32,deployment_failure
2026-10-01T11:04:00Z,order_service,memory_percent,46.62,deployment_failure
2026-10-01T11:04:00Z,order_service,database_connections_percent,32.23,deployment_failure
2026-10-01T11:04:00Z,payment_service,api_latency_ms,81.65,deployment_failure
2026-10-01T11:04:00Z,payment_service,error_rate_percent,0.19,deployment_failure
2026-10-01T11:04:00Z,payment_service,request_count,122.28,deployment_failure
2026-10-01T11:04:00Z,payment_service,cpu_percent,33.1,deployment_failure
2026-10-01T11:04:00Z,payment_service,memory_percent,48.64,deployment_failure
2026-10-01T11:04:00Z,payment_service,database_connections_percent,41.32,deployment_failure
2026-10-01T11:04:00Z,database,api_latency_ms,14.95,deployment_failure
2026-10-01T11:04:00Z,database,error_rate_percent,0.0,deployment_failure
2026-10-01T11:04:00Z,database,request_count,368.51,deployment_failure
2026-10-01T11:04:00Z,database,cpu_percent,38.82,deployment_failure
2026-10-01T11:04:00Z,database,memory_percent,57.19,deployment_failure
2026-10-01T11:04:00Z,database,database_connections_percent,37.66,deployment_failure
2026-10-01T11:05:00Z,api_gateway,api_latency_ms,62.03,normal
2026-10-01T11:05:00Z,api_gateway,error_rate_percent,0.0,normal
2026-10-01T11:05:00Z,api_gateway,request_count,254.3,normal
2026-10-01T11:05:00Z,api_gateway,cpu_percent,28.49,normal
2026-10-01T11:05:00Z,api_gateway,memory_percent,40.11,normal
2026-10-01T11:05:00Z,api_gateway,database_connections_percent,0.0,normal
2026-10-01T11:05:00Z,order_service,api_latency_ms,47.42,normal
2026-10-01T11:05:00Z,order_service,error_rate_percent,0.35,normal
2026-10-01T11:05:00Z,order_service,request_count,198.68,normal
2026-10-01T11:05:00Z,order_service,cpu_percent,37.07,normal
2026-10-01T11:05:00Z,order_service,memory_percent,52.86,normal
2026-10-01T11:05:00Z,order_service,database_connections_percent,32.57,normal
2026-10-01T11:05:00Z,payment_service,api_latency_ms,83.06,normal
2026-10-01T11:05:00Z,payment_service,error_rate_percent,0.27,normal
2026-10-01T11:05:00Z,payment_service,request_count,116.69,normal
2026-10-01T11:05:00Z,payment_service,cpu_percent,32.27,normal
2026-10-01T11:05:00Z,payment_service,memory_percent,50.27,normal
2026-10-01T11:05:00Z,payment_service,database_connections_percent,41.0,normal
2026-10-01T11:05:00Z,database,api_latency_ms,14.34,normal
2026-10-01T11:05:00Z,database,error_rate_percent,0.42,normal
2026-10-01T11:05:00Z,database,request_count,338.84,normal
2026-10-01T11:05:00Z,database,cpu_percent,40.43,normal
2026-10-01T11:05:00Z,database,memory_percent,59.09,normal
2026-10-01T11:05:00Z,database,database_connections_percent,37.58,normal
2026-10-01T11:06:00Z,api_gateway,api_latency_ms,67.49,normal
2026-10-01T11:06:00Z,api_gateway,error_rate_percent,0.0,normal
2026-10-01T11:06:00Z,api_gateway,request_count,274.31,normal
2026-10-01T11:06:00Z,api_gateway,cpu_percent,25.45,normal
2026-10-01T11:06:00Z,api_gateway,memory_percent,40.74,normal
2026-10-01T11:06:00Z,api_gateway,database_connections_percent,0.19,normal
2026-10-01T11:06:00Z,order_service,api_latency_ms,46.31,normal
2026-10-01T11:06:00Z,order_service,error_rate_percent,0.05,normal
2026-10-01T11:06:00Z,order_service,request_count,179.48,normal
2026-10-01T11:06:00Z,order_service,cpu_percent,35.72,normal
2026-10-01T11:06:00Z,order_service,memory_percent,49.42,normal
2026-10-01T11:06:00Z,order_service,database_connections_percent,37.44,normal
2026-10-01T11:06:00Z,payment_service,api_latency_ms,83.36,normal
2026-10-01T11:06:00Z,payment_service,error_rate_percent,0.74,normal
2026-10-01T11:06:00Z,payment_service,request_count,114.2,normal
2026-10-01T11:06:00Z,payment_service,cpu_percent,31.87,normal
2026-10-01T11:06:00Z,payment_service,memory_percent,47.28,normal
2026-10-01T11:06:00Z,payment_service,database_connections_percent,37.99,normal
2026-10-01T11:06:00Z,database,api_latency_ms,15.27,normal
2026-10-01T11:06:00Z,database,error_rate_percent,0.0,normal
2026-10-01T11:06:00Z,database,request_count,361.47,normal
2026-10-01T11:06:00Z,database,cpu_percent,37.86,normal
2026-10-01T11:06:00Z,database,memory_percent,65.16,normal
2026-10-01T11:06:00Z,database,database_connections_percent,36.3,normal
2026-10-01T11:07:00Z,api_gateway,api_latency_ms,65.71,normal
2026-10-01T11:07:00Z,api_gateway,error_rate_percent,0.6,normal
2026-10-01T11:07:00Z,api_gateway,request_count,242.87,normal
2026-10-01T11:07:00Z,api_gateway,cpu_percent,29.19,normal
2026-10-01T11:07:00Z,api_gateway,memory_percent,39.42,normal
2026-10-01T11:07:00Z,api_gateway,database_connections_percent,0.73,normal
2026-10-01T11:07:00Z,order_service,api_latency_ms,45.03,normal
2026-10-01T11:07:00Z,order_service,error_rate_percent,0.0,normal
2026-10-01T11:07:00Z,order_service,request_count,177.31,normal
2026-10-01T11:07:00Z,order_service,cpu_percent,36.42,normal
2026-10-01T11:07:00Z,order_service,memory_percent,48.54,normal
2026-10-01T11:07:00Z,order_service,database_connections_percent,33.69,normal
2026-10-01T11:07:00Z,payment_service,api_latency_ms,79.11,normal
2026-10-01T11:07:00Z,payment_service,error_rate_percent,0.0,normal
2026-10-01T11:07:00Z,payment_service,request_count,130.92,normal
2026-10-01T11:07:00Z,payment_service,cpu_percent,31.09,normal
2026-10-01T11:07:00Z,payment_service,memory_percent,50.0,normal
2026-10-01T11:07:00Z,payment_service,database_connections_percent,40.42,normal
2026-10-01T11:07:00Z,database,api_latency_ms,14.26,normal
2026-10-01T11:07:00Z,database,error_rate_percent,0.05,normal
2026-10-01T11:07:00Z,database,request_count,363.72,normal
2026-10-01T11:07:00Z,database,cpu_percent,39.62,normal
2026-10-01T11:07:00Z,database,memory_percent,63.58,normal
2026-10-01T11:07:00Z,database,database_connections_percent,39.94,normal
2026-10-01T11:08:00Z,api_gateway,api_latency_ms,67.99,normal
2026-10-01T11:08:00Z,api_gateway,error_rate_percent,0.0,normal
2026-10-01T11:08:00Z,api_gateway,request_count,236.5,normal
2026-10-01T11:08:00Z,api_gateway,cpu_percent,27.14,normal
2026-10-01T11:08:00Z,api_gateway,memory_percent,42.41,normal
2026-10-01T11:08:00Z,api_gateway,database_connections_percent,0.27,normal
2026-10-01T11:08:00Z,order_service,api_latency_ms,40.11,normal
2026-10-01T11:08:00Z,order_service,error_rate_percent,0.1,normal
2026-10-01T11:08:00Z,order_service,request_count,181.42,normal
2026-10-01T11:08:00Z,order_service,cpu_percent,34.51,normal
2026-10-01T11:08:00Z,order_service,memory_percent,53.23,normal
2026-10-01T11:08:00Z,order_service,database_connections_percent,35.74,normal
2026-10-01T11:08:00Z,payment_service,api_latency_ms,85.24,normal
2026-10-01T11:08:00Z,payment_service,error_rate_percent,0.19,normal
2026-10-01T11:08:00Z,payment_service,request_count,125.62,normal
2026-10-01T11:08:00Z,payment_service,cpu_percent,34.62,normal
2026-10-01T11:08:00Z,payment_service,memory_percent,51.15,normal
2026-10-01T11:08:00Z,payment_service,database_connections_percent,37.82,normal
2026-10-01T11:08:00Z,database,api_latency_ms,14.81,normal
2026-10-01T11:08:00Z,database,error_rate_percent,0.0,normal
2026-10-01T11:08:00Z,database,request_count,358.56,normal
2026-10-01T11:08:00Z,database,cpu_percent,41.37,normal
2026-10-01T11:08:00Z,database,memory_percent,57.48,normal
2026-10-01T11:08:00Z,database,database_connections_percent,38.13,normal
2026-10-01T11:09:00Z,api_gateway,api_latency_ms,58.44,normal
2026-10-01T11:09:00Z,api_gateway,error_rate_percent,0.92,normal
2026-10-01T11:09:00Z,api_gateway,request_count,243.6,normal
2026-10-01T11:09:00Z,api_gateway,cpu_percent,28.08,normal
2026-10-01T11:09:00Z,api_gateway,memory_percent,41.35,normal
2026-10-01T11:09:00Z,api_gateway,database_connections_percent,0.57,normal
2026-10-01T11:09:00Z,order_service,api_latency_ms,38.62,normal
2026-10-01T11:09:00Z,order_service,error_rate_percent,0.09,normal
2026-10-01T11:09:00Z,order_service,request_count,179.05,normal
2026-10-01T11:09:00Z,order_service,cpu_percent,34.21,normal
2026-10-01T11:09:00Z,order_service,memory_percent,54.32,normal
2026-10-01T11:09:00Z,order_service,database_connections_percent,33.45,normal
2026-10-01T11:09:00Z,payment_service,api_latency_ms,83.09,normal
2026-10-01T11:09:00Z,payment_service,error_rate_percent,0.48,normal
2026-10-01T11:09:00Z,payment_service,request_count,127.57,normal
2026-10-01T11:09:00Z,payment_service,cpu_percent,30.93,normal
2026-10-01T11:09:00Z,payment_service,memory_percent,46.24,normal
2026-10-01T11:09:00Z,payment_service,database_connections_percent,42.19,normal
2026-10-01T11:09:00Z,database,api_latency_ms,15.32,normal
2026-10-01T11:09:00Z,database,error_rate_percent,0.0,normal
2026-10-01T11:09:00Z,database,request_count,340.56,normal
2026-10-01T11:09:00Z,database,cpu_percent,40.77,normal
2026-10-01T11:09:00Z,database,memory_percent,62.51,normal
2026-10-01T11:09:00Z,database,database_connections_percent,36.71,normal
2026-10-01T11:10:00Z,api_gateway,api_latency_ms,55.53,normal
2026-10-01T11:10:00Z,api_gateway,error_rate_percent,0.46,normal
2026-10-01T11:10:00Z,api_gateway,request_count,234.75,normal
2026-10-01T11:10:00Z,api_gateway,cpu_percent,25.18,normal
2026-10-01T11:10:00Z,api_gateway,memory_percent,36.05,normal
2026-10-01T11:10:00Z,api_gateway,database_connections_percent,0.41,normal
2026-10-01T11:10:00Z,order_service,api_latency_ms,45.29,normal
2026-10-01T11:10:00Z,order_service,error_rate_percent,0.0,normal
2026-10-01T11:10:00Z,order_service,request_count,192.5,normal
2026-10-01T11:10:00Z,order_service,cpu_percent,36.12,normal
2026-10-01T11:10:00Z,order_service,memory_percent,54.04,normal
2026-10-01T11:10:00Z,order_service,database_connections_percent,32.56,normal
2026-10-01T11:10:00Z,payment_service,api_latency_ms,79.86,normal
2026-10-01T11:10:00Z,payment_service,error_rate_percent,0.0,normal
2026-10-01T11:10:00Z,payment_service,request_count,118.62,normal
2026-10-01T11:10:00Z,payment_service,cpu_percent,31.6,normal
2026-10-01T11:10:00Z,payment_service,memory_percent,49.5,normal
2026-10-01T11:10:00Z,payment_service,database_connections_percent,40.09,normal
2026-10-01T11:10:00Z,database,api_latency_ms,15.47,normal
2026-10-01T11:10:00Z,database,error_rate_percent,0.4,normal
2026-10-01T11:10:00Z,database,request_count,387.71,normal
2026-10-01T11:10:00Z,database,cpu_percent,39.37,normal
2026-10-01T11:10:00Z,database,memory_percent,57.18,normal
2026-10-01T11:10:00Z,database,database_connections_percent,38.47,normal
2026-10-01T11:11:00Z,api_gateway,api_latency_ms,62.39,normal
2026-10-01T11:11:00Z,api_gateway,error_rate_percent,0.94,normal
2026-10-01T11:11:00Z,api_gateway,request_count,246.46,normal
2026-10-01T11:11:00Z,api_gateway,cpu_percent,27.21,normal
2026-10-01T11:11:00Z,api_gateway,memory_percent,41.01,normal
2026-10-01T11:11:00Z,api_gateway,database_connections_percent,0.36,normal
2026-10-01T11:11:00Z,order_service,api_latency_ms,44.65,normal
2026-10-01T11:11:00Z,order_service,error_rate_percent,0.0,normal
2026-10-01T11:11:00Z,order_service,request_count,194.99,normal
2026-10-01T11:11:00Z,order_service,cpu_percent,33.5,normal
2026-10-01T11:11:00Z,order_service,memory_percent,50.09,normal
2026-10-01T11:11:00Z,order_service,database_connections_percent,36.14,normal
2026-10-01T11:11:00Z,payment_service,api_latency_ms,73.47,normal
2026-10-01T11:11:00Z,payment_service,error_rate_percent,0.54,normal
2026-10-01T11:11:00Z,payment_service,request_count,113.67,normal
2026-10-01T11:11:00Z,payment_service,cpu_percent,33.32,normal
2026-10-01T11:11:00Z,payment_service,memory_percent,45.69,normal
2026-10-01T11:11:00Z,payment_service,database_connections_percent,41.39,normal
2026-10-01T11:11:00Z,database,api_latency_ms,15.83,normal
2026-10-01T11:11:00Z,database,error_rate_percent,0.48,normal
2026-10-01T11:11:00Z,database,request_count,354.4,normal
2026-10-01T11:11:00Z,database,cpu_percent,39.54,normal
2026-10-01T11:11:00Z,database,memory_percent,58.27,normal
2026-10-01T11:11:00Z,database,database_connections_percent,40.79,normal
2026-10-01T11:12:00Z,api_gateway,api_latency_ms,62.73,normal
2026-10-01T11:12:00Z,api_gateway,error_rate_percent,0.0,normal
2026-10-01T11:12:00Z,api_gateway,request_count,258.32,normal
2026-10-01T11:12:00Z,api_gateway,cpu_percent,26.89,normal
2026-10-01T11:12:00Z,api_gateway,memory_percent,40.0,normal
2026-10-01T11:12:00Z,api_gateway,database_connections_percent,0.0,normal
2026-10-01T11:12:00Z,order_service,api_latency_ms,43.91,normal
2026-10-01T11:12:00Z,order_service,error_rate_percent,0.06,normal
2026-10-01T11:12:00Z,order_service,request_count,182.19,normal
2026-10-01T11:12:00Z,order_service,cpu_percent,36.66,normal
2026-10-01T11:12:00Z,order_service,memory_percent,51.32,normal
2026-10-01T11:12:00Z,order_service,database_connections_percent,34.67,normal
2026-10-01T11:12:00Z,payment_service,api_latency_ms,79.21,normal
2026-10-01T11:12:00Z,payment_service,error_rate_percent,0.56,normal
2026-10-01T11:12:00Z,payment_service,request_count,127.64,normal
2026-10-01T11:12:00Z,payment_service,cpu_percent,32.2,normal
2026-10-01T11:12:00Z,payment_service,memory_percent,46.87,normal
2026-10-01T11:12:00Z,payment_service,database_connections_percent,38.01,normal
2026-10-01T11:12:00Z,database,api_latency_ms,13.92,normal
2026-10-01T11:12:00Z,database,error_rate_percent,0.38,normal
2026-10-01T11:12:00Z,database,request_count,360.11,normal
2026-10-01T11:12:00Z,database,cpu_percent,41.15,normal
2026-10-01T11:12:00Z,database,memory_percent,59.61,normal
2026-10-01T11:12:00Z,database,database_connections_percent,40.67,normal
2026-10-01T11:13:00Z,api_gateway,api_latency_ms,63.43,normal
2026-10-01T11:13:00Z,api_gateway,error_rate_percent,0.68,normal
2026-10-01T11:13:00Z,api_gateway,request_count,249.52,normal
2026-10-01T11:13:00Z,api_gateway,cpu_percent,27.15,normal
2026-10-01T11:13:00Z,api_gateway,memory_percent,43.24,normal
2026-10-01T11:13:00Z,api_gateway,database_connections_percent,0.2,normal
2026-10-01T11:13:00Z,order_service,api_latency_ms,45.8,normal
2026-10-01T11:13:00Z,order_service,error_rate_percent,0.14,normal
2026-10-01T11:13:00Z,order_service,request_count,179.66,normal
2026-10-01T11:13:00Z,order_service,cpu_percent,39.18,normal
2026-10-01T11:13:00Z,order_service,memory_percent,52.96,normal
2026-10-01T11:13:00Z,order_service,database_connections_percent,36.26,normal
2026-10-01T11:13:00Z,payment_service,api_latency_ms,80.45,normal
2026-10-01T11:13:00Z,payment_service,error_rate_percent,0.8,normal
2026-10-01T11:13:00Z,payment_service,request_count,123.11,normal
2026-10-01T11:13:00Z,payment_service,cpu_percent,32.04,normal
2026-10-01T11:13:00Z,payment_service,memory_percent,47.27,normal
2026-10-01T11:13:00Z,payment_service,database_connections_percent,39.84,normal
2026-10-01T11:13:00Z,database,api_latency_ms,12.62,normal
2026-10-01T11:13:00Z,database,error_rate_percent,0.16,normal
2026-10-01T11:13:00Z,database,request_count,341.45,normal
2026-10-01T11:13:00Z,database,cpu_percent,43.19,normal
2026-10-01T11:13:00Z,database,memory_percent,60.06,normal
2026-10-01T11:13:00Z,database,database_connections_percent,35.74,normal
2026-10-01T11:14:00Z,api_gateway,api_latency_ms,64.84,normal
2026-10-01T11:14:00Z,api_gateway,error_rate_percent,0.0,normal
2026-10-01T11:14:00Z,api_gateway,request_count,255.92,normal
2026-10-01T11:14:00Z,api_gateway,cpu_percent,28.41,normal
2026-10-01T11:14:00Z,api_gateway,memory_percent,44.01,normal
2026-10-01T11:14:00Z,api_gateway,database_connections_percent,0.0,normal
2026-10-01T11:14:00Z,order_service,api_latency_ms,45.08,normal
2026-10-01T11:14:00Z,order_service,error_rate_percent,0.0,normal
2026-10-01T11:14:00Z,order_service,request_count,186.31,normal
2026-10-01T11:14:00Z,order_service,cpu_percent,35.91,normal
2026-10-01T11:14:00Z,order_service,memory_percent,51.24,normal
2026-10-01T11:14:00Z,order_service,database_connections_percent,35.0,normal
2026-10-01T11:14:00Z,payment_service,api_latency_ms,81.66,normal
2026-10-01T11:14:00Z,payment_service,error_rate_percent,1.1,normal
2026-10-01T11:14:00Z,payment_service,request_count,118.29,normal
2026-10-01T11:14:00Z,payment_service,cpu_percent,32.22,normal
2026-10-01T11:14:00Z,payment_service,memory_percent,45.39,normal
2026-10-01T11:14:00Z,payment_service,database_connections_percent,38.26,normal
2026-10-01T11:14:00Z,database,api_latency_ms,15.07,normal
2026-10-01T11:14:00Z,database,error_rate_percent,0.6,normal
2026-10-01T11:14:00Z,database,request_count,345.52,normal
2026-10-01T11:14:00Z,database,cpu_percent,39.53,normal
2026-10-01T11:14:00Z,database,memory_percent,58.78,normal
2026-10-01T11:14:00Z,database,database_connections_percent,36.98,normal
2026-10-01T11:15:00Z,api_gateway,api_latency_ms,65.96,memory_failure
2026-10-01T11:15:00Z,api_gateway,error_rate_percent,0.0,memory_failure
2026-10-01T11:15:00Z,api_gateway,request_count,266.01,memory_failure
2026-10-01T11:15:00Z,api_gateway,cpu_percent,27.07,memory_failure
2026-10-01T11:15:00Z,api_gateway,memory_percent,43.52,memory_failure
2026-10-01T11:15:00Z,api_gateway,database_connections_percent,0.0,memory_failure
2026-10-01T11:15:00Z,order_service,api_latency_ms,157.5,memory_failure
2026-10-01T11:15:00Z,order_service,error_rate_percent,23.0,memory_failure
2026-10-01T11:15:00Z,order_service,request_count,183.46,memory_failure
2026-10-01T11:15:00Z,order_service,cpu_percent,84.06,memory_failure
2026-10-01T11:15:00Z,order_service,memory_percent,76.63,memory_failure
2026-10-01T11:15:00Z,order_service,database_connections_percent,34.56,memory_failure
2026-10-01T11:15:00Z,payment_service,api_latency_ms,84.12,memory_failure
2026-10-01T11:15:00Z,payment_service,error_rate_percent,0.7,memory_failure
2026-10-01T11:15:00Z,payment_service,request_count,120.09,memory_failure
2026-10-01T11:15:00Z,payment_service,cpu_percent,30.44,memory_failure
2026-10-01T11:15:00Z,payment_service,memory_percent,49.55,memory_failure
2026-10-01T11:15:00Z,payment_service,database_connections_percent,40.04,memory_failure
2026-10-01T11:15:00Z,database,api_latency_ms,13.26,memory_failure
2026-10-01T11:15:00Z,database,error_rate_percent,0.44,memory_failure
2026-10-01T11:15:00Z,database,request_count,349.58,memory_failure
2026-10-01T11:15:00Z,database,cpu_percent,42.4,memory_failure
2026-10-01T11:15:00Z,database,memory_percent,56.71,memory_failure
2026-10-01T11:15:00Z,database,database_connections_percent,31.96,memory_failure
2026-10-01T11:16:00Z,api_gateway,api_latency_ms,65.91,memory_failure
2026-10-01T11:16:00Z,api_gateway,error_rate_percent,0.35,memory_failure
2026-10-01T11:16:00Z,api_gateway,request_count,228.87,memory_failure
2026-10-01T11:16:00Z,api_gateway,cpu_percent,26.63,memory_failure
2026-10-01T11:16:00Z,api_gateway,memory_percent,47.79,memory_failure
2026-10-01T11:16:00Z,api_gateway,database_connections_percent,0.0,memory_failure
2026-10-01T11:16:00Z,order_service,api_latency_ms,178.64,memory_failure
2026-10-01T11:16:00Z,order_service,error_rate_percent,25.01,memory_failure
2026-10-01T11:16:00Z,order_service,request_count,161.19,memory_failure
2026-10-01T11:16:00Z,order_service,cpu_percent,86.3,memory_failure
2026-10-01T11:16:00Z,order_service,memory_percent,77.34,memory_failure
2026-10-01T11:16:00Z,order_service,database_connections_percent,34.8,memory_failure
2026-10-01T11:16:00Z,payment_service,api_latency_ms,81.06,memory_failure
2026-10-01T11:16:00Z,payment_service,error_rate_percent,0.22,memory_failure
2026-10-01T11:16:00Z,payment_service,request_count,112.42,memory_failure
2026-10-01T11:16:00Z,payment_service,cpu_percent,32.78,memory_failure
2026-10-01T11:16:00Z,payment_service,memory_percent,43.32,memory_failure
2026-10-01T11:16:00Z,payment_service,database_connections_percent,35.9,memory_failure
2026-10-01T11:16:00Z,database,api_latency_ms,15.55,memory_failure
2026-10-01T11:16:00Z,database,error_rate_percent,0.3,memory_failure
2026-10-01T11:16:00Z,database,request_count,349.0,memory_failure
2026-10-01T11:16:00Z,database,cpu_percent,37.21,memory_failure
2026-10-01T11:16:00Z,database,memory_percent,57.88,memory_failure
2026-10-01T11:16:00Z,database,database_connections_percent,37.5,memory_failure
2026-10-01T11:17:00Z,api_gateway,api_latency_ms,59.81,memory_failure
2026-10-01T11:17:00Z,api_gateway,error_rate_percent,0.0,memory_failure
2026-10-01T11:17:00Z,api_gateway,request_count,258.15,memory_failure
2026-10-01T11:17:00Z,api_gateway,cpu_percent,30.0,memory_failure
2026-10-01T11:17:00Z,api_gateway,memory_percent,41.12,memory_failure
2026-10-01T11:17:00Z,api_gateway,database_connections_percent,0.38,memory_failure
2026-10-01T11:17:00Z,order_service,api_latency_ms,193.69,memory_failure
2026-10-01T11:17:00Z,order_service,error_rate_percent,28.33,memory_failure
2026-10-01T11:17:00Z,order_service,request_count,172.76,memory_failure
2026-10-01T11:17:00Z,order_service,cpu_percent,87.94,memory_failure
2026-10-01T11:17:00Z,order_service,memory_percent,79.84,memory_failure
2026-10-01T11:17:00Z,order_service,database_connections_percent,33.47,memory_failure
2026-10-01T11:17:00Z,payment_service,api_latency_ms,82.51,memory_failure
2026-10-01T11:17:00Z,payment_service,error_rate_percent,0.16,memory_failure
2026-10-01T11:17:00Z,payment_service,request_count,119.05,memory_failure
2026-10-01T11:17:00Z,payment_service,cpu_percent,31.71,memory_failure
2026-10-01T11:17:00Z,payment_service,memory_percent,45.97,memory_failure
2026-10-01T11:17:00Z,payment_service,database_connections_percent,39.97,memory_failure
2026-10-01T11:17:00Z,database,api_latency_ms,14.95,memory_failure
2026-10-01T11:17:00Z,database,error_rate_percent,0.17,memory_failure
2026-10-01T11:17:00Z,database,request_count,351.48,memory_failure
2026-10-01T11:17:00Z,database,cpu_percent,41.6,memory_failure
2026-10-01T11:17:00Z,database,memory_percent,62.77,memory_failure
2026-10-01T11:17:00Z,database,database_connections_percent,36.0,memory_failure
2026-10-01T11:18:00Z,api_gateway,api_latency_ms,67.82,memory_failure
2026-10-01T11:18:00Z,api_gateway,error_rate_percent,0.0,memory_failure
2026-10-01T11:18:00Z,api_gateway,request_count,257.35,memory_failure
2026-10-01T11:18:00Z,api_gateway,cpu_percent,28.87,memory_failure
2026-10-01T11:18:00Z,api_gateway,memory_percent,37.99,memory_failure
2026-10-01T11:18:00Z,api_gateway,database_connections_percent,0.05,memory_failure
2026-10-01T11:18:00Z,order_service,api_latency_ms,217.95,memory_failure
2026-10-01T11:18:00Z,order_service,error_rate_percent,30.29,memory_failure
2026-10-01T11:18:00Z,order_service,request_count,192.16,memory_failure
2026-10-01T11:18:00Z,order_service,cpu_percent,87.06,memory_failure
2026-10-01T11:18:00Z,order_service,memory_percent,79.42,memory_failure
2026-10-01T11:18:00Z,order_service,database_connections_percent,36.2,memory_failure
2026-10-01T11:18:00Z,payment_service,api_latency_ms,79.43,memory_failure
2026-10-01T11:18:00Z,payment_service,error_rate_percent,0.88,memory_failure
2026-10-01T11:18:00Z,payment_service,request_count,123.19,memory_failure
2026-10-01T11:18:00Z,payment_service,cpu_percent,28.51,memory_failure
2026-10-01T11:18:00Z,payment_service,memory_percent,46.73,memory_failure
2026-10-01T11:18:00Z,payment_service,database_connections_percent,38.88,memory_failure
2026-10-01T11:18:00Z,database,api_latency_ms,15.36,memory_failure
2026-10-01T11:18:00Z,database,error_rate_percent,0.0,memory_failure
2026-10-01T11:18:00Z,database,request_count,394.61,memory_failure
2026-10-01T11:18:00Z,database,cpu_percent,41.06,memory_failure
2026-10-01T11:18:00Z,database,memory_percent,60.45,memory_failure
2026-10-01T11:18:00Z,database,database_connections_percent,40.24,memory_failure
2026-10-01T11:19:00Z,api_gateway,api_latency_ms,72.62,memory_failure
2026-10-01T11:19:00Z,api_gateway,error_rate_percent,0.64,memory_failure
2026-10-01T11:19:00Z,api_gateway,request_count,261.86,memory_failure
2026-10-01T11:19:00Z,api_gateway,cpu_percent,28.18,memory_failure
2026-10-01T11:19:00Z,api_gateway,memory_percent,41.7,memory_failure
2026-10-01T11:19:00Z,api_gateway,database_connections_percent,0.0,memory_failure
2026-10-01T11:19:00Z,order_service,api_latency_ms,238.14,memory_failure
2026-10-01T11:19:00Z,order_service,error_rate_percent,32.99,memory_failure
2026-10-01T11:19:00Z,order_service,request_count,167.84,memory_failure
2026-10-01T11:19:00Z,order_service,cpu_percent,88.87,memory_failure
2026-10-01T11:19:00Z,order_service,memory_percent,78.88,memory_failure
2026-10-01T11:19:00Z,order_service,database_connections_percent,34.94,memory_failure
2026-10-01T11:19:00Z,payment_service,api_latency_ms,80.59,memory_failure
2026-10-01T11:19:00Z,payment_service,error_rate_percent,0.04,memory_failure
2026-10-01T11:19:00Z,payment_service,request_count,138.46,memory_failure
2026-10-01T11:19:00Z,payment_service,cpu_percent,34.18,memory_failure
2026-10-01T11:19:00Z,payment_service,memory_percent,45.01,memory_failure
2026-10-01T11:19:00Z,payment_service,database_connections_percent,40.47,memory_failure
2026-10-01T11:19:00Z,database,api_latency_ms,14.54,memory_failure
2026-10-01T11:19:00Z,database,error_rate_percent,0.0,memory_failure
2026-10-01T11:19:00Z,database,request_count,326.55,memory_failure
2026-10-01T11:19:00Z,database,cpu_percent,40.86,memory_failure
2026-10-01T11:19:00Z,database,memory_percent,57.96,memory_failure
2026-10-01T11:19:00Z,database,database_connections_percent,39.84,memory_failure
2026-10-01T11:20:00Z,api_gateway,api_latency_ms,68.23,memory_failure
2026-10-01T11:20:00Z,api_gateway,error_rate_percent,0.89,memory_failure
2026-10-01T11:20:00Z,api_gateway,request_count,239.35,memory_failure
2026-10-01T11:20:00Z,api_gateway,cpu_percent,28.67,memory_failure
2026-10-01T11:20:00Z,api_gateway,memory_percent,43.33,memory_failure
2026-10-01T11:20:00Z,api_gateway,database_connections_percent,0.0,memory_failure
2026-10-01T11:20:00Z,order_service,api_latency_ms,259.26,memory_failure
2026-10-01T11:20:00Z,order_service,error_rate_percent,36.8,memory_failure
2026-10-01T11:20:00Z,order_service,request_count,182.05,memory_failure
2026-10-01T11:20:00Z,order_service,cpu_percent,90.91,memory_failure
2026-10-01T11:20:00Z,order_service,memory_percent,81.94,memory_failure
2026-10-01T11:20:00Z,order_service,database_connections_percent,34.0,memory_failure
2026-10-01T11:20:00Z,payment_service,api_latency_ms,79.5,memory_failure
2026-10-01T11:20:00Z,payment_service,error_rate_percent,0.0,memory_failure
2026-10-01T11:20:00Z,payment_service,request_count,119.94,memory_failure
2026-10-01T11:20:00Z,payment_service,cpu_percent,29.3,memory_failure
2026-10-01T11:20:00Z,payment_service,memory_percent,45.31,memory_failure
2026-10-01T11:20:00Z,payment_service,database_connections_percent,41.34,memory_failure
2026-10-01T11:20:00Z,database,api_latency_ms,15.45,memory_failure
2026-10-01T11:20:00Z,database,error_rate_percent,0.0,memory_failure
2026-10-01T11:20:00Z,database,request_count,332.19,memory_failure
2026-10-01T11:20:00Z,database,cpu_percent,37.95,memory_failure
2026-10-01T11:20:00Z,database,memory_percent,58.88,memory_failure
2026-10-01T11:20:00Z,database,database_connections_percent,39.22,memory_failure
2026-10-01T11:21:00Z,api_gateway,api_latency_ms,68.02,memory_failure
2026-10-01T11:21:00Z,api_gateway,error_rate_percent,0.0,memory_failure
2026-10-01T11:21:00Z,api_gateway,request_count,235.58,memory_failure
2026-10-01T11:21:00Z,api_gateway,cpu_percent,28.37,memory_failure
2026-10-01T11:21:00Z,api_gateway,memory_percent,40.27,memory_failure
2026-10-01T11:21:00Z,api_gateway,database_connections_percent,0.0,memory_failure
2026-10-01T11:21:00Z,order_service,api_latency_ms,284.98,memory_failure
2026-10-01T11:21:00Z,order_service,error_rate_percent,39.08,memory_failure
2026-10-01T11:21:00Z,order_service,request_count,181.42,memory_failure
2026-10-01T11:21:00Z,order_service,cpu_percent,88.37,memory_failure
2026-10-01T11:21:00Z,order_service,memory_percent,87.26,memory_failure
2026-10-01T11:21:00Z,order_service,database_connections_percent,34.34,memory_failure
2026-10-01T11:21:00Z,payment_service,api_latency_ms,85.4,memory_failure
2026-10-01T11:21:00Z,payment_service,error_rate_percent,0.95,memory_failure
2026-10-01T11:21:00Z,payment_service,request_count,129.98,memory_failure
2026-10-01T11:21:00Z,payment_service,cpu_percent,32.49,memory_failure
2026-10-01T11:21:00Z,payment_service,memory_percent,49.41,memory_failure
2026-10-01T11:21:00Z,payment_service,database_connections_percent,42.83,memory_failure
2026-10-01T11:21:00Z,database,api_latency_ms,15.34,memory_failure
2026-10-01T11:21:00Z,database,error_rate_percent,0.0,memory_failure
2026-10-01T11:21:00Z,database,request_count,342.15,memory_failure
2026-10-01T11:21:00Z,database,cpu_percent,40.48,memory_failure
2026-10-01T11:21:00Z,database,memory_percent,56.13,memory_failure
2026-10-01T11:21:00Z,database,database_connections_percent,37.73,memory_failure
2026-10-01T11:22:00Z,api_gateway,api_latency_ms,68.56,memory_failure
2026-10-01T11:22:00Z,api_gateway,error_rate_percent,0.0,memory_failure
2026-10-01T11:22:00Z,api_gateway,request_count,269.18,memory_failure
2026-10-01T11:22:00Z,api_gateway,cpu_percent,29.57,memory_failure
2026-10-01T11:22:00Z,api_gateway,memory_percent,41.03,memory_failure
2026-10-01T11:22:00Z,api_gateway,database_connections_percent,0.27,memory_failure
2026-10-01T11:22:00Z,order_service,api_latency_ms,303.01,memory_failure
2026-10-01T11:22:00Z,order_service,error_rate_percent,41.95,memory_failure
2026-10-01T11:22:00Z,order_service,request_count,188.84,memory_failure
2026-10-01T11:22:00Z,order_service,cpu_percent,88.95,memory_failure
2026-10-01T11:22:00Z,order_service,memory_percent,89.17,memory_failure
2026-10-01T11:22:00Z,order_service,database_connections_percent,35.14,memory_failure
2026-10-01T11:22:00Z,payment_service,api_latency_ms,77.09,memory_failure
2026-10-01T11:22:00Z,payment_service,error_rate_percent,1.17,memory_failure
2026-10-01T11:22:00Z,payment_service,request_count,126.24,memory_failure
2026-10-01T11:22:00Z,payment_service,cpu_percent,30.82,memory_failure
2026-10-01T11:22:00Z,payment_service,memory_percent,44.8,memory_failure
2026-10-01T11:22:00Z,payment_service,database_connections_percent,39.23,memory_failure
2026-10-01T11:22:00Z,database,api_latency_ms,15.33,memory_failure
2026-10-01T11:22:00Z,database,error_rate_percent,0.17,memory_failure
2026-10-01T11:22:00Z,database,request_count,371.93,memory_failure
2026-10-01T11:22:00Z,database,cpu_percent,41.58,memory_failure
2026-10-01T11:22:00Z,database,memory_percent,62.91,memory_failure
2026-10-01T11:22:00Z,database,database_connections_percent,38.62,memory_failure
2026-10-01T11:23:00Z,api_gateway,api_latency_ms,60.48,memory_failure
2026-10-01T11:23:00Z,api_gateway,error_rate_percent,0.1,memory_failure
2026-10-01T11:23:00Z,api_gateway,request_count,263.25,memory_failure
2026-10-01T11:23:00Z,api_gateway,cpu_percent,27.93,memory_failure
2026-10-01T11:23:00Z,api_gateway,memory_percent,43.06,memory_failure
2026-10-01T11:23:00Z,api_gateway,database_connections_percent,0.0,memory_failure
2026-10-01T11:23:00Z,order_service,api_latency_ms,321.68,memory_failure
2026-10-01T11:23:00Z,order_service,error_rate_percent,43.94,memory_failure
2026-10-01T11:23:00Z,order_service,request_count,182.78,memory_failure
2026-10-01T11:23:00Z,order_service,cpu_percent,91.05,memory_failure
2026-10-01T11:23:00Z,order_service,memory_percent,88.34,memory_failure
2026-10-01T11:23:00Z,order_service,database_connections_percent,36.96,memory_failure
2026-10-01T11:23:00Z,payment_service,api_latency_ms,78.82,memory_failure
2026-10-01T11:23:00Z,payment_service,error_rate_percent,1.03,memory_failure
2026-10-01T11:23:00Z,payment_service,request_count,129.17,memory_failure
2026-10-01T11:23:00Z,payment_service,cpu_percent,31.87,memory_failure
2026-10-01T11:23:00Z,payment_service,memory_percent,45.58,memory_failure
2026-10-01T11:23:00Z,payment_service,database_connections_percent,35.83,memory_failure
2026-10-01T11:23:00Z,database,api_latency_ms,13.9,memory_failure
2026-10-01T11:23:00Z,database,error_rate_percent,0.0,memory_failure
2026-10-01T11:23:00Z,database,request_count,374.12,memory_failure
2026-10-01T11:23:00Z,database,cpu_percent,40.23,memory_failure
2026-10-01T11:23:00Z,database,memory_percent,61.17,memory_failure
2026-10-01T11:23:00Z,database,database_connections_percent,33.78,memory_failure
2026-10-01T11:24:00Z,api_gateway,api_latency_ms,61.11,memory_failure
2026-10-01T11:24:00Z,api_gateway,error_rate_percent,0.64,memory_failure
2026-10-01T11:24:00Z,api_gateway,request_count,253.58,memory_failure
2026-10-01T11:24:00Z,api_gateway,cpu_percent,27.79,memory_failure
2026-10-01T11:24:00Z,api_gateway,memory_percent,43.19,memory_failure
2026-10-01T11:24:00Z,api_gateway,database_connections_percent,0.82,memory_failure
2026-10-01T11:24:00Z,order_service,api_latency_ms,344.5,memory_failure
2026-10-01T11:24:00Z,order_service,error_rate_percent,46.7,memory_failure
2026-10-01T11:24:00Z,order_service,request_count,181.73,memory_failure
2026-10-01T11:24:00Z,order_service,cpu_percent,97.19,memory_failure
2026-10-01T11:24:00Z,order_service,memory_percent,86.09,memory_failure
2026-10-01T11:24:00Z,order_service,database_connections_percent,34.8,memory_failure
2026-10-01T11:24:00Z,payment_service,api_latency_ms,82.27,memory_failure
2026-10-01T11:24:00Z,payment_service,error_rate_percent,0.0,memory_failure
2026-10-01T11:24:00Z,payment_service,request_count,119.71,memory_failure
2026-10-01T11:24:00Z,payment_service,cpu_percent,33.14,memory_failure
2026-10-01T11:24:00Z,payment_service,memory_percent,55.47,memory_failure
2026-10-01T11:24:00Z,payment_service,database_connections_percent,41.62,memory_failure
2026-10-01T11:24:00Z,database,api_latency_ms,14.36,memory_failure
2026-10-01T11:24:00Z,database,error_rate_percent,0.0,memory_failure
2026-10-01T11:24:00Z,database,request_count,342.07,memory_failure
2026-10-01T11:24:00Z,database,cpu_percent,36.41,memory_failure
2026-10-01T11:24:00Z,database,memory_percent,59.01,memory_failure
2026-10-01T11:24:00Z,database,database_connections_percent,39.39,memory_failure
2026-10-01T11:25:00Z,api_gateway,api_latency_ms,60.86,memory_failure
2026-10-01T11:25:00Z,api_gateway,error_rate_percent,0.72,memory_failure
2026-10-01T11:25:00Z,api_gateway,request_count,256.1,memory_failure
2026-10-01T11:25:00Z,api_gateway,cpu_percent,26.97,memory_failure
2026-10-01T11:25:00Z,api_gateway,memory_percent,41.7,memory_failure
2026-10-01T11:25:00Z,api_gateway,database_connections_percent,0.8,memory_failure
2026-10-01T11:25:00Z,order_service,api_latency_ms,367.65,memory_failure
2026-10-01T11:25:00Z,order_service,error_rate_percent,49.34,memory_failure
2026-10-01T11:25:00Z,order_service,request_count,177.86,memory_failure
2026-10-01T11:25:00Z,order_service,cpu_percent,93.93,memory_failure
2026-10-01T11:25:00Z,order_service,memory_percent,90.27,memory_failure
2026-10-01T11:25:00Z,order_service,database_connections_percent,38.57,memory_failure
2026-10-01T11:25:00Z,payment_service,api_latency_ms,80.62,memory_failure
2026-10-01T11:25:00Z,payment_service,error_rate_percent,0.5,memory_failure
2026-10-01T11:25:00Z,payment_service,request_count,119.65,memory_failure
2026-10-01T11:25:00Z,payment_service,cpu_percent,30.82,memory_failure
2026-10-01T11:25:00Z,payment_service,memory_percent,47.55,memory_failure
2026-10-01T11:25:00Z,payment_service,database_connections_percent,36.8,memory_failure
2026-10-01T11:25:00Z,database,api_latency_ms,16.71,memory_failure
2026-10-01T11:25:00Z,database,error_rate_percent,0.0,memory_failure
2026-10-01T11:25:00Z,database,request_count,331.94,memory_failure
2026-10-01T11:25:00Z,database,cpu_percent,39.12,memory_failure
2026-10-01T11:25:00Z,database,memory_percent,63.86,memory_failure
2026-10-01T11:25:00Z,database,database_connections_percent,38.03,memory_failure
2026-10-01T11:26:00Z,api_gateway,api_latency_ms,60.98,memory_failure
2026-10-01T11:26:00Z,api_gateway,error_rate_percent,0.83,memory_failure
2026-10-01T11:26:00Z,api_gateway,request_count,259.14,memory_failure
2026-10-01T11:26:00Z,api_gateway,cpu_percent,28.75,memory_failure
2026-10-01T11:26:00Z,api_gateway,memory_percent,43.5,memory_failure
2026-10-01T11:26:00Z,api_gateway,database_connections_percent,1.2,memory_failure
2026-10-01T11:26:00Z,order_service,api_latency_ms,391.92,memory_failure
2026-10-01T11:26:00Z,order_service,error_rate_percent,51.66,memory_failure
2026-10-01T11:26:00Z,order_service,request_count,194.61,memory_failure
2026-10-01T11:26:00Z,order_service,cpu_percent,95.27,memory_failure
2026-10-01T11:26:00Z,order_service,memory_percent,94.6,memory_failure
2026-10-01T11:26:00Z,order_service,database_connections_percent,34.7,memory_failure
2026-10-01T11:26:00Z,payment_service,api_latency_ms,76.75,memory_failure
2026-10-01T11:26:00Z,payment_service,error_rate_percent,0.71,memory_failure
2026-10-01T11:26:00Z,payment_service,request_count,126.43,memory_failure
2026-10-01T11:26:00Z,payment_service,cpu_percent,28.68,memory_failure
2026-10-01T11:26:00Z,payment_service,memory_percent,47.95,memory_failure
2026-10-01T11:26:00Z,payment_service,database_connections_percent,42.24,memory_failure
2026-10-01T11:26:00Z,database,api_latency_ms,14.86,memory_failure
2026-10-01T11:26:00Z,database,error_rate_percent,0.41,memory_failure
2026-10-01T11:26:00Z,database,request_count,356.15,memory_failure
2026-10-01T11:26:00Z,database,cpu_percent,40.68,memory_failure
2026-10-01T11:26:00Z,database,memory_percent,59.19,memory_failure
2026-10-01T11:26:00Z,database,database_connections_percent,35.69,memory_failure
2026-10-01T11:27:00Z,api_gateway,api_latency_ms,61.36,memory_failure
2026-10-01T11:27:00Z,api_gateway,error_rate_percent,0.55,memory_failure
2026-10-01T11:27:00Z,api_gateway,request_count,250.24,memory_failure
2026-10-01T11:27:00Z,api_gateway,cpu_percent,27.81,memory_failure
2026-10-01T11:27:00Z,api_gateway,memory_percent,41.11,memory_failure
2026-10-01T11:27:00Z,api_gateway,database_connections_percent,0.0,memory_failure
2026-10-01T11:27:00Z,order_service,api_latency_ms,410.36,memory_failure
2026-10-01T11:27:00Z,order_service,error_rate_percent,54.5,memory_failure
2026-10-01T11:27:00Z,order_service,request_count,167.93,memory_failure
2026-10-01T11:27:00Z,order_service,cpu_percent,96.7,memory_failure
2026-10-01T11:27:00Z,order_service,memory_percent,95.3,memory_failure
2026-10-01T11:27:00Z,order_service,database_connections_percent,37.81,memory_failure
2026-10-01T11:27:00Z,payment_service,api_latency_ms,79.92,memory_failure
2026-10-01T11:27:00Z,payment_service,error_rate_percent,0.44,memory_failure
2026-10-01T11:27:00Z,payment_service,request_count,112.93,memory_failure
2026-10-01T11:27:00Z,payment_service,cpu_percent,31.65,memory_failure
2026-10-01T11:27:00Z,payment_service,memory_percent,49.46,memory_failure
2026-10-01T11:27:00Z,payment_service,database_connections_percent,36.89,memory_failure
2026-10-01T11:27:00Z,database,api_latency_ms,15.15,memory_failure
2026-10-01T11:27:00Z,database,error_rate_percent,0.1,memory_failure
2026-10-01T11:27:00Z,database,request_count,350.72,memory_failure
2026-10-01T11:27:00Z,database,cpu_percent,42.07,memory_failure
2026-10-01T11:27:00Z,database,memory_percent,61.0,memory_failure
2026-10-01T11:27:00Z,database,database_connections_percent,40.81,memory_failure
2026-10-01T11:28:00Z,api_gateway,api_latency_ms,61.77,memory_failure
2026-10-01T11:28:00Z,api_gateway,error_rate_percent,0.27,memory_failure
2026-10-01T11:28:00Z,api_gateway,request_count,251.06,memory_failure
2026-10-01T11:28:00Z,api_gateway,cpu_percent,26.5,memory_failure
2026-10-01T11:28:00Z,api_gateway,memory_percent,44.01,memory_failure
2026-10-01T11:28:00Z,api_gateway,database_connections_percent,1.16,memory_failure
2026-10-01T11:28:00Z,order_service,api_latency_ms,428.96,memory_failure
2026-10-01T11:28:00Z,order_service,error_rate_percent,57.59,memory_failure
2026-10-01T11:28:00Z,order_service,request_count,180.76,memory_failure
2026-10-01T11:28:00Z,order_service,cpu_percent,94.95,memory_failure
2026-10-01T11:28:00Z,order_service,memory_percent,92.5,memory_failure
2026-10-01T11:28:00Z,order_service,database_connections_percent,32.56,memory_failure
2026-10-01T11:28:00Z,payment_service,api_latency_ms,86.82,memory_failure
2026-10-01T11:28:00Z,payment_service,error_rate_percent,0.24,memory_failure
2026-10-01T11:28:00Z,payment_service,request_count,117.92,memory_failure
2026-10-01T11:28:00Z,payment_service,cpu_percent,33.42,memory_failure
2026-10-01T11:28:00Z,payment_service,memory_percent,45.31,memory_failure
2026-10-01T11:28:00Z,payment_service,database_connections_percent,38.47,memory_failure
2026-10-01T11:28:00Z,database,api_latency_ms,15.05,memory_failure
2026-10-01T11:28:00Z,database,error_rate_percent,0.56,memory_failure
2026-10-01T11:28:00Z,database,request_count,358.78,memory_failure
2026-10-01T11:28:00Z,database,cpu_percent,40.5,memory_failure
2026-10-01T11:28:00Z,database,memory_percent,60.23,memory_failure
2026-10-01T11:28:00Z,database,database_connections_percent,38.76,memory_failure
2026-10-01T11:29:00Z,api_gateway,api_latency_ms,65.66,memory_failure
2026-10-01T11:29:00Z,api_gateway,error_rate_percent,0.0,memory_failure
2026-10-01T11:29:00Z,api_gateway,request_count,250.58,memory_failure
2026-10-01T11:29:00Z,api_gateway,cpu_percent,26.5,memory_failure
2026-10-01T11:29:00Z,api_gateway,memory_percent,42.17,memory_failure
2026-10-01T11:29:00Z,api_gateway,database_connections_percent,0.0,memory_failure
2026-10-01T11:29:00Z,order_service,api_latency_ms,455.71,memory_failure
2026-10-01T11:29:00Z,order_service,error_rate_percent,59.98,memory_failure
2026-10-01T11:29:00Z,order_service,request_count,167.36,memory_failure
2026-10-01T11:29:00Z,order_service,cpu_percent,96.77,memory_failure
2026-10-01T11:29:00Z,order_service,memory_percent,100.0,memory_failure
2026-10-01T11:29:00Z,order_service,database_connections_percent,33.97,memory_failure
2026-10-01T11:29:00Z,payment_service,api_latency_ms,73.67,memory_failure
2026-10-01T11:29:00Z,payment_service,error_rate_percent,0.71,memory_failure
2026-10-01T11:29:00Z,payment_service,request_count,111.72,memory_failure
2026-10-01T11:29:00Z,payment_service,cpu_percent,31.3,memory_failure
2026-10-01T11:29:00Z,payment_service,memory_percent,47.38,memory_failure
2026-10-01T11:29:00Z,payment_service,database_connections_percent,39.86,memory_failure
2026-10-01T11:29:00Z,database,api_latency_ms,15.52,memory_failure
2026-10-01T11:29:00Z,database,error_rate_percent,0.0,memory_failure
2026-10-01T11:29:00Z,database,request_count,345.21,memory_failure
2026-10-01T11:29:00Z,database,cpu_percent,39.97,memory_failure
2026-10-01T11:29:00Z,database,memory_percent,60.45,memory_failure
2026-10-01T11:29:00Z,database,database_connections_percent,38.19,memory_failure
2026-10-01T11:30:00Z,api_gateway,api_latency_ms,66.42,normal
2026-10-01T11:30:00Z,api_gateway,error_rate_percent,0.62,normal
2026-10-01T11:30:00Z,api_gateway,request_count,254.91,normal
2026-10-01T11:30:00Z,api_gateway,cpu_percent,28.64,normal
2026-10-01T11:30:00Z,api_gateway,memory_percent,38.68,normal
2026-10-01T11:30:00Z,api_gateway,database_connections_percent,0.03,normal
2026-10-01T11:30:00Z,order_service,api_latency_ms,46.08,normal
2026-10-01T11:30:00Z,order_service,error_rate_percent,0.46,normal
2026-10-01T11:30:00Z,order_service,request_count,173.77,normal
2026-10-01T11:30:00Z,order_service,cpu_percent,33.85,normal
2026-10-01T11:30:00Z,order_service,memory_percent,48.56,normal
2026-10-01T11:30:00Z,order_service,database_connections_percent,35.94,normal
2026-10-01T11:30:00Z,payment_service,api_latency_ms,84.14,normal
2026-10-01T11:30:00Z,payment_service,error_rate_percent,0.1,normal
2026-10-01T11:30:00Z,payment_service,request_count,125.45,normal
2026-10-01T11:30:00Z,payment_service,cpu_percent,32.2,normal
2026-10-01T11:30:00Z,payment_service,memory_percent,47.7,normal
2026-10-01T11:30:00Z,payment_service,database_connections_percent,39.58,normal
2026-10-01T11:30:00Z,database,api_latency_ms,15.56,normal
2026-10-01T11:30:00Z,database,error_rate_percent,0.21,normal
2026-10-01T11:30:00Z,database,request_count,389.83,normal
2026-10-01T11:30:00Z,database,cpu_percent,38.3,normal
2026-10-01T11:30:00Z,database,memory_percent,61.55,normal
2026-10-01T11:30:00Z,database,database_connections_percent,36.99,normal
2026-10-01T11:31:00Z,api_gateway,api_latency_ms,62.17,normal
2026-10-01T11:31:00Z,api_gateway,error_rate_percent,0.19,normal
2026-10-01T11:31:00Z,api_gateway,request_count,251.72,normal
2026-10-01T11:31:00Z,api_gateway,cpu_percent,32.09,normal
2026-10-01T11:31:00Z,api_gateway,memory_percent,41.61,normal
2026-10-01T11:31:00Z,api_gateway,database_connections_percent,0.0,normal
2026-10-01T11:31:00Z,order_service,api_latency_ms,45.61,normal
2026-10-01T11:31:00Z,order_service,error_rate_percent,0.0,normal
2026-10-01T11:31:00Z,order_service,request_count,179.17,normal
2026-10-01T11:31:00Z,order_service,cpu_percent,35.03,normal
2026-10-01T11:31:00Z,order_service,memory_percent,51.99,normal
2026-10-01T11:31:00Z,order_service,database_connections_percent,36.7,normal
2026-10-01T11:31:00Z,payment_service,api_latency_ms,77.99,normal
2026-10-01T11:31:00Z,payment_service,error_rate_percent,0.22,normal
2026-10-01T11:31:00Z,payment_service,request_count,115.4,normal
2026-10-01T11:31:00Z,payment_service,cpu_percent,30.2,normal
2026-10-01T11:31:00Z,payment_service,memory_percent,48.74,normal
2026-10-01T11:31:00Z,payment_service,database_connections_percent,37.45,normal
2026-10-01T11:31:00Z,database,api_latency_ms,14.69,normal
2026-10-01T11:31:00Z,database,error_rate_percent,0.0,normal
2026-10-01T11:31:00Z,database,request_count,359.62,normal
2026-10-01T11:31:00Z,database,cpu_percent,43.6,normal
2026-10-01T11:31:00Z,database,memory_percent,56.1,normal
2026-10-01T11:31:00Z,database,database_connections_percent,34.48,normal
2026-10-01T11:32:00Z,api_gateway,api_latency_ms,64.59,normal
2026-10-01T11:32:00Z,api_gateway,error_rate_percent,0.21,normal
2026-10-01T11:32:00Z,api_gateway,request_count,252.73,normal
2026-10-01T11:32:00Z,api_gateway,cpu_percent,27.38,normal
2026-10-01T11:32:00Z,api_gateway,memory_percent,41.58,normal
2026-10-01T11:32:00Z,api_gateway,database_connections_percent,0.18,normal
2026-10-01T11:32:00Z,order_service,api_latency_ms,47.34,normal
2026-10-01T11:32:00Z,order_service,error_rate_percent,0.0,normal
2026-10-01T11:32:00Z,order_service,request_count,176.68,normal
2026-10-01T11:32:00Z,order_service,cpu_percent,35.37,normal
2026-10-01T11:32:00Z,order_service,memory_percent,47.71,normal
2026-10-01T11:32:00Z,order_service,database_connections_percent,38.03,normal
2026-10-01T11:32:00Z,payment_service,api_latency_ms,77.46,normal
2026-10-01T11:32:00Z,payment_service,error_rate_percent,0.28,normal
2026-10-01T11:32:00Z,payment_service,request_count,123.34,normal
2026-10-01T11:32:00Z,payment_service,cpu_percent,31.05,normal
2026-10-01T11:32:00Z,payment_service,memory_percent,43.57,normal
2026-10-01T11:32:00Z,payment_service,database_connections_percent,39.14,normal
2026-10-01T11:32:00Z,database,api_latency_ms,15.77,normal
2026-10-01T11:32:00Z,database,error_rate_percent,0.0,normal
2026-10-01T11:32:00Z,database,request_count,335.19,normal
2026-10-01T11:32:00Z,database,cpu_percent,41.85,normal
2026-10-01T11:32:00Z,database,memory_percent,59.01,normal
2026-10-01T11:32:00Z,database,database_connections_percent,37.03,normal
2026-10-01T11:33:00Z,api_gateway,api_latency_ms,65.49,normal
2026-10-01T11:33:00Z,api_gateway,error_rate_percent,0.59,normal
2026-10-01T11:33:00Z,api_gateway,request_count,279.77,normal
2026-10-01T11:33:00Z,api_gateway,cpu_percent,29.16,normal
2026-10-01T11:33:00Z,api_gateway,memory_percent,44.44,normal
2026-10-01T11:33:00Z,api_gateway,database_connections_percent,0.0,normal
2026-10-01T11:33:00Z,order_service,api_latency_ms,42.69,normal
2026-10-01T11:33:00Z,order_service,error_rate_percent,0.13,normal
2026-10-01T11:33:00Z,order_service,request_count,180.96,normal
2026-10-01T11:33:00Z,order_service,cpu_percent,33.11,normal
2026-10-01T11:33:00Z,order_service,memory_percent,49.56,normal
2026-10-01T11:33:00Z,order_service,database_connections_percent,35.7,normal
2026-10-01T11:33:00Z,payment_service,api_latency_ms,81.44,normal
2026-10-01T11:33:00Z,payment_service,error_rate_percent,0.55,normal
2026-10-01T11:33:00Z,payment_service,request_count,121.75,normal
2026-10-01T11:33:00Z,payment_service,cpu_percent,31.19,normal
2026-10-01T11:33:00Z,payment_service,memory_percent,46.77,normal
2026-10-01T11:33:00Z,payment_service,database_connections_percent,37.6,normal
2026-10-01T11:33:00Z,database,api_latency_ms,16.34,normal
2026-10-01T11:33:00Z,database,error_rate_percent,0.06,normal
2026-10-01T11:33:00Z,database,request_count,346.07,normal
2026-10-01T11:33:00Z,database,cpu_percent,38.14,normal
2026-10-01T11:33:00Z,database,memory_percent,68.81,normal
2026-10-01T11:33:00Z,database,database_connections_percent,35.96,normal
2026-10-01T11:34:00Z,api_gateway,api_latency_ms,63.61,normal
2026-10-01T11:34:00Z,api_gateway,error_rate_percent,0.41,normal
2026-10-01T11:34:00Z,api_gateway,request_count,257.5,normal
2026-10-01T11:34:00Z,api_gateway,cpu_percent,29.34,normal
2026-10-01T11:34:00Z,api_gateway,memory_percent,45.8,normal
2026-10-01T11:34:00Z,api_gateway,database_connections_percent,0.25,normal
2026-10-01T11:34:00Z,order_service,api_latency_ms,42.62,normal
2026-10-01T11:34:00Z,order_service,error_rate_percent,0.0,normal
2026-10-01T11:34:00Z,order_service,request_count,182.77,normal
2026-10-01T11:34:00Z,order_service,cpu_percent,38.62,normal
2026-10-01T11:34:00Z,order_service,memory_percent,46.51,normal
2026-10-01T11:34:00Z,order_service,database_connections_percent,37.1,normal
2026-10-01T11:34:00Z,payment_service,api_latency_ms,80.72,normal
2026-10-01T11:34:00Z,payment_service,error_rate_percent,0.72,normal
2026-10-01T11:34:00Z,payment_service,request_count,119.39,normal
2026-10-01T11:34:00Z,payment_service,cpu_percent,30.65,normal
2026-10-01T11:34:00Z,payment_service,memory_percent,49.8,normal
2026-10-01T11:34:00Z,payment_service,database_connections_percent,41.31,normal
2026-10-01T11:34:00Z,database,api_latency_ms,15.73,normal
2026-10-01T11:34:00Z,database,error_rate_percent,0.04,normal
2026-10-01T11:34:00Z,database,request_count,339.5,normal
2026-10-01T11:34:00Z,database,cpu_percent,36.88,normal
2026-10-01T11:34:00Z,database,memory_percent,62.46,normal
2026-10-01T11:34:00Z,database,database_connections_percent,38.81,normal
2026-10-01T11:35:00Z,api_gateway,api_latency_ms,61.86,normal
2026-10-01T11:35:00Z,api_gateway,error_rate_percent,0.0,normal
2026-10-01T11:35:00Z,api_gateway,request_count,244.17,normal
2026-10-01T11:35:00Z,api_gateway,cpu_percent,25.92,normal
2026-10-01T11:35:00Z,api_gateway,memory_percent,40.28,normal
2026-10-01T11:35:00Z,api_gateway,database_connections_percent,0.0,normal
2026-10-01T11:35:00Z,order_service,api_latency_ms,44.07,normal
2026-10-01T11:35:00Z,order_service,error_rate_percent,0.0,normal
2026-10-01T11:35:00Z,order_service,request_count,165.36,normal
2026-10-01T11:35:00Z,order_service,cpu_percent,38.54,normal
2026-10-01T11:35:00Z,order_service,memory_percent,53.13,normal
2026-10-01T11:35:00Z,order_service,database_connections_percent,33.64,normal
2026-10-01T11:35:00Z,payment_service,api_latency_ms,81.09,normal
2026-10-01T11:35:00Z,payment_service,error_rate_percent,0.51,normal
2026-10-01T11:35:00Z,payment_service,request_count,127.15,normal
2026-10-01T11:35:00Z,payment_service,cpu_percent,30.69,normal
2026-10-01T11:35:00Z,payment_service,memory_percent,50.62,normal
2026-10-01T11:35:00Z,payment_service,database_connections_percent,38.9,normal
2026-10-01T11:35:00Z,database,api_latency_ms,14.0,normal
2026-10-01T11:35:00Z,database,error_rate_percent,0.41,normal
2026-10-01T11:35:00Z,database,request_count,372.59,normal
2026-10-01T11:35:00Z,database,cpu_percent,45.18,normal
2026-10-01T11:35:00Z,database,memory_percent,56.4,normal
2026-10-01T11:35:00Z,database,database_connections_percent,39.33,normal
2026-10-01T11:36:00Z,api_gateway,api_latency_ms,63.67,normal
2026-10-01T11:36:00Z,api_gateway,error_rate_percent,0.59,normal
2026-10-01T11:36:00Z,api_gateway,request_count,231.62,normal
2026-10-01T11:36:00Z,api_gateway,cpu_percent,26.23,normal
2026-10-01T11:36:00Z,api_gateway,memory_percent,40.37,normal
2026-10-01T11:36:00Z,api_gateway,database_connections_percent,0.04,normal
2026-10-01T11:36:00Z,order_service,api_latency_ms,43.56,normal
2026-10-01T11:36:00Z,order_service,error_rate_percent,0.43,normal
2026-10-01T11:36:00Z,order_service,request_count,189.24,normal
2026-10-01T11:36:00Z,order_service,cpu_percent,36.05,normal
2026-10-01T11:36:00Z,order_service,memory_percent,54.05,normal
2026-10-01T11:36:00Z,order_service,database_connections_percent,35.73,normal
2026-10-01T11:36:00Z,payment_service,api_latency_ms,75.13,normal
2026-10-01T11:36:00Z,payment_service,error_rate_percent,0.98,normal
2026-10-01T11:36:00Z,payment_service,request_count,116.37,normal
2026-10-01T11:36:00Z,payment_service,cpu_percent,33.46,normal
2026-10-01T11:36:00Z,payment_service,memory_percent,51.78,normal
2026-10-01T11:36:00Z,payment_service,database_connections_percent,40.91,normal
2026-10-01T11:36:00Z,database,api_latency_ms,13.88,normal
2026-10-01T11:36:00Z,database,error_rate_percent,0.0,normal
2026-10-01T11:36:00Z,database,request_count,373.15,normal
2026-10-01T11:36:00Z,database,cpu_percent,39.66,normal
2026-10-01T11:36:00Z,database,memory_percent,60.24,normal
2026-10-01T11:36:00Z,database,database_connections_percent,39.44,normal
2026-10-01T11:37:00Z,api_gateway,api_latency_ms,67.26,normal
2026-10-01T11:37:00Z,api_gateway,error_rate_percent,0.34,normal
2026-10-01T11:37:00Z,api_gateway,request_count,247.39,normal
2026-10-01T11:37:00Z,api_gateway,cpu_percent,27.56,normal
2026-10-01T11:37:00Z,api_gateway,memory_percent,43.8,normal
2026-10-01T11:37:00Z,api_gateway,database_connections_percent,0.28,normal
2026-10-01T11:37:00Z,order_service,api_latency_ms,44.42,normal
2026-10-01T11:37:00Z,order_service,error_rate_percent,0.64,normal
2026-10-01T11:37:00Z,order_service,request_count,178.84,normal
2026-10-01T11:37:00Z,order_service,cpu_percent,33.51,normal
2026-10-01T11:37:00Z,order_service,memory_percent,48.1,normal
2026-10-01T11:37:00Z,order_service,database_connections_percent,33.29,normal
2026-10-01T11:37:00Z,payment_service,api_latency_ms,78.91,normal
2026-10-01T11:37:00Z,payment_service,error_rate_percent,0.92,normal
2026-10-01T11:37:00Z,payment_service,request_count,115.17,normal
2026-10-01T11:37:00Z,payment_service,cpu_percent,32.3,normal
2026-10-01T11:37:00Z,payment_service,memory_percent,46.42,normal
2026-10-01T11:37:00Z,payment_service,database_connections_percent,39.48,normal
2026-10-01T11:37:00Z,database,api_latency_ms,13.87,normal
2026-10-01T11:37:00Z,database,error_rate_percent,0.0,normal
2026-10-01T11:37:00Z,database,request_count,346.61,normal
2026-10-01T11:37:00Z,database,cpu_percent,41.08,normal
2026-10-01T11:37:00Z,database,memory_percent,60.67,normal
2026-10-01T11:37:00Z,database,database_connections_percent,35.72,normal
2026-10-01T11:38:00Z,api_gateway,api_latency_ms,68.52,normal
2026-10-01T11:38:00Z,api_gateway,error_rate_percent,0.31,normal
2026-10-01T11:38:00Z,api_gateway,request_count,252.48,normal
2026-10-01T11:38:00Z,api_gateway,cpu_percent,27.99,normal
2026-10-01T11:38:00Z,api_gateway,memory_percent,40.91,normal
2026-10-01T11:38:00Z,api_gateway,database_connections_percent,0.11,normal
2026-10-01T11:38:00Z,order_service,api_latency_ms,46.07,normal
2026-10-01T11:38:00Z,order_service,error_rate_percent,0.0,normal
2026-10-01T11:38:00Z,order_service,request_count,175.15,normal
2026-10-01T11:38:00Z,order_service,cpu_percent,34.55,normal
2026-10-01T11:38:00Z,order_service,memory_percent,50.64,normal
2026-10-01T11:38:00Z,order_service,database_connections_percent,37.09,normal
2026-10-01T11:38:00Z,payment_service,api_latency_ms,76.91,normal
2026-10-01T11:38:00Z,payment_service,error_rate_percent,0.05,normal
2026-10-01T11:38:00Z,payment_service,request_count,116.92,normal
2026-10-01T11:38:00Z,payment_service,cpu_percent,30.72,normal
2026-10-01T11:38:00Z,payment_service,memory_percent,47.17,normal
2026-10-01T11:38:00Z,payment_service,database_connections_percent,41.54,normal
2026-10-01T11:38:00Z,database,api_latency_ms,14.21,normal
2026-10-01T11:38:00Z,database,error_rate_percent,0.26,normal
2026-10-01T11:38:00Z,database,request_count,320.22,normal
2026-10-01T11:38:00Z,database,cpu_percent,38.88,normal
2026-10-01T11:38:00Z,database,memory_percent,59.01,normal
2026-10-01T11:38:00Z,database,database_connections_percent,41.18,normal
2026-10-01T11:39:00Z,api_gateway,api_latency_ms,64.11,normal
2026-10-01T11:39:00Z,api_gateway,error_rate_percent,0.0,normal
2026-10-01T11:39:00Z,api_gateway,request_count,225.01,normal
2026-10-01T11:39:00Z,api_gateway,cpu_percent,28.05,normal
2026-10-01T11:39:00Z,api_gateway,memory_percent,43.29,normal
2026-10-01T11:39:00Z,api_gateway,database_connections_percent,0.19,normal
2026-10-01T11:39:00Z,order_service,api_latency_ms,45.38,normal
2026-10-01T11:39:00Z,order_service,error_rate_percent,0.68,normal
2026-10-01T11:39:00Z,order_service,request_count,175.14,normal
2026-10-01T11:39:00Z,order_service,cpu_percent,36.57,normal
2026-10-01T11:39:00Z,order_service,memory_percent,45.92,normal
2026-10-01T11:39:00Z,order_service,database_connections_percent,33.42,normal
2026-10-01T11:39:00Z,payment_service,api_latency_ms,72.77,normal
2026-10-01T11:39:00Z,payment_service,error_rate_percent,0.16,normal
2026-10-01T11:39:00Z,payment_service,request_count,119.72,normal
2026-10-01T11:39:00Z,payment_service,cpu_percent,32.18,normal
2026-10-01T11:39:00Z,payment_service,memory_percent,48.15,normal
2026-10-01T11:39:00Z,payment_service,database_connections_percent,38.14,normal
2026-10-01T11:39:00Z,database,api_latency_ms,14.86,normal
2026-10-01T11:39:00Z,database,error_rate_percent,0.0,normal
2026-10-01T11:39:00Z,database,request_count,373.86,normal
2026-10-01T11:39:00Z,database,cpu_percent,39.39,normal
2026-10-01T11:39:00Z,database,memory_percent,58.53,normal
2026-10-01T11:39:00Z,database,database_connections_percent,41.02,normal
2026-10-01T11:40:00Z,api_gateway,api_latency_ms,60.96,unknown
2026-10-01T11:40:00Z,api_gateway,error_rate_percent,0.0,unknown
2026-10-01T11:40:00Z,api_gateway,request_count,249.15,unknown
2026-10-01T11:40:00Z,api_gateway,cpu_percent,61.36,unknown
2026-10-01T11:40:00Z,api_gateway,memory_percent,47.4,unknown
2026-10-01T11:40:00Z,api_gateway,database_connections_percent,0.0,unknown
2026-10-01T11:40:00Z,order_service,api_latency_ms,46.37,unknown
2026-10-01T11:40:00Z,order_service,error_rate_percent,0.0,unknown
2026-10-01T11:40:00Z,order_service,request_count,174.42,unknown
2026-10-01T11:40:00Z,order_service,cpu_percent,90.89,unknown
2026-10-01T11:40:00Z,order_service,memory_percent,52.11,unknown
2026-10-01T11:40:00Z,order_service,database_connections_percent,35.04,unknown
2026-10-01T11:40:00Z,payment_service,api_latency_ms,85.4,unknown
2026-10-01T11:40:00Z,payment_service,error_rate_percent,0.0,unknown
2026-10-01T11:40:00Z,payment_service,request_count,106.93,unknown
2026-10-01T11:40:00Z,payment_service,cpu_percent,59.07,unknown
2026-10-01T11:40:00Z,payment_service,memory_percent,48.25,unknown
2026-10-01T11:40:00Z,payment_service,database_connections_percent,40.3,unknown
2026-10-01T11:40:00Z,database,api_latency_ms,13.94,unknown
2026-10-01T11:40:00Z,database,error_rate_percent,0.5,unknown
2026-10-01T11:40:00Z,database,request_count,362.83,unknown
2026-10-01T11:40:00Z,database,cpu_percent,74.44,unknown
2026-10-01T11:40:00Z,database,memory_percent,56.44,unknown
2026-10-01T11:40:00Z,database,database_connections_percent,37.25,unknown
2026-10-01T11:41:00Z,api_gateway,api_latency_ms,66.74,unknown
2026-10-01T11:41:00Z,api_gateway,error_rate_percent,0.32,unknown
2026-10-01T11:41:00Z,api_gateway,request_count,250.08,unknown
2026-10-01T11:41:00Z,api_gateway,cpu_percent,64.36,unknown
2026-10-01T11:41:00Z,api_gateway,memory_percent,41.57,unknown
2026-10-01T11:41:00Z,api_gateway,database_connections_percent,0.56,unknown
2026-10-01T11:41:00Z,order_service,api_latency_ms,43.82,unknown
2026-10-01T11:41:00Z,order_service,error_rate_percent,0.0,unknown
2026-10-01T11:41:00Z,order_service,request_count,187.89,unknown
2026-10-01T11:41:00Z,order_service,cpu_percent,73.04,unknown
2026-10-01T11:41:00Z,order_service,memory_percent,49.04,unknown
2026-10-01T11:41:00Z,order_service,database_connections_percent,31.54,unknown
2026-10-01T11:41:00Z,payment_service,api_latency_ms,77.72,unknown
2026-10-01T11:41:00Z,payment_service,error_rate_percent,0.0,unknown
2026-10-01T11:41:00Z,payment_service,request_count,112.86,unknown
2026-10-01T11:41:00Z,payment_service,cpu_percent,57.62,unknown
2026-10-01T11:41:00Z,payment_service,memory_percent,47.57,unknown
2026-10-01T11:41:00Z,payment_service,database_connections_percent,41.31,unknown
2026-10-01T11:41:00Z,database,api_latency_ms,15.72,unknown
2026-10-01T11:41:00Z,database,error_rate_percent,0.06,unknown
2026-10-01T11:41:00Z,database,request_count,318.96,unknown
2026-10-01T11:41:00Z,database,cpu_percent,58.28,unknown
2026-10-01T11:41:00Z,database,memory_percent,60.32,unknown
2026-10-01T11:41:00Z,database,database_connections_percent,37.34,unknown
2026-10-01T11:42:00Z,api_gateway,api_latency_ms,67.24,unknown
2026-10-01T11:42:00Z,api_gateway,error_rate_percent,0.05,unknown
2026-10-01T11:42:00Z,api_gateway,request_count,264.8,unknown
2026-10-01T11:42:00Z,api_gateway,cpu_percent,50.04,unknown
2026-10-01T11:42:00Z,api_gateway,memory_percent,40.74,unknown
2026-10-01T11:42:00Z,api_gateway,database_connections_percent,0.0,unknown
2026-10-01T11:42:00Z,order_service,api_latency_ms,43.09,unknown
2026-10-01T11:42:00Z,order_service,error_rate_percent,0.0,unknown
2026-10-01T11:42:00Z,order_service,request_count,178.0,unknown
2026-10-01T11:42:00Z,order_service,cpu_percent,91.58,unknown
2026-10-01T11:42:00Z,order_service,memory_percent,50.8,unknown
2026-10-01T11:42:00Z,order_service,database_connections_percent,32.54,unknown
2026-10-01T11:42:00Z,payment_service,api_latency_ms,78.23,unknown
2026-10-01T11:42:00Z,payment_service,error_rate_percent,0.85,unknown
2026-10-01T11:42:00Z,payment_service,request_count,113.35,unknown
2026-10-01T11:42:00Z,payment_service,cpu_percent,81.55,unknown
2026-10-01T11:42:00Z,payment_service,memory_percent,46.49,unknown
2026-10-01T11:42:00Z,payment_service,database_connections_percent,39.44,unknown
2026-10-01T11:42:00Z,database,api_latency_ms,14.22,unknown
2026-10-01T11:42:00Z,database,error_rate_percent,0.0,unknown
2026-10-01T11:42:00Z,database,request_count,361.54,unknown
2026-10-01T11:42:00Z,database,cpu_percent,59.22,unknown
2026-10-01T11:42:00Z,database,memory_percent,54.1,unknown
2026-10-01T11:42:00Z,database,database_connections_percent,37.96,unknown
2026-10-01T11:43:00Z,api_gateway,api_latency_ms,65.95,unknown
2026-10-01T11:43:00Z,api_gateway,error_rate_percent,0.45,unknown
2026-10-01T11:43:00Z,api_gateway,request_count,251.56,unknown
2026-10-01T11:43:00Z,api_gateway,cpu_percent,57.87,unknown
2026-10-01T11:43:00Z,api_gateway,memory_percent,41.22,unknown
2026-10-01T11:43:00Z,api_gateway,database_connections_percent,0.0,unknown
2026-10-01T11:43:00Z,order_service,api_latency_ms,44.62,unknown
2026-10-01T11:43:00Z,order_service,error_rate_percent,0.99,unknown
2026-10-01T11:43:00Z,order_service,request_count,179.82,unknown
2026-10-01T11:43:00Z,order_service,cpu_percent,81.39,unknown
2026-10-01T11:43:00Z,order_service,memory_percent,54.9,unknown
2026-10-01T11:43:00Z,order_service,database_connections_percent,35.79,unknown
2026-10-01T11:43:00Z,payment_service,api_latency_ms,80.33,unknown
2026-10-01T11:43:00Z,payment_service,error_rate_percent,0.2,unknown
2026-10-01T11:43:00Z,payment_service,request_count,124.47,unknown
2026-10-01T11:43:00Z,payment_service,cpu_percent,64.67,unknown
2026-10-01T11:43:00Z,payment_service,memory_percent,46.29,unknown
2026-10-01T11:43:00Z,payment_service,database_connections_percent,39.23,unknown
2026-10-01T11:43:00Z,database,api_latency_ms,14.69,unknown
2026-10-01T11:43:00Z,database,error_rate_percent,0.59,unknown
2026-10-01T11:43:00Z,database,request_count,386.45,unknown
2026-10-01T11:43:00Z,database,cpu_percent,47.35,unknown
2026-10-01T11:43:00Z,database,memory_percent,59.61,unknown
2026-10-01T11:43:00Z,database,database_connections_percent,36.76,unknown
2026-10-01T11:44:00Z,api_gateway,api_latency_ms,57.87,unknown
2026-10-01T11:44:00Z,api_gateway,error_rate_percent,1.23,unknown
2026-10-01T11:44:00Z,api_gateway,request_count,256.67,unknown
2026-10-01T11:44:00Z,api_gateway,cpu_percent,31.28,unknown
2026-10-01T11:44:00Z,api_gateway,memory_percent,40.98,unknown
2026-10-01T11:44:00Z,api_gateway,database_connections_percent,0.42,unknown
2026-10-01T11:44:00Z,order_service,api_latency_ms,42.63,unknown
2026-10-01T11:44:00Z,order_service,error_rate_percent,0.0,unknown
2026-10-01T11:44:00Z,order_service,request_count,178.72,unknown
2026-10-01T11:44:00Z,order_service,cpu_percent,75.99,unknown
2026-10-01T11:44:00Z,order_service,memory_percent,51.59,unknown
2026-10-01T11:44:00Z,order_service,database_connections_percent,35.45,unknown
2026-10-01T11:44:00Z,payment_service,api_latency_ms,84.78,unknown
2026-10-01T11:44:00Z,payment_service,error_rate_percent,0.0,unknown
2026-10-01T11:44:00Z,payment_service,request_count,123.76,unknown
2026-10-01T11:44:00Z,payment_service,cpu_percent,31.57,unknown
2026-10-01T11:44:00Z,payment_service,memory_percent,46.21,unknown
2026-10-01T11:44:00Z,payment_service,database_connections_percent,38.68,unknown
2026-10-01T11:44:00Z,database,api_latency_ms,15.57,unknown
2026-10-01T11:44:00Z,database,error_rate_percent,0.0,unknown
2026-10-01T11:44:00Z,database,request_count,339.3,unknown
2026-10-01T11:44:00Z,database,cpu_percent,74.5,unknown
2026-10-01T11:44:00Z,database,memory_percent,59.46,unknown
2026-10-01T11:44:00Z,database,database_connections_percent,37.79,unknown
2026-10-01T11:45:00Z,api_gateway,api_latency_ms,69.2,unknown
2026-10-01T11:45:00Z,api_gateway,error_rate_percent,0.12,unknown
2026-10-01T11:45:00Z,api_gateway,request_count,252.63,unknown
2026-10-01T11:45:00Z,api_gateway,cpu_percent,85.19,unknown
2026-10-01T11:45:00Z,api_gateway,memory_percent,39.78,unknown
2026-10-01T11:45:00Z,api_gateway,database_connections_percent,0.0,unknown
2026-10-01T11:45:00Z,order_service,api_latency_ms,42.23,unknown
2026-10-01T11:45:00Z,order_service,error_rate_percent,0.74,unknown
2026-10-01T11:45:00Z,order_service,request_count,195.03,unknown
2026-10-01T11:45:00Z,order_service,cpu_percent,61.68,unknown
2026-10-01T11:45:00Z,order_service,memory_percent,49.09,unknown
2026-10-01T11:45:00Z,order_service,database_connections_percent,32.08,unknown
2026-10-01T11:45:00Z,payment_service,api_latency_ms,88.14,unknown
2026-10-01T11:45:00Z,payment_service,error_rate_percent,0.7,unknown
2026-10-01T11:45:00Z,payment_service,request_count,127.97,unknown
2026-10-01T11:45:00Z,payment_service,cpu_percent,62.55,unknown
2026-10-01T11:45:00Z,payment_service,memory_percent,47.59,unknown
2026-10-01T11:45:00Z,payment_service,database_connections_percent,41.28,unknown
2026-10-01T11:45:00Z,database,api_latency_ms,14.95,unknown
2026-10-01T11:45:00Z,database,error_rate_percent,0.0,unknown
2026-10-01T11:45:00Z,database,request_count,368.36,unknown
2026-10-01T11:45:00Z,database,cpu_percent,87.44,unknown
2026-10-01T11:45:00Z,database,memory_percent,56.86,unknown
2026-10-01T11:45:00Z,database,database_connections_percent,37.95,unknown
2026-10-01T11:46:00Z,api_gateway,api_latency_ms,62.97,unknown
2026-10-01T11:46:00Z,api_gateway,error_rate_percent,0.74,unknown
2026-10-01T11:46:00Z,api_gateway,request_count,258.63,unknown
2026-10-01T11:46:00Z,api_gateway,cpu_percent,61.61,unknown
2026-10-01T11:46:00Z,api_gateway,memory_percent,42.57,unknown
2026-10-01T11:46:00Z,api_gateway,database_connections_percent,0.0,unknown
2026-10-01T11:46:00Z,order_service,api_latency_ms,44.99,unknown
2026-10-01T11:46:00Z,order_service,error_rate_percent,0.0,unknown
2026-10-01T11:46:00Z,order_service,request_count,176.63,unknown
2026-10-01T11:46:00Z,order_service,cpu_percent,27.03,unknown
2026-10-01T11:46:00Z,order_service,memory_percent,48.33,unknown
2026-10-01T11:46:00Z,order_service,database_connections_percent,35.34,unknown
2026-10-01T11:46:00Z,payment_service,api_latency_ms,74.61,unknown
2026-10-01T11:46:00Z,payment_service,error_rate_percent,0.83,unknown
2026-10-01T11:46:00Z,payment_service,request_count,126.14,unknown
2026-10-01T11:46:00Z,payment_service,cpu_percent,66.49,unknown
2026-10-01T11:46:00Z,payment_service,memory_percent,50.8,unknown
2026-10-01T11:46:00Z,payment_service,database_connections_percent,38.55,unknown
2026-10-01T11:46:00Z,database,api_latency_ms,14.52,unknown
2026-10-01T11:46:00Z,database,error_rate_percent,0.0,unknown
2026-10-01T11:46:00Z,database,request_count,376.96,unknown
2026-10-01T11:46:00Z,database,cpu_percent,65.81,unknown
2026-10-01T11:46:00Z,database,memory_percent,57.74,unknown
2026-10-01T11:46:00Z,database,database_connections_percent,38.73,unknown
2026-10-01T11:47:00Z,api_gateway,api_latency_ms,68.66,unknown
2026-10-01T11:47:00Z,api_gateway,error_rate_percent,0.0,unknown
2026-10-01T11:47:00Z,api_gateway,request_count,246.54,unknown
2026-10-01T11:47:00Z,api_gateway,cpu_percent,56.98,unknown
2026-10-01T11:47:00Z,api_gateway,memory_percent,41.6,unknown
2026-10-01T11:47:00Z,api_gateway,database_connections_percent,0.0,unknown
2026-10-01T11:47:00Z,order_service,api_latency_ms,44.52,unknown
2026-10-01T11:47:00Z,order_service,error_rate_percent,0.69,unknown
2026-10-01T11:47:00Z,order_service,request_count,181.99,unknown
2026-10-01T11:47:00Z,order_service,cpu_percent,54.15,unknown
2026-10-01T11:47:00Z,order_service,memory_percent,52.25,unknown
2026-10-01T11:47:00Z,order_service,database_connections_percent,35.07,unknown
2026-10-01T11:47:00Z,payment_service,api_latency_ms,82.64,unknown
2026-10-01T11:47:00Z,payment_service,error_rate_percent,1.58,unknown
2026-10-01T11:47:00Z,payment_service,request_count,120.56,unknown
2026-10-01T11:47:00Z,payment_service,cpu_percent,15.93,unknown
2026-10-01T11:47:00Z,payment_service,memory_percent,47.6,unknown
2026-10-01T11:47:00Z,payment_service,database_connections_percent,39.35,unknown
2026-10-01T11:47:00Z,database,api_latency_ms,15.29,unknown
2026-10-01T11:47:00Z,database,error_rate_percent,0.01,unknown
2026-10-01T11:47:00Z,database,request_count,318.86,unknown
2026-10-01T11:47:00Z,database,cpu_percent,79.65,unknown
2026-10-01T11:47:00Z,database,memory_percent,65.15,unknown
2026-10-01T11:47:00Z,database,database_connections_percent,37.81,unknown
2026-10-01T11:48:00Z,api_gateway,api_latency_ms,66.07,unknown
2026-10-01T11:48:00Z,api_gateway,error_rate_percent,0.76,unknown
2026-10-01T11:48:00Z,api_gateway,request_count,254.59,unknown
2026-10-01T11:48:00Z,api_gateway,cpu_percent,61.47,unknown
2026-10-01T11:48:00Z,api_gateway,memory_percent,42.32,unknown
2026-10-01T11:48:00Z,api_gateway,database_connections_percent,0.15,unknown
2026-10-01T11:48:00Z,order_service,api_latency_ms,43.24,unknown
2026-10-01T11:48:00Z,order_service,error_rate_percent,0.64,unknown
2026-10-01T11:48:00Z,order_service,request_count,170.93,unknown
2026-10-01T11:48:00Z,order_service,cpu_percent,66.46,unknown
2026-10-01T11:48:00Z,order_service,memory_percent,51.97,unknown
2026-10-01T11:48:00Z,order_service,database_connections_percent,34.02,unknown
2026-10-01T11:48:00Z,payment_service,api_latency_ms,68.67,unknown
2026-10-01T11:48:00Z,payment_service,error_rate_percent,1.33,unknown
2026-10-01T11:48:00Z,payment_service,request_count,109.54,unknown
2026-10-01T11:48:00Z,payment_service,cpu_percent,81.72,unknown
2026-10-01T11:48:00Z,payment_service,memory_percent,51.47,unknown
2026-10-01T11:48:00Z,payment_service,database_connections_percent,41.88,unknown
2026-10-01T11:48:00Z,database,api_latency_ms,14.87,unknown
2026-10-01T11:48:00Z,database,error_rate_percent,0.13,unknown
2026-10-01T11:48:00Z,database,request_count,369.74,unknown
2026-10-01T11:48:00Z,database,cpu_percent,54.13,unknown
2026-10-01T11:48:00Z,database,memory_percent,63.03,unknown
2026-10-01T11:48:00Z,database,database_connections_percent,37.92,unknown
2026-10-01T11:49:00Z,api_gateway,api_latency_ms,69.48,unknown
2026-10-01T11:49:00Z,api_gateway,error_rate_percent,0.02,unknown
2026-10-01T11:49:00Z,api_gateway,request_count,238.47,unknown
2026-10-01T11:49:00Z,api_gateway,cpu_percent,29.71,unknown
2026-10-01T11:49:00Z,api_gateway,memory_percent,40.98,unknown
2026-10-01T11:49:00Z,api_gateway,database_connections_percent,0.0,unknown
2026-10-01T11:49:00Z,order_service,api_latency_ms,46.56,unknown
2026-10-01T11:49:00Z,order_service,error_rate_percent,0.45,unknown
2026-10-01T11:49:00Z,order_service,request_count,192.0,unknown
2026-10-01T11:49:00Z,order_service,cpu_percent,68.18,unknown
2026-10-01T11:49:00Z,order_service,memory_percent,48.4,unknown
2026-10-01T11:49:00Z,order_service,database_connections_percent,39.94,unknown
2026-10-01T11:49:00Z,payment_service,api_latency_ms,74.72,unknown
2026-10-01T11:49:00Z,payment_service,error_rate_percent,0.58,unknown
2026-10-01T11:49:00Z,payment_service,request_count,128.07,unknown
2026-10-01T11:49:00Z,payment_service,cpu_percent,50.2,unknown
2026-10-01T11:49:00Z,payment_service,memory_percent,45.72,unknown
2026-10-01T11:49:00Z,payment_service,database_connections_percent,39.32,unknown
2026-10-01T11:49:00Z,database,api_latency_ms,14.24,unknown
2026-10-01T11:49:00Z,database,error_rate_percent,0.1,unknown
2026-10-01T11:49:00Z,database,request_count,323.85,unknown
2026-10-01T11:49:00Z,database,cpu_percent,64.56,unknown
2026-10-01T11:49:00Z,database,memory_percent,56.2,unknown
2026-10-01T11:49:00Z,database,database_connections_percent,37.68,unknown
2026-10-01T11:50:00Z,api_gateway,api_latency_ms,65.22,unknown
2026-10-01T11:50:00Z,api_gateway,error_rate_percent,0.0,unknown
2026-10-01T11:50:00Z,api_gateway,request_count,236.91,unknown
2026-10-01T11:50:00Z,api_gateway,cpu_percent,60.13,unknown
2026-10-01T11:50:00Z,api_gateway,memory_percent,41.16,unknown
2026-10-01T11:50:00Z,api_gateway,database_connections_percent,0.0,unknown
2026-10-01T11:50:00Z,order_service,api_latency_ms,44.76,unknown
2026-10-01T11:50:00Z,order_service,error_rate_percent,0.49,unknown
2026-10-01T11:50:00Z,order_service,request_count,178.05,unknown
2026-10-01T11:50:00Z,order_service,cpu_percent,52.53,unknown
2026-10-01T11:50:00Z,order_service,memory_percent,49.14,unknown
2026-10-01T11:50:00Z,order_service,database_connections_percent,31.35,unknown
2026-10-01T11:50:00Z,payment_service,api_latency_ms,83.89,unknown
2026-10-01T11:50:00Z,payment_service,error_rate_percent,0.57,unknown
2026-10-01T11:50:00Z,payment_service,request_count,131.39,unknown
2026-10-01T11:50:00Z,payment_service,cpu_percent,41.16,unknown
2026-10-01T11:50:00Z,payment_service,memory_percent,50.06,unknown
2026-10-01T11:50:00Z,payment_service,database_connections_percent,40.8,unknown
2026-10-01T11:50:00Z,database,api_latency_ms,15.3,unknown
2026-10-01T11:50:00Z,database,error_rate_percent,0.0,unknown
2026-10-01T11:50:00Z,database,request_count,345.42,unknown
2026-10-01T11:50:00Z,database,cpu_percent,35.01,unknown
2026-10-01T11:50:00Z,database,memory_percent,58.7,unknown
2026-10-01T11:50:00Z,database,database_connections_percent,41.27,unknown
2026-10-01T11:51:00Z,api_gateway,api_latency_ms,62.51,unknown
2026-10-01T11:51:00Z,api_gateway,error_rate_percent,0.01,unknown
2026-10-01T11:51:00Z,api_gateway,request_count,234.81,unknown
2026-10-01T11:51:00Z,api_gateway,cpu_percent,44.08,unknown
2026-10-01T11:51:00Z,api_gateway,memory_percent,42.29,unknown
2026-10-01T11:51:00Z,api_gateway,database_connections_percent,0.0,unknown
2026-10-01T11:51:00Z,order_service,api_latency_ms,44.67,unknown
2026-10-01T11:51:00Z,order_service,error_rate_percent,0.25,unknown
2026-10-01T11:51:00Z,order_service,request_count,178.29,unknown
2026-10-01T11:51:00Z,order_service,cpu_percent,57.08,unknown
2026-10-01T11:51:00Z,order_service,memory_percent,51.45,unknown
2026-10-01T11:51:00Z,order_service,database_connections_percent,37.47,unknown
2026-10-01T11:51:00Z,payment_service,api_latency_ms,77.49,unknown
2026-10-01T11:51:00Z,payment_service,error_rate_percent,0.64,unknown
2026-10-01T11:51:00Z,payment_service,request_count,114.04,unknown
2026-10-01T11:51:00Z,payment_service,cpu_percent,34.18,unknown
2026-10-01T11:51:00Z,payment_service,memory_percent,43.75,unknown
2026-10-01T11:51:00Z,payment_service,database_connections_percent,40.73,unknown
2026-10-01T11:51:00Z,database,api_latency_ms,14.71,unknown
2026-10-01T11:51:00Z,database,error_rate_percent,0.19,unknown
2026-10-01T11:51:00Z,database,request_count,332.91,unknown
2026-10-01T11:51:00Z,database,cpu_percent,47.25,unknown
2026-10-01T11:51:00Z,database,memory_percent,64.17,unknown
2026-10-01T11:51:00Z,database,database_connections_percent,35.42,unknown
2026-10-01T11:52:00Z,api_gateway,api_latency_ms,64.36,unknown
2026-10-01T11:52:00Z,api_gateway,error_rate_percent,0.0,unknown
2026-10-01T11:52:00Z,api_gateway,request_count,245.86,unknown
2026-10-01T11:52:00Z,api_gateway,cpu_percent,61.62,unknown
2026-10-01T11:52:00Z,api_gateway,memory_percent,42.06,unknown
2026-10-01T11:52:00Z,api_gateway,database_connections_percent,0.26,unknown
2026-10-01T11:52:00Z,order_service,api_latency_ms,42.79,unknown
2026-10-01T11:52:00Z,order_service,error_rate_percent,0.0,unknown
2026-10-01T11:52:00Z,order_service,request_count,177.13,unknown
2026-10-01T11:52:00Z,order_service,cpu_percent,62.7,unknown
2026-10-01T11:52:00Z,order_service,memory_percent,50.51,unknown
2026-10-01T11:52:00Z,order_service,database_connections_percent,32.16,unknown
2026-10-01T11:52:00Z,payment_service,api_latency_ms,87.55,unknown
2026-10-01T11:52:00Z,payment_service,error_rate_percent,0.56,unknown
2026-10-01T11:52:00Z,payment_service,request_count,114.98,unknown
2026-10-01T11:52:00Z,payment_service,cpu_percent,37.25,unknown
2026-10-01T11:52:00Z,payment_service,memory_percent,49.08,unknown
2026-10-01T11:52:00Z,payment_service,database_connections_percent,39.29,unknown
2026-10-01T11:52:00Z,database,api_latency_ms,15.02,unknown
2026-10-01T11:52:00Z,database,error_rate_percent,0.41,unknown
2026-10-01T11:52:00Z,database,request_count,338.02,unknown
2026-10-01T11:52:00Z,database,cpu_percent,100.0,unknown
2026-10-01T11:52:00Z,database,memory_percent,59.59,unknown
2026-10-01T11:52:00Z,database,database_connections_percent,39.12,unknown
2026-10-01T11:53:00Z,api_gateway,api_latency_ms,64.65,unknown
2026-10-01T11:53:00Z,api_gateway,error_rate_percent,1.16,unknown
2026-10-01T11:53:00Z,api_gateway,request_count,251.18,unknown
2026-10-01T11:53:00Z,api_gateway,cpu_percent,13.03,unknown
2026-10-01T11:53:00Z,api_gateway,memory_percent,42.62,unknown
2026-10-01T11:53:00Z,api_gateway,database_connections_percent,0.07,unknown
2026-10-01T11:53:00Z,order_service,api_latency_ms,44.36,unknown
2026-10-01T11:53:00Z,order_service,error_rate_percent,0.28,unknown
2026-10-01T11:53:00Z,order_service,request_count,177.68,unknown
2026-10-01T11:53:00Z,order_service,cpu_percent,52.53,unknown
2026-10-01T11:53:00Z,order_service,memory_percent,50.74,unknown
2026-10-01T11:53:00Z,order_service,database_connections_percent,34.58,unknown
2026-10-01T11:53:00Z,payment_service,api_latency_ms,78.36,unknown
2026-10-01T11:53:00Z,payment_service,error_rate_percent,1.63,unknown
2026-10-01T11:53:00Z,payment_service,request_count,120.82,unknown
2026-10-01T11:53:00Z,payment_service,cpu_percent,48.14,unknown
2026-10-01T11:53:00Z,payment_service,memory_percent,54.49,unknown
2026-10-01T11:53:00Z,payment_service,database_connections_percent,39.54,unknown
2026-10-01T11:53:00Z,database,api_latency_ms,15.83,unknown
2026-10-01T11:53:00Z,database,error_rate_percent,0.82,unknown
2026-10-01T11:53:00Z,database,request_count,335.27,unknown
2026-10-01T11:53:00Z,database,cpu_percent,80.81,unknown
2026-10-01T11:53:00Z,database,memory_percent,57.56,unknown
2026-10-01T11:53:00Z,database,database_connections_percent,38.33,unknown
2026-10-01T11:54:00Z,api_gateway,api_latency_ms,60.94,unknown
2026-10-01T11:54:00Z,api_gateway,error_rate_percent,0.23,unknown
2026-10-01T11:54:00Z,api_gateway,request_count,253.36,unknown
2026-10-01T11:54:00Z,api_gateway,cpu_percent,65.6,unknown
2026-10-01T11:54:00Z,api_gateway,memory_percent,40.75,unknown
2026-10-01T11:54:00Z,api_gateway,database_connections_percent,0.0,unknown
2026-10-01T11:54:00Z,order_service,api_latency_ms,44.75,unknown
2026-10-01T11:54:00Z,order_service,error_rate_percent,0.21,unknown
2026-10-01T11:54:00Z,order_service,request_count,192.26,unknown
2026-10-01T11:54:00Z,order_service,cpu_percent,60.49,unknown
2026-10-01T11:54:00Z,order_service,memory_percent,47.24,unknown
2026-10-01T11:54:00Z,order_service,database_connections_percent,36.44,unknown
2026-10-01T11:54:00Z,payment_service,api_latency_ms,80.74,unknown
2026-10-01T11:54:00Z,payment_service,error_rate_percent,0.04,unknown
2026-10-01T11:54:00Z,payment_service,request_count,128.67,unknown
2026-10-01T11:54:00Z,payment_service,cpu_percent,46.18,unknown
2026-10-01T11:54:00Z,payment_service,memory_percent,48.86,unknown
2026-10-01T11:54:00Z,payment_service,database_connections_percent,37.61,unknown
2026-10-01T11:54:00Z,database,api_latency_ms,13.88,unknown
2026-10-01T11:54:00Z,database,error_rate_percent,0.0,unknown
2026-10-01T11:54:00Z,database,request_count,340.46,unknown
2026-10-01T11:54:00Z,database,cpu_percent,57.97,unknown
2026-10-01T11:54:00Z,database,memory_percent,57.24,unknown
2026-10-01T11:54:00Z,database,database_connections_percent,36.93,unknown
